planta,grade,sub_grade,grammage,width,product_sap,2026-06,2026-07,2026-08,2026-09
PCEL,HP2,1,115,2190,942802,101,109,84,112
PCEL,HP2,1,115,2440,942803,142,152,117,157
PCEL,HP2,1,125,2190,1583714,174,186,143,193
PCEL,HP2,1,125,2440,1358116,212,228,175,236
PCEL,HP2,1,155,2190,1672412,230,247,189,255
PCEL,HP2,1,155,2440,1664633,173,185,142,191
PCEL,HP2,1,155,2640,1672496,0,0,0,0
PCEL,HP2,1,155,2790,1672495,0,0,0,0
PCEL,K,1,110,2000,1465604,33,35,27,37
PCEL,K,1,110,2200,1461707,49,52,40,54
PCEL,K,1,110,2450,1460216,74,80,61,82
PCEL,K,1,125,2200,645004,69,74,57,76
PCEL,K,1,125,2450,1167214,53,57,44,59
PCEL,K,1,160,2000,1419847,63,67,52,70
PCEL,K,1,160,2200,1493944,30,32,24,33
PCEL,K,1,225,2000,645271,57,61,47,63
PCEL,KW2,1,125,2200,1169051,55,59,45,61
PCEL,KW2,1,125,2450,737121,67,72,55,74
PCEL,TSL,1,80,2200,1584434,23,25,19,26
PCEL,TSL,1,80,2450,1584435,105,112,86,116
PCEL,TSL,1,100,2200,1080886,0,0,0,0
PCEL,TSL,1,100,2450,1080948,0,0,0,0
PCEL,TSL,1,100,2650,1569822,0,0,0,0
PCEL,TSL,1,125,2200,1584446,94,100,77,104
PCEL,TSL,1,125,2450,1584447,80,86,66,88
PCEL,TSL,1,125,2650,1584439,0,0,0,0
PCEL,TW2000,51,115,2200,1685223,0,0,0,0
PCEL,TW2000,51,115,2450,1685235,0,0,0,0
SALC,HP2,1,115,1990,942800,53,53,49,53
SALC,HP2,1,115,2290,942839,133,135,123,134
SALC,HP2,1,115,2440,942803,165,167,152,166
SALC,HP2,1,125,1990,1583713,81,83,76,84
SALC,HP2,1,125,2290,1583712,146,152,138,153
SALC,HP2,1,125,2440,1358116,139,144,131,145
SALC,HP2,1,155,1990,1672414,59,60,56,60
SALC,HP2,1,155,2290,1672416,169,172,160,172
SALC,HP2,1,155,2440,1664633,165,168,156,168
SALC,HP2,1,155,2500,1695181,0,0,0,0
SALC,K,1,110,2300,1461694,35,36,32,35
SALC,K,1,110,2450,1460216,32,33,29,32
SALC,K,1,200,2300,645132,51,53,47,51
SALC,K,1,225,2300,645325,33,34,31,33
SALC,K,1,225,2450,645355,42,42,41,45
SALC,KW2,1,115,2000,744711,66,68,63,67
SALC,KW2,1,115,2300,1192152,103,106,97,104
SALC,KW2,1,115,2450,644728,214,221,204,223
SALC,KW2,1,160,2300,769273,17,18,16,17
SALC,KW2,1,160,2450,745983,26,26,24,25
SALC,KW2,1,160,2500,989475,0,0,0,0
SALC,RF1,1,80,2440,973813,43,43,40,43
SALC,RF1,1,100,1990,645911,32,33,30,33
SALC,RF1,1,100,2290,646007,199,204,187,203
SALC,RF1,1,100,2350,646031,127,130,120,130
SALC,RF1,1,100,2440,646052,311,321,293,320
SALC,TSL,1,100,2300,1081227,64,65,60,66
SALC,TSL,1,100,2450,1080948,114,117,108,119
SALC,TSL,1,125,2000,1584445,45,45,42,45
SALC,TSL,1,125,2300,1584436,172,175,162,175
SALC,TSL,1,125,2350,1584437,172,175,162,175
SALC,TSL,1,125,2450,1584447,255,260,240,259
SALC,TSL,1,150,2000,942589,35,35,32,35
SALC,TSL,1,150,2300,942591,161,163,150,163
SALC,TSL,1,150,2450,942592,188,191,174,190
SALI,HP2,1,115,1790,942829,0,0,0,0
SALI,HP2,1,115,1850,942830,0,0,0,0
SALI,HP2,1,115,1955,942831,0,0,0,0
SALI,HP2,1,115,2040,942832,0,0,0,0
SALI,HP2,1,115,2150,942833,0,0,0,0
SALI,HP2,1,115,2250,942834,0,0,0,0
SALI,HP2,1,115,2370,942835,0,0,0,0
SALI,HP2,1,115,2440,942803,0,0,0,0
SALI,HP2,1,155,1790,1672417,108,122,49,47
SALI,HP2,1,155,1850,1672418,197,263,174,111
SALI,HP2,1,155,1955,1672419,192,233,60,43
SALI,HP2,1,155,2040,1672491,289,308,81,64
SALI,HP2,1,155,2150,1672492,160,180,79,68
SALI,HP2,1,155,2250,1672493,277,269,68,48
SALI,HP2,1,155,2370,1672494,187,143,42,21
SALI,HP2,1,155,2440,1664633,143,260,83,58
SALI,K,1,110,1800,1321726,26,11,13,13
SALI,K,1,110,1850,1461758,47,38,68,39
SALI,K,1,110,1955,1461742,67,63,114,63
SALI,K,1,110,2050,1501622,46,27,3,3
SALI,K,1,110,2150,1461717,9,8,5,9
SALI,K,1,110,2250,1406737,56,12,14,12
SALI,K,1,110,2370,1461679,37,22,44,24
SALI,K,1,110,2450,1321873,24,6,30,38
SALI,K,1,125,1800,644956,45,39,70,59
SALI,K,1,125,1850,644962,57,69,159,78
SALI,K,1,125,1955,1175141,45,70,34,24
SALI,K,1,125,2050,1167192,116,112,126,85
SALI,K,1,125,2150,644995,51,51,79,52
SALI,K,1,125,2250,1167207,75,82,68,39
SALI,K,1,125,2370,645034,51,47,56,23
SALI,K,1,125,2450,645055,53,105,128,69
SALI,K,1,160,1800,1348498,49,81,72,80
SALI,K,1,160,1850,1473883,67,103,133,84
SALI,K,1,160,1955,1493947,76,91,31,11
SALI,K,1,160,2050,1431104,119,92,74,62
SALI,K,1,160,2150,1476095,76,63,119,81
SALI,K,1,160,2250,1493949,69,61,29,33
SALI,K,1,160,2370,1494060,71,50,22,20
SALI,K,1,160,2450,1311552,44,54,34,27
SALI,K,1,225,1800,645244,36,55,60,58
SALI,K,1,225,1850,645247,70,108,88,72
SALI,K,1,225,1955,645262,74,122,47,16
SALI,K,1,225,2050,744473,198,176,131,108
SALI,K,1,225,2150,645298,75,72,43,66
SALI,K,1,225,2250,645316,134,155,73,36
SALI,K,1,225,2370,645340,118,126,55,24
SALI,K,1,225,2450,645355,68,121,95,36
SALI,KW2,1,115,1850,744688,0,0,0,0
SALI,KW2,1,115,1955,1455852,0,0,0,0
SALI,KW2,1,115,2250,1168953,0,0,0,0
SALI,RF1,1,100,2440,646052,34,55,4,9
SALI,SF1,1,160,1790,1084307,71,84,227,177
SALI,SF1,1,160,1850,980032,154,217,548,273
SALI,SF1,1,160,1955,1084644,114,169,166,80
SALI,SF1,1,160,2040,1084742,250,253,383,332
SALI,SF1,1,160,2150,1060448,104,109,269,218
SALI,SF1,1,160,2250,980033,190,190,279,167
SALI,SF1,1,160,2370,1084743,182,191,242,97
SALI,SF1,1,160,2440,1084747,113,160,330,134
SALM,HP2,1,115,1790,942829,0,15,8,13
SALM,HP2,1,115,1850,942830,0,0,0,0
SALM,HP2,1,115,1955,942831,0,0,0,0
SALM,HP2,1,115,2040,942832,0,0,0,0
SALM,HP2,1,115,2150,942833,0,0,0,0
SALM,HP2,1,115,2250,942834,0,0,0,0
SALM,HP2,1,115,2370,942835,0,0,0,0
SALM,HP2,1,115,2440,942803,0,0,0,0
SALM,HP2,1,155,1790,1672417,25,48,29,76
SALM,HP2,1,155,1850,1672418,98,132,64,197
SALM,HP2,1,155,1955,1672419,116,117,82,141
SALM,HP2,1,155,2040,1672491,54,91,40,139
SALM,HP2,1,155,2150,1672492,69,73,51,121
SALM,HP2,1,155,2250,1672493,58,114,53,64
SALM,HP2,1,155,2370,1672494,96,85,73,27
SALM,HP2,1,155,2440,1664633,95,61,44,54
SALM,K,1,110,1800,1321726,8,21,26,19
SALM,K,1,110,1850,1461758,25,39,18,42
SALM,K,1,110,1955,1461742,35,24,20,38
SALM,K,1,110,2050,1501622,38,44,32,73
SALM,K,1,110,2150,1461717,31,35,18,44
SALM,K,1,110,2250,1406737,27,24,15,30
SALM,K,1,110,2450,1321873,44,26,7,20
SALM,K,1,160,1800,1348498,20,37,33,41
SALM,K,1,160,1850,1473883,31,74,27,79
SALM,K,1,160,1955,1493947,70,86,66,88
SALM,K,1,160,2050,1431104,49,95,48,104
SALM,K,1,160,2150,1476095,16,32,26,40
SALM,K,1,160,2250,1493949,34,54,30,36
SALM,K,1,160,2370,1494060,42,40,23,22
SALM,K,1,160,2450,1311552,26,36,20,26
SALM,K,1,225,1800,645244,35,63,40,56
SALM,K,1,225,1850,645247,90,100,56,120
SALM,K,1,225,1955,645262,108,100,68,173
SALM,K,1,225,2050,744473,109,168,85,245
SALM,K,1,225,2150,645298,89,102,95,175
SALM,K,1,225,2250,645316,79,97,50,92
SALM,K,1,225,2370,645340,85,73,40,42
SALM,K,1,225,2450,645355,72,70,36,60
SALM,K,1,275,1955,645504,27,32,30,56
SALM,KW2,1,115,1850,744688,24,17,11,42
SALM,SF1,1,160,1790,1084307,34,66,45,57
SALM,SF1,1,160,1850,980032,103,176,90,127
SALM,SF1,1,160,1955,1084644,204,185,142,225
SALM,SF1,1,160,2040,1084742,65,123,80,302
SALM,SF1,1,160,2150,1060448,103,121,90,255
SALM,SF1,1,160,2250,980033,126,130,60,105
SALM,SF1,1,160,2370,1084743,105,122,80,76
SALM,SF1,1,160,2440,1084747,166,109,51,73
SBUR,HP2,1,105,2090,1286757,41,43,38,42
SBUR,HP2,1,105,2440,1286737,47,49,43,48
SBUR,HP2,1,105,2640,1456346,55,57,51,56
SBUR,HP2,1,105,2790,1445905,54,56,49,54
SBUR,HP2,1,115,2090,942801,47,49,41,41
SBUR,HP2,1,115,2440,942803,66,69,59,59
SBUR,HP2,1,115,2640,1456466,147,154,130,130
SBUR,HP2,1,115,2790,1445920,195,204,172,172
SBUR,HP2,1,125,2090,1583551,47,51,45,48
SBUR,HP2,1,125,2440,1358116,135,146,127,139
SBUR,HP2,1,127,2640,1691721,0,0,0,0
SBUR,HP2,1,127,2790,1691722,0,0,0,0
SBUR,HP2,1,155,2090,1672415,155,169,150,143
SBUR,HP2,1,155,2440,1664633,152,166,147,140
SBUR,HP2,1,155,2640,1672496,326,356,317,301
SBUR,HP2,1,155,2790,1672495,427,466,415,394
SBUR,K,1,125,2650,1148010,21,23,21,24
SBUR,K,1,125,2800,645082,37,38,35,40
SBUR,K,1,160,2650,1494008,37,38,31,36
SBUR,K,1,160,2800,1494080,46,47,38,45
SBUR,K,1,225,2650,1354050,33,41,33,40
SBUR,K,1,225,2800,1353908,14,17,14,17
SBUR,KS,257,165,2100,1348628,2,2,2,2
SBUR,KS,257,165,2650,1467403,59,61,55,58
SBUR,KS,257,165,2800,1502401,65,67,61,64
SBUR,KS,257,215,2450,1454661,21,22,20,21
SBUR,KS,257,215,2650,1475569,41,42,38,40
SBUR,KS,257,215,2800,1475568,53,54,49,52
SBUR,KW2,1,115,2450,644728,21,21,18,19
SBUR,KW2,1,115,2650,1404037,13,13,11,12
SBUR,KW2,1,115,2800,1283512,18,18,16,17
SBUR,KW2,1,125,2100,737119,64,70,61,65
SBUR,KW2,1,125,2450,737464,96,105,91,98
SBUR,KW2,1,125,2650,1353909,107,117,101,109
SBUR,KW2,1,125,2800,1264217,121,132,114,123
SBUR,RF1,1,100,2090,645950,62,67,58,58
SBUR,RF1,1,100,2440,646052,252,272,236,235
SBUR,RF1,1,100,2640,1495962,212,229,198,198
SBUR,RF1,1,100,2790,736486,276,298,258,257
SBUR,THP,1,125,2100,1362629,36,39,34,34
SBUR,THP,1,125,2450,1352542,171,187,161,161
SBUR,THP,1,125,2650,1362635,262,286,246,246
SBUR,THP,1,125,2800,1362636,355,388,333,333
SBUR,TSL,1,80,2450,1584435,45,45,35,49
SBUR,TSL,1,80,2650,1584430,27,27,21,30
SBUR,TSL,1,80,2800,1584431,47,47,37,51
SBUR,TSL,1,100,2450,1080948,47,50,43,47
SBUR,TSL,1,100,2650,1569822,50,53,45,50
SBUR,TSL,1,100,2800,1476486,90,94,81,89
SBUR,TSL,1,150,2100,942618,48,43,41,43
SBUR,TSL,1,150,2650,1456476,53,48,46,48
SBUR,TSL,1,150,2800,1445811,62,56,54,56
SBUR,TWTC2,51,115,2450,1445751,37,40,37,39
SBUR,TWTC2,51,115,2650,1456564,33,36,33,35
SCAN,HP1,1,190,2090,1294871,0,0,0,0
SCAN,HP1,1,190,2290,1294872,0,0,0,0
SCAN,HP1,1,190,2440,1420972,0,0,0,0
SCAN,HP2,1,105,2090,1286757,0,0,0,0
SCAN,HP2,1,105,2290,1286761,0,0,0,0
SCAN,HP2,1,105,2440,1286737,0,0,0,0
SCAN,HP2,1,125,2090,1583551,0,0,0,0
SCAN,HP2,1,125,2290,1583712,0,0,0,0
SCAN,HP2,1,125,2440,1358116,0,0,0,0
SCAN,HP2,1,155,2090,1672415,0,0,0,0
SCAN,HP2,1,155,2290,1672416,0,0,0,0
SCAN,HP2,1,155,2440,1664633,0,0,0,0
SCAN,K,1,110,2100,1321729,0,0,0,0
SCAN,K,1,110,2300,1461694,0,0,0,0
SCAN,K,1,110,2450,1460216,0,0,0,0
SCAN,K,1,160,2100,1472401,0,0,0,0
SCAN,K,1,160,2300,1494097,0,0,0,0
SCAN,K,1,160,2450,1493946,0,0,0,0
SCAN,KW2,1,115,2100,1168949,0,0,0,0
SCAN,KW2,1,115,2300,1168954,0,0,0,0
SCAN,KW2,1,115,2450,1168958,0,0,0,0
SCAN,KW2,1,160,2450,1169288,0,0,0,0
SCAN,THP,1,125,2100,1362629,0,0,0,0
SCAN,THP,1,125,2300,1362633,0,0,0,0
SCAN,THP,1,125,2450,1352542,0,0,0,0
SCAN,TSL,1,80,2100,1584329,0,0,0,0
SCAN,TSL,1,80,2300,1584328,0,0,0,0
SCAN,TSL,1,80,2450,1584435,0,0,0,0
SCAN,TSL,1,100,2100,1081145,0,0,0,0
SCAN,TSL,1,100,2300,1081227,0,0,0,0
SCAN,TSL,1,100,2450,1080948,0,0,0,0
SCAN,TSL,1,150,2450,942592,0,0,0,0
SCOC,HP2,1,125,2190,1583714,219,234,180,210
SCOC,HP2,1,125,2290,1583712,60,51,55,55
SCOC,HP2,1,125,2440,1358116,240,233,180,244
SCOC,HP2,1,127,2640,1691721,0,0,0,0
SCOC,HP2,1,127,2790,1691722,0,0,0,0
SCOC,HP2,1,155,2190,1672412,117,156,93,91
SCOC,HP2,1,155,2440,1664633,112,136,83,98
SCOC,HP2,1,155,2640,1672496,63,78,41,51
SCOC,HP2,1,155,2790,1672495,90,88,83,88
SCOC,K,1,135,2200,1167388,30,40,30,31
SCOC,K,1,135,2450,1167400,92,85,65,80
SCOC,K,1,135,2650,1148011,110,85,65,60
SCOC,K,1,135,2800,882091,38,29,35,34
SCOC,K,1,160,2200,1493944,62,56,46,39
SCOC,K,1,160,2450,1493946,36,25,35,33
SCOC,K,1,160,2650,1494008,28,35,13,30
SCOC,K,1,160,2800,1494080,25,15,22,26
SCOC,KW2,1,115,2200,1168951,0,0,0,0
SCOC,KW2,1,115,2450,1168958,0,0,0,0
SCOC,KW2,1,115,2650,1697465,0,0,0,0
SCOC,KW2,1,115,2800,1568776,0,0,0,0
SCOC,KW2,1,160,2200,1169284,32,38,23,33
SCOC,TSL,1,80,2200,1584434,100,134,90,100
SCOC,TSL,1,80,2300,1584328,68,70,56,68
SCOC,TSL,1,80,2450,1584435,180,190,110,175
SCOC,TSL,1,80,2650,1584430,140,150,100,130
SCOC,TSL,1,80,2800,1584431,79,105,107,89
SCOC,TSL,1,100,2200,1080886,85,95,61,88
SCOC,TSL,1,100,2300,1081227,50,50,35,40
SCOC,TSL,1,100,2450,1080948,100,124,80,99
SCOC,TSL,1,100,2650,1569822,66,75,63,78
SCOC,TSL,1,100,2800,1476486,75,87,82,91
SCOC,TSL,1,110,2200,942581,98,105,85,115
SCOC,TSL,1,110,2450,942582,107,113,90,120
SCOC,TSL,1,110,2650,1456474,85,88,69,98
SCOC,TSL,1,110,2800,1445818,93,98,84,111
SCOC,TSL,1,125,2200,1584446,130,112,90,109
SCOC,TSL,1,125,2300,1584436,50,41,35,50
SCOC,TSL,1,125,2450,1584447,235,210,170,187
SCOC,TSL,1,125,2650,1584439,150,200,150,130
SCOC,TSL,1,125,2800,1584440,173,211,163,170
SCOC,TWTC2,51,115,2200,1446616,32,46,32,42
SCOC,TWTC2,51,115,2450,1445751,50,60,50,62
SCOC,TWTC2,51,115,2650,1456564,51,63,51,50
SCOC,TWTC2,51,115,2800,1445755,53,63,52,90
SCVA,HP1,1,190,1790,1285450,53,43,38,49
SCVA,HP1,1,190,1990,1290921,52,42,37,48
SCVA,HP1,1,190,2290,1294872,52,41,37,47
SCVA,HP1,1,190,2440,1420972,53,42,38,49
SCVA,HP2,1,105,2290,1286761,38,31,27,35
SCVA,HP2,1,105,2440,1286737,47,37,33,43
SCVA,HP2,1,115,2290,942839,49,39,35,45
SCVA,HP2,1,115,2440,942803,61,48,43,56
SCVA,HP2,1,125,1790,1583554,52,42,37,48
SCVA,HP2,1,125,1990,1583713,55,44,39,50
SCVA,HP2,1,125,2290,1583712,184,147,131,168
SCVA,HP2,1,125,2440,1358116,288,231,208,265
SCVA,HP2,1,155,1790,1672417,65,53,47,60
SCVA,HP2,1,155,1990,1672414,66,54,48,62
SCVA,HP2,1,155,2290,1672416,151,120,108,138
SCVA,HP2,1,155,2440,1664633,155,125,110,144
SCVA,K,1,160,1800,1348498,40,32,29,37
SCVA,K,1,160,2300,1494097,43,34,31,39
SCVA,K,1,160,2450,1493946,79,63,56,72
SCVA,K,1,225,1800,645244,34,27,24,31
SCVA,K,1,225,2300,1168278,30,24,21,27
SCVA,K,1,225,2450,1168283,70,56,50,64
SCVA,K,1,275,1800,645488,25,20,18,23
SCVA,K,1,275,2300,1168455,32,25,23,29
SCVA,K,1,275,2450,1168464,72,58,51,66
SCVA,K,1,400,2000,645844,45,36,32,41
SCVA,K,1,400,2300,645874,183,146,131,168
SCVA,K,1,400,2450,645898,95,76,68,87
SCVA,K,1,430,1800,1142344,44,35,32,40
SCVA,K,1,430,2000,989142,43,35,31,40
SCVA,K,1,430,2450,1131849,21,17,15,19
SCVA,RF1,1,80,2090,744462,31,25,22,29
SCVA,RF1,1,80,2290,1474173,78,62,56,72
SCVA,RF1,1,80,2440,973813,92,73,65,84
SCVA,RF1,1,100,2290,646007,85,68,61,78
SCVA,RF1,1,100,2440,646052,121,97,86,111
SCVA,TSL,1,110,2300,942616,45,36,32,41
SCVA,TSL,1,110,2450,942582,30,24,22,28
SCVA,TSL,1,125,2000,1584445,35,28,25,32
SCVA,TSL,1,125,2100,1584438,26,21,18,24
SCVA,TSL,1,125,2300,1584436,138,110,99,127
SCVA,TSL,1,125,2450,1584447,203,162,145,186
SCVA,TSL,1,150,2300,942591,47,37,33,43
SCVA,TSL,1,150,2450,942592,72,58,51,66
SPAL,HP2,1,115,1790,942829,138,132,123,145
SPAL,HP2,1,115,1990,942800,151,156,130,177
SPAL,HP2,1,115,2090,942801,143,124,128,207
SPAL,HP2,1,115,2290,942839,91,117,71,246
SPAL,HP2,1,115,2440,942803,157,136,113,227
SPAL,HP2,1,155,1790,1672417,147,136,130,81
SPAL,HP2,1,155,1990,1672414,180,184,143,144
SPAL,HP2,1,155,2090,1672415,150,139,104,114
SPAL,HP2,1,155,2290,1672416,193,218,140,152
SPAL,HP2,1,155,2440,1664633,228,226,184,154
SPAL,K,1,110,1800,1321726,68,79,57,36
SPAL,K,1,135,2000,645112,86,72,63,45
SPAL,K,1,135,2100,645118,41,33,22,32
SPAL,K,1,135,2300,645133,27,18,20,26
SPAL,K,1,135,2450,645142,37,45,28,27
SPAL,K,1,160,1800,1348498,65,79,54,36
SPAL,K,1,160,2000,1419847,56,55,28,25
SPAL,K,1,160,2100,1472401,34,30,33,15
SPAL,K,1,160,2300,1494098,60,74,60,33
SPAL,K,1,160,2450,1311552,62,76,45,39
SPAL,K,1,225,1800,645244,91,60,63,12
SPAL,K,1,225,2000,645271,32,45,45,85
SPAL,K,1,225,2100,645289,63,49,29,20
SPAL,K,1,225,2300,645325,38,31,24,19
SPAL,K,1,225,2450,645355,60,34,20,65
SPAL,K,1,275,2300,645558,25,45,17,24
SPAL,KS,257,215,2100,1475566,0,0,0,0
SPAL,KW2,1,115,2000,744711,29,32,27,28
SPAL,KW2,1,115,2100,744713,36,26,23,28
SPAL,KW2,1,115,2300,1192152,48,57,38,39
SPAL,KW2,1,115,2450,644728,43,47,42,44
SPAL,TSL,1,80,2000,1584433,28,23,23,21
SPAL,TSL,1,100,1800,1080949,66,119,72,44
SPAL,TSL,1,100,2000,1081246,43,50,52,41
SPAL,TSL,1,100,2100,1081145,139,105,122,44
SPAL,TSL,1,100,2300,1081227,132,120,122,84
SPAL,TSL,1,100,2450,1080948,110,93,71,84
SPAL,TSL,1,125,1800,1584854,81,102,61,15
SPAL,TSL,1,125,2000,1584445,136,118,90,30
SPAL,TSL,1,125,2100,1584438,109,110,121,27
SPAL,TSL,1,125,2300,1584436,144,154,116,46
SPAL,TSL,1,125,2450,1584447,134,133,110,34
SPAL,TWTC2,51,115,1800,1446615,47,63,46,41
SPAL,TWTC2,51,115,2100,1445750,63,52,62,33
SPAL,TWTC2,51,115,2300,1446614,47,47,41,52
SPAL,TWTC2,51,115,2450,1445751,48,37,28,43
SQUA,HP2,1,105,2190,1286759,48,49,41,43
SQUA,HP2,1,105,2440,1286737,42,43,36,37
SQUA,HP2,1,115,1990,942800,37,35,30,33
SQUA,HP2,1,115,2190,942802,66,62,55,59
SQUA,HP2,1,115,2440,942803,98,92,81,87
SQUA,HP2,1,115,2640,1456466,66,63,55,59
SQUA,HP2,1,115,2790,1445920,155,146,128,138
SQUA,HP2,1,125,1990,1583713,83,84,71,77
SQUA,HP2,1,125,2190,1583714,254,255,215,235
SQUA,HP2,1,125,2440,1358116,186,187,158,172
SQUA,HP2,1,127,2640,1691721,0,0,0,0
SQUA,HP2,1,127,2790,1691722,0,0,0,0
SQUA,HP2,1,155,1990,1672414,119,129,104,115
SQUA,HP2,1,155,2190,1672412,191,207,167,184
SQUA,HP2,1,155,2440,1664633,220,238,192,211
SQUA,HP2,1,155,2640,1672496,122,132,107,117
SQUA,HP2,1,155,2790,1672495,228,246,199,219
SQUA,K,1,125,2200,645004,21,22,18,22
SQUA,K,1,160,2000,1419847,20,23,17,20
SQUA,K,1,160,2200,1293486,59,65,50,57
SQUA,K,1,160,2450,1311552,52,58,45,51
SQUA,KS,257,195,2000,1348642,47,50,40,43
SQUA,KS,257,195,2200,1348644,103,108,87,95
SQUA,KS,257,195,2450,1348645,41,43,35,38
SQUA,KS,257,245,2650,1595584,83,87,72,80
SQUA,KS,257,245,2800,1595585,44,46,38,43
SQUA,KW2,1,115,2000,744711,54,52,46,48
SQUA,KW2,1,115,2200,644725,80,77,68,71
SQUA,KW2,1,115,2450,644728,75,72,63,67
SQUA,KW2,1,115,2650,1404037,69,67,59,62
SQUA,KW2,1,115,2800,1283512,98,94,83,87
SQUA,KW2,1,160,2200,911930,56,55,52,55
SQUA,KW2,1,160,2650,1430392,23,23,22,23
SQUA,KW2,1,160,2800,1283513,30,29,28,30
SQUA,RF1,1,80,1990,745353,26,27,24,26
SQUA,RF1,1,80,2190,648654,79,81,73,78
SQUA,RF1,1,80,2440,973813,79,82,73,79
SQUA,RF1,1,100,1990,645911,34,34,30,30
SQUA,RF1,1,100,2190,645977,141,142,125,125
SQUA,RF1,1,100,2440,646052,134,135,120,119
SQUA,RF1,1,100,2640,1495962,119,120,106,106
SQUA,RF1,1,100,2790,736486,147,148,131,130
SQUA,T1,1,250,2000,1342172,30,31,26,29
SQUA,T1,1,250,2200,1262848,83,87,72,80
SQUA,T1,1,250,2450,1262850,95,99,82,91
SQUA,TSL,1,100,2650,1569822,46,40,36,35
SQUA,TSL,1,100,2800,1476486,42,37,33,32
SQUA,TSL,1,125,2200,1584446,100,105,89,92
SQUA,TSL,1,125,2450,1584447,92,96,82,85
SQUA,TSL,1,125,2650,1584439,66,69,59,60
SQUA,TSL,1,125,2800,1584440,205,214,182,188
SQUA,TSL,1,150,2200,942590,16,17,19,16
SVIG,HP2,1,115,2190,942802,112,107,101,91
SVIG,HP2,1,115,2440,942803,94,91,85,77
SVIG,HP2,1,125,2190,1583714,135,130,122,111
SVIG,HP2,1,125,2440,1358116,135,130,122,111
SVIG,HP2,1,155,2190,1672412,171,157,156,176
SVIG,HP2,1,155,2440,1664633,108,100,98,111
SVIG,K,1,110,2200,1461707,78,74,65,75
SVIG,K,1,110,2450,1460216,84,81,71,81
SVIG,K,1,125,2450,1167214,0,0,0,0
SVIG,KS,257,165,2450,1348640,49,42,42,31
SVIG,KS,257,215,2200,1513566,43,37,37,28
SVIG,KS,257,215,2450,1454661,51,44,44,33
SVIG,KW2,1,115,2200,1168951,36,35,29,37
SVIG,KW2,1,115,2450,1168958,51,49,41,52
SVIG,TSL,1,80,2200,1584434,19,51,43,38
SVIG,TSL,1,80,2300,1584328,0,0,0,0
SVIG,TSL,1,80,2450,1584435,40,106,89,80
SVIG,TSL,1,100,2000,1081246,0,0,0,0
SVIG,TSL,1,100,2200,1080886,18,50,42,37
SVIG,TSL,1,100,2450,1080948,22,58,48,43
SVIG,TSL,1,125,2000,1584445,0,0,0,0
SVIG,TSL,1,125,2200,1584446,122,84,71,102
SVIG,TSL,1,125,2450,1584447,134,92,78,112
SVIG,TSL,1,150,2200,942590,76,52,44,64
SVIG,TWTC2,51,115,2200,1446616,44,49,36,52
SVIG,TWTC2,51,115,2450,1445751,52,57,41,60
