planta,mes,sku_planner,product_sap,forecast_to
PCEL,2026-06,HP2/01/115gsm/2190mm,942802,101
PCEL,2026-07,HP2/01/115gsm/2190mm,942802,109
PCEL,2026-08,HP2/01/115gsm/2190mm,942802,84
PCEL,2026-09,HP2/01/115gsm/2190mm,942802,112
PCEL,2026-06,HP2/01/115gsm/2440mm,942803,142
PCEL,2026-07,HP2/01/115gsm/2440mm,942803,152
PCEL,2026-08,HP2/01/115gsm/2440mm,942803,117
PCEL,2026-09,HP2/01/115gsm/2440mm,942803,157
PCEL,2026-06,HP2/01/125gsm/2190mm,1583714,174
PCEL,2026-07,HP2/01/125gsm/2190mm,1583714,186
PCEL,2026-08,HP2/01/125gsm/2190mm,1583714,143
PCEL,2026-09,HP2/01/125gsm/2190mm,1583714,193
PCEL,2026-06,HP2/01/125gsm/2440mm,1358116,212
PCEL,2026-07,HP2/01/125gsm/2440mm,1358116,228
PCEL,2026-08,HP2/01/125gsm/2440mm,1358116,175
PCEL,2026-09,HP2/01/125gsm/2440mm,1358116,236
PCEL,2026-06,HP2/01/155gsm/2190mm,1672412,230
PCEL,2026-07,HP2/01/155gsm/2190mm,1672412,247
PCEL,2026-08,HP2/01/155gsm/2190mm,1672412,189
PCEL,2026-09,HP2/01/155gsm/2190mm,1672412,255
PCEL,2026-06,HP2/01/155gsm/2440mm,1664633,173
PCEL,2026-07,HP2/01/155gsm/2440mm,1664633,185
PCEL,2026-08,HP2/01/155gsm/2440mm,1664633,142
PCEL,2026-09,HP2/01/155gsm/2440mm,1664633,191
PCEL,2026-06,HP2/01/155gsm/2640mm,1672496,
PCEL,2026-07,HP2/01/155gsm/2640mm,1672496,
PCEL,2026-08,HP2/01/155gsm/2640mm,1672496,
PCEL,2026-09,HP2/01/155gsm/2640mm,1672496,
PCEL,2026-06,HP2/01/155gsm/2790mm,1672495,
PCEL,2026-07,HP2/01/155gsm/2790mm,1672495,
PCEL,2026-08,HP2/01/155gsm/2790mm,1672495,
PCEL,2026-09,HP2/01/155gsm/2790mm,1672495,
PCEL,2026-06,K/01/110gsm/2000mm,1465604,33
PCEL,2026-07,K/01/110gsm/2000mm,1465604,35
PCEL,2026-08,K/01/110gsm/2000mm,1465604,27
PCEL,2026-09,K/01/110gsm/2000mm,1465604,37
PCEL,2026-06,K/01/110gsm/2200mm,1461707,49
PCEL,2026-07,K/01/110gsm/2200mm,1461707,52
PCEL,2026-08,K/01/110gsm/2200mm,1461707,40
PCEL,2026-09,K/01/110gsm/2200mm,1461707,54
PCEL,2026-06,K/01/110gsm/2450mm,1460216,74
PCEL,2026-07,K/01/110gsm/2450mm,1460216,80
PCEL,2026-08,K/01/110gsm/2450mm,1460216,61
PCEL,2026-09,K/01/110gsm/2450mm,1460216,82
PCEL,2026-06,K/01/125gsm/2200mm,645004,69
PCEL,2026-07,K/01/125gsm/2200mm,645004,74
PCEL,2026-08,K/01/125gsm/2200mm,645004,57
PCEL,2026-09,K/01/125gsm/2200mm,645004,76
PCEL,2026-06,K/01/125gsm/2450mm,1167214,53
PCEL,2026-07,K/01/125gsm/2450mm,1167214,57
PCEL,2026-08,K/01/125gsm/2450mm,1167214,44
PCEL,2026-09,K/01/125gsm/2450mm,1167214,59
PCEL,2026-06,K/01/160gsm/2000mm,1419847,63
PCEL,2026-07,K/01/160gsm/2000mm,1419847,67
PCEL,2026-08,K/01/160gsm/2000mm,1419847,52
PCEL,2026-09,K/01/160gsm/2000mm,1419847,70
PCEL,2026-06,K/01/160gsm/2200mm,1493944,30
PCEL,2026-07,K/01/160gsm/2200mm,1493944,32
PCEL,2026-08,K/01/160gsm/2200mm,1493944,24
PCEL,2026-09,K/01/160gsm/2200mm,1493944,33
PCEL,2026-06,K/01/225gsm/2000mm,645271,57
PCEL,2026-07,K/01/225gsm/2000mm,645271,61
PCEL,2026-08,K/01/225gsm/2000mm,645271,47
PCEL,2026-09,K/01/225gsm/2000mm,645271,63
PCEL,2026-06,KW2/01/125gsm/2200mm,1169051,55
PCEL,2026-07,KW2/01/125gsm/2200mm,1169051,59
PCEL,2026-08,KW2/01/125gsm/2200mm,1169051,45
PCEL,2026-09,KW2/01/125gsm/2200mm,1169051,61
PCEL,2026-06,KW2/01/125gsm/2450mm,737121,67
PCEL,2026-07,KW2/01/125gsm/2450mm,737121,72
PCEL,2026-08,KW2/01/125gsm/2450mm,737121,55
PCEL,2026-09,KW2/01/125gsm/2450mm,737121,74
PCEL,2026-06,TSL/01/100gsm/2200mm,1080886,
PCEL,2026-07,TSL/01/100gsm/2200mm,1080886,
PCEL,2026-08,TSL/01/100gsm/2200mm,1080886,
PCEL,2026-09,TSL/01/100gsm/2200mm,1080886,
PCEL,2026-06,TSL/01/100gsm/2450mm,1080948,
PCEL,2026-07,TSL/01/100gsm/2450mm,1080948,
PCEL,2026-08,TSL/01/100gsm/2450mm,1080948,
PCEL,2026-09,TSL/01/100gsm/2450mm,1080948,
PCEL,2026-06,TSL/01/100gsm/2650mm,1569822,
PCEL,2026-07,TSL/01/100gsm/2650mm,1569822,
PCEL,2026-08,TSL/01/100gsm/2650mm,1569822,
PCEL,2026-09,TSL/01/100gsm/2650mm,1569822,
PCEL,2026-06,TSL/01/125gsm/2200mm,1584446,94
PCEL,2026-07,TSL/01/125gsm/2200mm,1584446,100
PCEL,2026-08,TSL/01/125gsm/2200mm,1584446,77
PCEL,2026-09,TSL/01/125gsm/2200mm,1584446,104
PCEL,2026-06,TSL/01/125gsm/2450mm,1584447,80
PCEL,2026-07,TSL/01/125gsm/2450mm,1584447,86
PCEL,2026-08,TSL/01/125gsm/2450mm,1584447,66
PCEL,2026-09,TSL/01/125gsm/2450mm,1584447,88
PCEL,2026-06,TSL/01/125gsm/2650mm,1584439,
PCEL,2026-07,TSL/01/125gsm/2650mm,1584439,
PCEL,2026-08,TSL/01/125gsm/2650mm,1584439,
PCEL,2026-09,TSL/01/125gsm/2650mm,1584439,
PCEL,2026-06,TSL/01/80gsm/2200mm,1584434,23
PCEL,2026-07,TSL/01/80gsm/2200mm,1584434,25
PCEL,2026-08,TSL/01/80gsm/2200mm,1584434,19
PCEL,2026-09,TSL/01/80gsm/2200mm,1584434,26
PCEL,2026-06,TSL/01/80gsm/2450mm,1584435,105
PCEL,2026-07,TSL/01/80gsm/2450mm,1584435,112
PCEL,2026-08,TSL/01/80gsm/2450mm,1584435,86
PCEL,2026-09,TSL/01/80gsm/2450mm,1584435,116
PCEL,2026-06,TW2000/51/115gsm/2200mm,1685223,
PCEL,2026-07,TW2000/51/115gsm/2200mm,1685223,
PCEL,2026-08,TW2000/51/115gsm/2200mm,1685223,
PCEL,2026-09,TW2000/51/115gsm/2200mm,1685223,
PCEL,2026-06,TW2000/51/115gsm/2450mm,1685235,
PCEL,2026-07,TW2000/51/115gsm/2450mm,1685235,
PCEL,2026-08,TW2000/51/115gsm/2450mm,1685235,
PCEL,2026-09,TW2000/51/115gsm/2450mm,1685235,
SALC,2026-06,HP2/01/115gsm/1990mm,942800,53
SALC,2026-07,HP2/01/115gsm/1990mm,942800,53
SALC,2026-08,HP2/01/115gsm/1990mm,942800,49
SALC,2026-09,HP2/01/115gsm/1990mm,942800,53
SALC,2026-06,HP2/01/115gsm/2290mm,942839,133
SALC,2026-07,HP2/01/115gsm/2290mm,942839,135
SALC,2026-08,HP2/01/115gsm/2290mm,942839,123
SALC,2026-09,HP2/01/115gsm/2290mm,942839,134
SALC,2026-06,HP2/01/115gsm/2440mm,942803,165
SALC,2026-07,HP2/01/115gsm/2440mm,942803,167
SALC,2026-08,HP2/01/115gsm/2440mm,942803,152
SALC,2026-09,HP2/01/115gsm/2440mm,942803,166
SALC,2026-06,HP2/01/125gsm/1990mm,1583713,81
SALC,2026-07,HP2/01/125gsm/1990mm,1583713,83
SALC,2026-08,HP2/01/125gsm/1990mm,1583713,76
SALC,2026-09,HP2/01/125gsm/1990mm,1583713,84
SALC,2026-06,HP2/01/125gsm/2290mm,1583712,146
SALC,2026-07,HP2/01/125gsm/2290mm,1583712,152
SALC,2026-08,HP2/01/125gsm/2290mm,1583712,138
SALC,2026-09,HP2/01/125gsm/2290mm,1583712,153
SALC,2026-06,HP2/01/125gsm/2440mm,1358116,139
SALC,2026-07,HP2/01/125gsm/2440mm,1358116,144
SALC,2026-08,HP2/01/125gsm/2440mm,1358116,131
SALC,2026-09,HP2/01/125gsm/2440mm,1358116,145
SALC,2026-06,HP2/01/155gsm/1990mm,1672414,59
SALC,2026-07,HP2/01/155gsm/1990mm,1672414,60
SALC,2026-08,HP2/01/155gsm/1990mm,1672414,56
SALC,2026-09,HP2/01/155gsm/1990mm,1672414,60
SALC,2026-06,HP2/01/155gsm/2290mm,1672416,169
SALC,2026-07,HP2/01/155gsm/2290mm,1672416,172
SALC,2026-08,HP2/01/155gsm/2290mm,1672416,160
SALC,2026-09,HP2/01/155gsm/2290mm,1672416,172
SALC,2026-06,HP2/01/155gsm/2440mm,1664633,165
SALC,2026-07,HP2/01/155gsm/2440mm,1664633,168
SALC,2026-08,HP2/01/155gsm/2440mm,1664633,156
SALC,2026-09,HP2/01/155gsm/2440mm,1664633,168
SALC,2026-06,HP2/01/155gsm/2500mm,1695181,
SALC,2026-07,HP2/01/155gsm/2500mm,1695181,
SALC,2026-08,HP2/01/155gsm/2500mm,1695181,
SALC,2026-09,HP2/01/155gsm/2500mm,1695181,
SALC,2026-06,K/01/110gsm/2300mm,1461694,35
SALC,2026-07,K/01/110gsm/2300mm,1461694,36
SALC,2026-08,K/01/110gsm/2300mm,1461694,32
SALC,2026-09,K/01/110gsm/2300mm,1461694,35
SALC,2026-06,K/01/110gsm/2450mm,1460216,32
SALC,2026-07,K/01/110gsm/2450mm,1460216,33
SALC,2026-08,K/01/110gsm/2450mm,1460216,29
SALC,2026-09,K/01/110gsm/2450mm,1460216,32
SALC,2026-06,K/01/200gsm/2300mm,645132,51
SALC,2026-07,K/01/200gsm/2300mm,645132,53
SALC,2026-08,K/01/200gsm/2300mm,645132,47
SALC,2026-09,K/01/200gsm/2300mm,645132,51
SALC,2026-06,K/01/225gsm/2300mm,645325,33
SALC,2026-07,K/01/225gsm/2300mm,645325,34
SALC,2026-08,K/01/225gsm/2300mm,645325,31
SALC,2026-09,K/01/225gsm/2300mm,645325,33
SALC,2026-06,K/01/225gsm/2450mm,645355,42
SALC,2026-07,K/01/225gsm/2450mm,645355,42
SALC,2026-08,K/01/225gsm/2450mm,645355,41
SALC,2026-09,K/01/225gsm/2450mm,645355,45
SALC,2026-06,KW2/01/115gsm/2000mm,744711,66
SALC,2026-07,KW2/01/115gsm/2000mm,744711,68
SALC,2026-08,KW2/01/115gsm/2000mm,744711,63
SALC,2026-09,KW2/01/115gsm/2000mm,744711,67
SALC,2026-06,KW2/01/115gsm/2300mm,1192152,103
SALC,2026-07,KW2/01/115gsm/2300mm,1192152,106
SALC,2026-08,KW2/01/115gsm/2300mm,1192152,97
SALC,2026-09,KW2/01/115gsm/2300mm,1192152,104
SALC,2026-06,KW2/01/115gsm/2450mm,644728,214
SALC,2026-07,KW2/01/115gsm/2450mm,644728,221
SALC,2026-08,KW2/01/115gsm/2450mm,644728,204
SALC,2026-09,KW2/01/115gsm/2450mm,644728,223
SALC,2026-06,KW2/01/160gsm/2300mm,769273,17
SALC,2026-07,KW2/01/160gsm/2300mm,769273,18
SALC,2026-08,KW2/01/160gsm/2300mm,769273,16
SALC,2026-09,KW2/01/160gsm/2300mm,769273,17
SALC,2026-06,KW2/01/160gsm/2450mm,745983,26
SALC,2026-07,KW2/01/160gsm/2450mm,745983,26
SALC,2026-08,KW2/01/160gsm/2450mm,745983,24
SALC,2026-09,KW2/01/160gsm/2450mm,745983,25
SALC,2026-06,KW2/01/160gsm/2500mm,989475,
SALC,2026-07,KW2/01/160gsm/2500mm,989475,
SALC,2026-08,KW2/01/160gsm/2500mm,989475,
SALC,2026-09,KW2/01/160gsm/2500mm,989475,
SALC,2026-06,RF1/01/100gsm/1990mm,645911,32
SALC,2026-07,RF1/01/100gsm/1990mm,645911,33
SALC,2026-08,RF1/01/100gsm/1990mm,645911,30
SALC,2026-09,RF1/01/100gsm/1990mm,645911,33
SALC,2026-06,RF1/01/100gsm/2290mm,646007,199
SALC,2026-07,RF1/01/100gsm/2290mm,646007,204
SALC,2026-08,RF1/01/100gsm/2290mm,646007,187
SALC,2026-09,RF1/01/100gsm/2290mm,646007,203
SALC,2026-06,RF1/01/100gsm/2350mm,646031,127
SALC,2026-07,RF1/01/100gsm/2350mm,646031,130
SALC,2026-08,RF1/01/100gsm/2350mm,646031,120
SALC,2026-09,RF1/01/100gsm/2350mm,646031,130
SALC,2026-06,RF1/01/100gsm/2440mm,646052,311
SALC,2026-07,RF1/01/100gsm/2440mm,646052,321
SALC,2026-08,RF1/01/100gsm/2440mm,646052,293
SALC,2026-09,RF1/01/100gsm/2440mm,646052,320
SALC,2026-06,RF1/01/80gsm/2440mm,973813,43
SALC,2026-07,RF1/01/80gsm/2440mm,973813,43
SALC,2026-08,RF1/01/80gsm/2440mm,973813,40
SALC,2026-09,RF1/01/80gsm/2440mm,973813,43
SALC,2026-06,TSL/01/100gsm/2300mm,1081227,64
SALC,2026-07,TSL/01/100gsm/2300mm,1081227,65
SALC,2026-08,TSL/01/100gsm/2300mm,1081227,60
SALC,2026-09,TSL/01/100gsm/2300mm,1081227,66
SALC,2026-06,TSL/01/100gsm/2450mm,1080948,114
SALC,2026-07,TSL/01/100gsm/2450mm,1080948,117
SALC,2026-08,TSL/01/100gsm/2450mm,1080948,108
SALC,2026-09,TSL/01/100gsm/2450mm,1080948,119
SALC,2026-06,TSL/01/125gsm/2000mm,1584445,45
SALC,2026-07,TSL/01/125gsm/2000mm,1584445,45
SALC,2026-08,TSL/01/125gsm/2000mm,1584445,42
SALC,2026-09,TSL/01/125gsm/2000mm,1584445,45
SALC,2026-06,TSL/01/125gsm/2300mm,1584436,172
SALC,2026-07,TSL/01/125gsm/2300mm,1584436,175
SALC,2026-08,TSL/01/125gsm/2300mm,1584436,162
SALC,2026-09,TSL/01/125gsm/2300mm,1584436,175
SALC,2026-06,TSL/01/125gsm/2350mm,1584437,172
SALC,2026-07,TSL/01/125gsm/2350mm,1584437,175
SALC,2026-08,TSL/01/125gsm/2350mm,1584437,162
SALC,2026-09,TSL/01/125gsm/2350mm,1584437,175
SALC,2026-06,TSL/01/125gsm/2450mm,1584447,255
SALC,2026-07,TSL/01/125gsm/2450mm,1584447,260
SALC,2026-08,TSL/01/125gsm/2450mm,1584447,240
SALC,2026-09,TSL/01/125gsm/2450mm,1584447,259
SALC,2026-06,TSL/01/150gsm/2000mm,942589,35
SALC,2026-07,TSL/01/150gsm/2000mm,942589,35
SALC,2026-08,TSL/01/150gsm/2000mm,942589,32
SALC,2026-09,TSL/01/150gsm/2000mm,942589,35
SALC,2026-06,TSL/01/150gsm/2300mm,942591,161
SALC,2026-07,TSL/01/150gsm/2300mm,942591,163
SALC,2026-08,TSL/01/150gsm/2300mm,942591,150
SALC,2026-09,TSL/01/150gsm/2300mm,942591,163
SALC,2026-06,TSL/01/150gsm/2450mm,942592,188
SALC,2026-07,TSL/01/150gsm/2450mm,942592,191
SALC,2026-08,TSL/01/150gsm/2450mm,942592,174
SALC,2026-09,TSL/01/150gsm/2450mm,942592,190
SALI,2026-06,HP2/01/115gsm/1790mm,942829,
SALI,2026-07,HP2/01/115gsm/1790mm,942829,
SALI,2026-08,HP2/01/115gsm/1790mm,942829,
SALI,2026-09,HP2/01/115gsm/1790mm,942829,
SALI,2026-06,HP2/01/115gsm/1850mm,942830,
SALI,2026-07,HP2/01/115gsm/1850mm,942830,
SALI,2026-08,HP2/01/115gsm/1850mm,942830,
SALI,2026-09,HP2/01/115gsm/1850mm,942830,
SALI,2026-06,HP2/01/115gsm/1955mm,942831,
SALI,2026-07,HP2/01/115gsm/1955mm,942831,
SALI,2026-08,HP2/01/115gsm/1955mm,942831,
SALI,2026-09,HP2/01/115gsm/1955mm,942831,
SALI,2026-06,HP2/01/115gsm/2040mm,942832,
SALI,2026-07,HP2/01/115gsm/2040mm,942832,
SALI,2026-08,HP2/01/115gsm/2040mm,942832,
SALI,2026-09,HP2/01/115gsm/2040mm,942832,
SALI,2026-06,HP2/01/115gsm/2150mm,942833,
SALI,2026-07,HP2/01/115gsm/2150mm,942833,
SALI,2026-08,HP2/01/115gsm/2150mm,942833,
SALI,2026-09,HP2/01/115gsm/2150mm,942833,
SALI,2026-06,HP2/01/115gsm/2250mm,942834,
SALI,2026-07,HP2/01/115gsm/2250mm,942834,
SALI,2026-08,HP2/01/115gsm/2250mm,942834,
SALI,2026-09,HP2/01/115gsm/2250mm,942834,
SALI,2026-06,HP2/01/115gsm/2370mm,942835,
SALI,2026-07,HP2/01/115gsm/2370mm,942835,
SALI,2026-08,HP2/01/115gsm/2370mm,942835,
SALI,2026-09,HP2/01/115gsm/2370mm,942835,
SALI,2026-06,HP2/01/115gsm/2440mm,942803,
SALI,2026-07,HP2/01/115gsm/2440mm,942803,
SALI,2026-08,HP2/01/115gsm/2440mm,942803,
SALI,2026-09,HP2/01/115gsm/2440mm,942803,
SALI,2026-06,HP2/01/155gsm/1790mm,1672417,108
SALI,2026-07,HP2/01/155gsm/1790mm,1672417,122
SALI,2026-08,HP2/01/155gsm/1790mm,1672417,49
SALI,2026-09,HP2/01/155gsm/1790mm,1672417,47
SALI,2026-06,HP2/01/155gsm/1850mm,1672418,197
SALI,2026-07,HP2/01/155gsm/1850mm,1672418,263
SALI,2026-08,HP2/01/155gsm/1850mm,1672418,174
SALI,2026-09,HP2/01/155gsm/1850mm,1672418,111
SALI,2026-06,HP2/01/155gsm/1955mm,1672419,192
SALI,2026-07,HP2/01/155gsm/1955mm,1672419,233
SALI,2026-08,HP2/01/155gsm/1955mm,1672419,60
SALI,2026-09,HP2/01/155gsm/1955mm,1672419,43
SALI,2026-06,HP2/01/155gsm/2040mm,1672491,289
SALI,2026-07,HP2/01/155gsm/2040mm,1672491,308
SALI,2026-08,HP2/01/155gsm/2040mm,1672491,81
SALI,2026-09,HP2/01/155gsm/2040mm,1672491,64
SALI,2026-06,HP2/01/155gsm/2150mm,1672492,160
SALI,2026-07,HP2/01/155gsm/2150mm,1672492,180
SALI,2026-08,HP2/01/155gsm/2150mm,1672492,79
SALI,2026-09,HP2/01/155gsm/2150mm,1672492,68
SALI,2026-06,HP2/01/155gsm/2250mm,1672493,277
SALI,2026-07,HP2/01/155gsm/2250mm,1672493,269
SALI,2026-08,HP2/01/155gsm/2250mm,1672493,68
SALI,2026-09,HP2/01/155gsm/2250mm,1672493,48
SALI,2026-06,HP2/01/155gsm/2370mm,1672494,187
SALI,2026-07,HP2/01/155gsm/2370mm,1672494,143
SALI,2026-08,HP2/01/155gsm/2370mm,1672494,42
SALI,2026-09,HP2/01/155gsm/2370mm,1672494,21
SALI,2026-06,HP2/01/155gsm/2440mm,1664633,143
SALI,2026-07,HP2/01/155gsm/2440mm,1664633,260
SALI,2026-08,HP2/01/155gsm/2440mm,1664633,83
SALI,2026-09,HP2/01/155gsm/2440mm,1664633,58
SALI,2026-06,K/01/110gsm/1800mm,1321726,26
SALI,2026-07,K/01/110gsm/1800mm,1321726,11
SALI,2026-08,K/01/110gsm/1800mm,1321726,13
SALI,2026-09,K/01/110gsm/1800mm,1321726,13
SALI,2026-06,K/01/110gsm/1850mm,1461758,47
SALI,2026-07,K/01/110gsm/1850mm,1461758,38
SALI,2026-08,K/01/110gsm/1850mm,1461758,68
SALI,2026-09,K/01/110gsm/1850mm,1461758,39
SALI,2026-06,K/01/110gsm/1955mm,1461742,67
SALI,2026-07,K/01/110gsm/1955mm,1461742,63
SALI,2026-08,K/01/110gsm/1955mm,1461742,114
SALI,2026-09,K/01/110gsm/1955mm,1461742,63
SALI,2026-06,K/01/110gsm/2050mm,1501622,46
SALI,2026-07,K/01/110gsm/2050mm,1501622,27
SALI,2026-08,K/01/110gsm/2050mm,1501622,3
SALI,2026-09,K/01/110gsm/2050mm,1501622,3
SALI,2026-06,K/01/110gsm/2150mm,1461717,9
SALI,2026-07,K/01/110gsm/2150mm,1461717,8
SALI,2026-08,K/01/110gsm/2150mm,1461717,5
SALI,2026-09,K/01/110gsm/2150mm,1461717,9
SALI,2026-06,K/01/110gsm/2250mm,1406737,56
SALI,2026-07,K/01/110gsm/2250mm,1406737,12
SALI,2026-08,K/01/110gsm/2250mm,1406737,14
SALI,2026-09,K/01/110gsm/2250mm,1406737,12
SALI,2026-06,K/01/110gsm/2370mm,1461679,37
SALI,2026-07,K/01/110gsm/2370mm,1461679,22
SALI,2026-08,K/01/110gsm/2370mm,1461679,44
SALI,2026-09,K/01/110gsm/2370mm,1461679,24
SALI,2026-06,K/01/110gsm/2450mm,1321873,24
SALI,2026-07,K/01/110gsm/2450mm,1321873,6
SALI,2026-08,K/01/110gsm/2450mm,1321873,30
SALI,2026-09,K/01/110gsm/2450mm,1321873,38
SALI,2026-06,K/01/125gsm/1800mm,644956,45
SALI,2026-07,K/01/125gsm/1800mm,644956,39
SALI,2026-08,K/01/125gsm/1800mm,644956,70
SALI,2026-09,K/01/125gsm/1800mm,644956,59
SALI,2026-06,K/01/125gsm/1850mm,644962,57
SALI,2026-07,K/01/125gsm/1850mm,644962,69
SALI,2026-08,K/01/125gsm/1850mm,644962,159
SALI,2026-09,K/01/125gsm/1850mm,644962,78
SALI,2026-06,K/01/125gsm/1955mm,1175141,45
SALI,2026-07,K/01/125gsm/1955mm,1175141,70
SALI,2026-08,K/01/125gsm/1955mm,1175141,34
SALI,2026-09,K/01/125gsm/1955mm,1175141,24
SALI,2026-06,K/01/125gsm/2050mm,1167192,116
SALI,2026-07,K/01/125gsm/2050mm,1167192,112
SALI,2026-08,K/01/125gsm/2050mm,1167192,126
SALI,2026-09,K/01/125gsm/2050mm,1167192,85
SALI,2026-06,K/01/125gsm/2150mm,644995,51
SALI,2026-07,K/01/125gsm/2150mm,644995,51
SALI,2026-08,K/01/125gsm/2150mm,644995,79
SALI,2026-09,K/01/125gsm/2150mm,644995,52
SALI,2026-06,K/01/125gsm/2250mm,1167207,75
SALI,2026-07,K/01/125gsm/2250mm,1167207,82
SALI,2026-08,K/01/125gsm/2250mm,1167207,68
SALI,2026-09,K/01/125gsm/2250mm,1167207,39
SALI,2026-06,K/01/125gsm/2370mm,645034,51
SALI,2026-07,K/01/125gsm/2370mm,645034,47
SALI,2026-08,K/01/125gsm/2370mm,645034,56
SALI,2026-09,K/01/125gsm/2370mm,645034,23
SALI,2026-06,K/01/125gsm/2450mm,645055,53
SALI,2026-07,K/01/125gsm/2450mm,645055,105
SALI,2026-08,K/01/125gsm/2450mm,645055,128
SALI,2026-09,K/01/125gsm/2450mm,645055,69
SALI,2026-06,K/01/160gsm/1800mm,1348498,49
SALI,2026-07,K/01/160gsm/1800mm,1348498,81
SALI,2026-08,K/01/160gsm/1800mm,1348498,72
SALI,2026-09,K/01/160gsm/1800mm,1348498,80
SALI,2026-06,K/01/160gsm/1850mm,1473883,67
SALI,2026-07,K/01/160gsm/1850mm,1473883,103
SALI,2026-08,K/01/160gsm/1850mm,1473883,133
SALI,2026-09,K/01/160gsm/1850mm,1473883,84
SALI,2026-06,K/01/160gsm/1955mm,1493947,76
SALI,2026-07,K/01/160gsm/1955mm,1493947,91
SALI,2026-08,K/01/160gsm/1955mm,1493947,31
SALI,2026-09,K/01/160gsm/1955mm,1493947,11
SALI,2026-06,K/01/160gsm/2050mm,1431104,119
SALI,2026-07,K/01/160gsm/2050mm,1431104,92
SALI,2026-08,K/01/160gsm/2050mm,1431104,74
SALI,2026-09,K/01/160gsm/2050mm,1431104,62
SALI,2026-06,K/01/160gsm/2150mm,1476095,76
SALI,2026-07,K/01/160gsm/2150mm,1476095,63
SALI,2026-08,K/01/160gsm/2150mm,1476095,119
SALI,2026-09,K/01/160gsm/2150mm,1476095,81
SALI,2026-06,K/01/160gsm/2250mm,1493949,69
SALI,2026-07,K/01/160gsm/2250mm,1493949,61
SALI,2026-08,K/01/160gsm/2250mm,1493949,29
SALI,2026-09,K/01/160gsm/2250mm,1493949,33
SALI,2026-06,K/01/160gsm/2370mm,1494060,71
SALI,2026-07,K/01/160gsm/2370mm,1494060,50
SALI,2026-08,K/01/160gsm/2370mm,1494060,22
SALI,2026-09,K/01/160gsm/2370mm,1494060,20
SALI,2026-06,K/01/160gsm/2450mm,1311552,44
SALI,2026-07,K/01/160gsm/2450mm,1311552,54
SALI,2026-08,K/01/160gsm/2450mm,1311552,34
SALI,2026-09,K/01/160gsm/2450mm,1311552,27
SALI,2026-06,K/01/225gsm/1800mm,645244,36
SALI,2026-07,K/01/225gsm/1800mm,645244,55
SALI,2026-08,K/01/225gsm/1800mm,645244,60
SALI,2026-09,K/01/225gsm/1800mm,645244,58
SALI,2026-06,K/01/225gsm/1850mm,645247,70
SALI,2026-07,K/01/225gsm/1850mm,645247,108
SALI,2026-08,K/01/225gsm/1850mm,645247,88
SALI,2026-09,K/01/225gsm/1850mm,645247,72
SALI,2026-06,K/01/225gsm/1955mm,645262,74
SALI,2026-07,K/01/225gsm/1955mm,645262,122
SALI,2026-08,K/01/225gsm/1955mm,645262,47
SALI,2026-09,K/01/225gsm/1955mm,645262,16
SALI,2026-06,K/01/225gsm/2050mm,744473,198
SALI,2026-07,K/01/225gsm/2050mm,744473,176
SALI,2026-08,K/01/225gsm/2050mm,744473,131
SALI,2026-09,K/01/225gsm/2050mm,744473,108
SALI,2026-06,K/01/225gsm/2150mm,645298,75
SALI,2026-07,K/01/225gsm/2150mm,645298,72
SALI,2026-08,K/01/225gsm/2150mm,645298,43
SALI,2026-09,K/01/225gsm/2150mm,645298,66
SALI,2026-06,K/01/225gsm/2250mm,645316,134
SALI,2026-07,K/01/225gsm/2250mm,645316,155
SALI,2026-08,K/01/225gsm/2250mm,645316,73
SALI,2026-09,K/01/225gsm/2250mm,645316,36
SALI,2026-06,K/01/225gsm/2370mm,645340,118
SALI,2026-07,K/01/225gsm/2370mm,645340,126
SALI,2026-08,K/01/225gsm/2370mm,645340,55
SALI,2026-09,K/01/225gsm/2370mm,645340,24
SALI,2026-06,K/01/225gsm/2450mm,645355,68
SALI,2026-07,K/01/225gsm/2450mm,645355,121
SALI,2026-08,K/01/225gsm/2450mm,645355,95
SALI,2026-09,K/01/225gsm/2450mm,645355,36
SALI,2026-06,KW2/01/115gsm/1850mm,744688,
SALI,2026-07,KW2/01/115gsm/1850mm,744688,
SALI,2026-08,KW2/01/115gsm/1850mm,744688,
SALI,2026-09,KW2/01/115gsm/1850mm,744688,
SALI,2026-06,KW2/01/115gsm/1955mm,1455852,
SALI,2026-07,KW2/01/115gsm/1955mm,1455852,
SALI,2026-08,KW2/01/115gsm/1955mm,1455852,
SALI,2026-09,KW2/01/115gsm/1955mm,1455852,
SALI,2026-06,KW2/01/115gsm/2250mm,1168953,
SALI,2026-07,KW2/01/115gsm/2250mm,1168953,
SALI,2026-08,KW2/01/115gsm/2250mm,1168953,
SALI,2026-09,KW2/01/115gsm/2250mm,1168953,
SALI,2026-06,RF1/01/100gsm/2440mm,646052,34
SALI,2026-07,RF1/01/100gsm/2440mm,646052,55
SALI,2026-08,RF1/01/100gsm/2440mm,646052,4
SALI,2026-09,RF1/01/100gsm/2440mm,646052,9
SALI,2026-06,SF1/01/160gsm/1790mm,1084307,71
SALI,2026-07,SF1/01/160gsm/1790mm,1084307,84
SALI,2026-08,SF1/01/160gsm/1790mm,1084307,227
SALI,2026-09,SF1/01/160gsm/1790mm,1084307,177
SALI,2026-06,SF1/01/160gsm/1850mm,980032,154
SALI,2026-07,SF1/01/160gsm/1850mm,980032,217
SALI,2026-08,SF1/01/160gsm/1850mm,980032,548
SALI,2026-09,SF1/01/160gsm/1850mm,980032,273
SALI,2026-06,SF1/01/160gsm/1955mm,1084644,114
SALI,2026-07,SF1/01/160gsm/1955mm,1084644,169
SALI,2026-08,SF1/01/160gsm/1955mm,1084644,166
SALI,2026-09,SF1/01/160gsm/1955mm,1084644,80
SALI,2026-06,SF1/01/160gsm/2040mm,1084742,250
SALI,2026-07,SF1/01/160gsm/2040mm,1084742,253
SALI,2026-08,SF1/01/160gsm/2040mm,1084742,383
SALI,2026-09,SF1/01/160gsm/2040mm,1084742,332
SALI,2026-06,SF1/01/160gsm/2150mm,1060448,104
SALI,2026-07,SF1/01/160gsm/2150mm,1060448,109
SALI,2026-08,SF1/01/160gsm/2150mm,1060448,269
SALI,2026-09,SF1/01/160gsm/2150mm,1060448,218
SALI,2026-06,SF1/01/160gsm/2250mm,980033,190
SALI,2026-07,SF1/01/160gsm/2250mm,980033,190
SALI,2026-08,SF1/01/160gsm/2250mm,980033,279
SALI,2026-09,SF1/01/160gsm/2250mm,980033,167
SALI,2026-06,SF1/01/160gsm/2370mm,1084743,182
SALI,2026-07,SF1/01/160gsm/2370mm,1084743,191
SALI,2026-08,SF1/01/160gsm/2370mm,1084743,242
SALI,2026-09,SF1/01/160gsm/2370mm,1084743,97
SALI,2026-06,SF1/01/160gsm/2440mm,1084747,113
SALI,2026-07,SF1/01/160gsm/2440mm,1084747,160
SALI,2026-08,SF1/01/160gsm/2440mm,1084747,330
SALI,2026-09,SF1/01/160gsm/2440mm,1084747,134
SALM,2026-06,HP2/01/115gsm/1790mm,942829,0
SALM,2026-07,HP2/01/115gsm/1790mm,942829,15
SALM,2026-08,HP2/01/115gsm/1790mm,942829,8
SALM,2026-09,HP2/01/115gsm/1790mm,942829,13
SALM,2026-06,HP2/01/115gsm/1850mm,942830,
SALM,2026-07,HP2/01/115gsm/1850mm,942830,
SALM,2026-08,HP2/01/115gsm/1850mm,942830,
SALM,2026-09,HP2/01/115gsm/1850mm,942830,
SALM,2026-06,HP2/01/115gsm/1955mm,942831,
SALM,2026-07,HP2/01/115gsm/1955mm,942831,
SALM,2026-08,HP2/01/115gsm/1955mm,942831,
SALM,2026-09,HP2/01/115gsm/1955mm,942831,
SALM,2026-06,HP2/01/115gsm/2040mm,942832,
SALM,2026-07,HP2/01/115gsm/2040mm,942832,
SALM,2026-08,HP2/01/115gsm/2040mm,942832,
SALM,2026-09,HP2/01/115gsm/2040mm,942832,
SALM,2026-06,HP2/01/115gsm/2150mm,942833,
SALM,2026-07,HP2/01/115gsm/2150mm,942833,
SALM,2026-08,HP2/01/115gsm/2150mm,942833,
SALM,2026-09,HP2/01/115gsm/2150mm,942833,
SALM,2026-06,HP2/01/115gsm/2250mm,942834,
SALM,2026-07,HP2/01/115gsm/2250mm,942834,
SALM,2026-08,HP2/01/115gsm/2250mm,942834,
SALM,2026-09,HP2/01/115gsm/2250mm,942834,
SALM,2026-06,HP2/01/115gsm/2370mm,942835,
SALM,2026-07,HP2/01/115gsm/2370mm,942835,
SALM,2026-08,HP2/01/115gsm/2370mm,942835,
SALM,2026-09,HP2/01/115gsm/2370mm,942835,
SALM,2026-06,HP2/01/115gsm/2440mm,942803,
SALM,2026-07,HP2/01/115gsm/2440mm,942803,
SALM,2026-08,HP2/01/115gsm/2440mm,942803,
SALM,2026-09,HP2/01/115gsm/2440mm,942803,
SALM,2026-06,HP2/01/155gsm/1790mm,1672417,25
SALM,2026-07,HP2/01/155gsm/1790mm,1672417,48
SALM,2026-08,HP2/01/155gsm/1790mm,1672417,29
SALM,2026-09,HP2/01/155gsm/1790mm,1672417,76
SALM,2026-06,HP2/01/155gsm/1850mm,1672418,98
SALM,2026-07,HP2/01/155gsm/1850mm,1672418,132
SALM,2026-08,HP2/01/155gsm/1850mm,1672418,64
SALM,2026-09,HP2/01/155gsm/1850mm,1672418,197
SALM,2026-06,HP2/01/155gsm/1955mm,1672419,116
SALM,2026-07,HP2/01/155gsm/1955mm,1672419,117
SALM,2026-08,HP2/01/155gsm/1955mm,1672419,82
SALM,2026-09,HP2/01/155gsm/1955mm,1672419,141
SALM,2026-06,HP2/01/155gsm/2040mm,1672491,54
SALM,2026-07,HP2/01/155gsm/2040mm,1672491,91
SALM,2026-08,HP2/01/155gsm/2040mm,1672491,40
SALM,2026-09,HP2/01/155gsm/2040mm,1672491,139
SALM,2026-06,HP2/01/155gsm/2150mm,1672492,69
SALM,2026-07,HP2/01/155gsm/2150mm,1672492,73
SALM,2026-08,HP2/01/155gsm/2150mm,1672492,51
SALM,2026-09,HP2/01/155gsm/2150mm,1672492,121
SALM,2026-06,HP2/01/155gsm/2250mm,1672493,58
SALM,2026-07,HP2/01/155gsm/2250mm,1672493,114
SALM,2026-08,HP2/01/155gsm/2250mm,1672493,53
SALM,2026-09,HP2/01/155gsm/2250mm,1672493,64
SALM,2026-06,HP2/01/155gsm/2370mm,1672494,96
SALM,2026-07,HP2/01/155gsm/2370mm,1672494,85
SALM,2026-08,HP2/01/155gsm/2370mm,1672494,73
SALM,2026-09,HP2/01/155gsm/2370mm,1672494,27
SALM,2026-06,HP2/01/155gsm/2440mm,1664633,95
SALM,2026-07,HP2/01/155gsm/2440mm,1664633,61
SALM,2026-08,HP2/01/155gsm/2440mm,1664633,44
SALM,2026-09,HP2/01/155gsm/2440mm,1664633,54
SALM,2026-06,K/01/110gsm/1800mm,1321726,8
SALM,2026-07,K/01/110gsm/1800mm,1321726,21
SALM,2026-08,K/01/110gsm/1800mm,1321726,26
SALM,2026-09,K/01/110gsm/1800mm,1321726,19
SALM,2026-06,K/01/110gsm/1850mm,1461758,25
SALM,2026-07,K/01/110gsm/1850mm,1461758,39
SALM,2026-08,K/01/110gsm/1850mm,1461758,18
SALM,2026-09,K/01/110gsm/1850mm,1461758,42
SALM,2026-06,K/01/110gsm/1955mm,1461742,35
SALM,2026-07,K/01/110gsm/1955mm,1461742,24
SALM,2026-08,K/01/110gsm/1955mm,1461742,20
SALM,2026-09,K/01/110gsm/1955mm,1461742,38
SALM,2026-06,K/01/110gsm/2050mm,1501622,38
SALM,2026-07,K/01/110gsm/2050mm,1501622,44
SALM,2026-08,K/01/110gsm/2050mm,1501622,32
SALM,2026-09,K/01/110gsm/2050mm,1501622,73
SALM,2026-06,K/01/110gsm/2150mm,1461717,31
SALM,2026-07,K/01/110gsm/2150mm,1461717,35
SALM,2026-08,K/01/110gsm/2150mm,1461717,18
SALM,2026-09,K/01/110gsm/2150mm,1461717,44
SALM,2026-06,K/01/110gsm/2250mm,1406737,27
SALM,2026-07,K/01/110gsm/2250mm,1406737,24
SALM,2026-08,K/01/110gsm/2250mm,1406737,15
SALM,2026-09,K/01/110gsm/2250mm,1406737,30
SALM,2026-06,K/01/110gsm/2450mm,1321873,44
SALM,2026-07,K/01/110gsm/2450mm,1321873,26
SALM,2026-08,K/01/110gsm/2450mm,1321873,7
SALM,2026-09,K/01/110gsm/2450mm,1321873,20
SALM,2026-06,K/01/160gsm/1800mm,1348498,20
SALM,2026-07,K/01/160gsm/1800mm,1348498,37
SALM,2026-08,K/01/160gsm/1800mm,1348498,33
SALM,2026-09,K/01/160gsm/1800mm,1348498,41
SALM,2026-06,K/01/160gsm/1850mm,1473883,31
SALM,2026-07,K/01/160gsm/1850mm,1473883,74
SALM,2026-08,K/01/160gsm/1850mm,1473883,27
SALM,2026-09,K/01/160gsm/1850mm,1473883,79
SALM,2026-06,K/01/160gsm/1955mm,1493947,70
SALM,2026-07,K/01/160gsm/1955mm,1493947,86
SALM,2026-08,K/01/160gsm/1955mm,1493947,66
SALM,2026-09,K/01/160gsm/1955mm,1493947,88
SALM,2026-06,K/01/160gsm/2050mm,1431104,49
SALM,2026-07,K/01/160gsm/2050mm,1431104,95
SALM,2026-08,K/01/160gsm/2050mm,1431104,48
SALM,2026-09,K/01/160gsm/2050mm,1431104,104
SALM,2026-06,K/01/160gsm/2150mm,1476095,16
SALM,2026-07,K/01/160gsm/2150mm,1476095,32
SALM,2026-08,K/01/160gsm/2150mm,1476095,26
SALM,2026-09,K/01/160gsm/2150mm,1476095,40
SALM,2026-06,K/01/160gsm/2250mm,1493949,34
SALM,2026-07,K/01/160gsm/2250mm,1493949,54
SALM,2026-08,K/01/160gsm/2250mm,1493949,30
SALM,2026-09,K/01/160gsm/2250mm,1493949,36
SALM,2026-06,K/01/160gsm/2370mm,1494060,42
SALM,2026-07,K/01/160gsm/2370mm,1494060,40
SALM,2026-08,K/01/160gsm/2370mm,1494060,23
SALM,2026-09,K/01/160gsm/2370mm,1494060,22
SALM,2026-06,K/01/160gsm/2450mm,1311552,26
SALM,2026-07,K/01/160gsm/2450mm,1311552,36
SALM,2026-08,K/01/160gsm/2450mm,1311552,20
SALM,2026-09,K/01/160gsm/2450mm,1311552,26
SALM,2026-06,K/01/225gsm/1800mm,645244,35
SALM,2026-07,K/01/225gsm/1800mm,645244,63
SALM,2026-08,K/01/225gsm/1800mm,645244,40
SALM,2026-09,K/01/225gsm/1800mm,645244,56
SALM,2026-06,K/01/225gsm/1850mm,645247,90
SALM,2026-07,K/01/225gsm/1850mm,645247,100
SALM,2026-08,K/01/225gsm/1850mm,645247,56
SALM,2026-09,K/01/225gsm/1850mm,645247,120
SALM,2026-06,K/01/225gsm/1955mm,645262,108
SALM,2026-07,K/01/225gsm/1955mm,645262,100
SALM,2026-08,K/01/225gsm/1955mm,645262,68
SALM,2026-09,K/01/225gsm/1955mm,645262,173
SALM,2026-06,K/01/225gsm/2050mm,744473,109
SALM,2026-07,K/01/225gsm/2050mm,744473,168
SALM,2026-08,K/01/225gsm/2050mm,744473,85
SALM,2026-09,K/01/225gsm/2050mm,744473,245
SALM,2026-06,K/01/225gsm/2150mm,645298,89
SALM,2026-07,K/01/225gsm/2150mm,645298,102
SALM,2026-08,K/01/225gsm/2150mm,645298,95
SALM,2026-09,K/01/225gsm/2150mm,645298,175
SALM,2026-06,K/01/225gsm/2250mm,645316,79
SALM,2026-07,K/01/225gsm/2250mm,645316,97
SALM,2026-08,K/01/225gsm/2250mm,645316,50
SALM,2026-09,K/01/225gsm/2250mm,645316,92
SALM,2026-06,K/01/225gsm/2370mm,645340,85
SALM,2026-07,K/01/225gsm/2370mm,645340,73
SALM,2026-08,K/01/225gsm/2370mm,645340,40
SALM,2026-09,K/01/225gsm/2370mm,645340,42
SALM,2026-06,K/01/225gsm/2450mm,645355,72
SALM,2026-07,K/01/225gsm/2450mm,645355,70
SALM,2026-08,K/01/225gsm/2450mm,645355,36
SALM,2026-09,K/01/225gsm/2450mm,645355,60
SALM,2026-06,K/01/275gsm/1955mm,645504,27
SALM,2026-07,K/01/275gsm/1955mm,645504,32
SALM,2026-08,K/01/275gsm/1955mm,645504,30
SALM,2026-09,K/01/275gsm/1955mm,645504,56
SALM,2026-06,KW2/01/115gsm/1850mm,744688,24
SALM,2026-07,KW2/01/115gsm/1850mm,744688,17
SALM,2026-08,KW2/01/115gsm/1850mm,744688,11
SALM,2026-09,KW2/01/115gsm/1850mm,744688,42
SALM,2026-06,SF1/01/160gsm/1790mm,1084307,34
SALM,2026-07,SF1/01/160gsm/1790mm,1084307,66
SALM,2026-08,SF1/01/160gsm/1790mm,1084307,45
SALM,2026-09,SF1/01/160gsm/1790mm,1084307,57
SALM,2026-06,SF1/01/160gsm/1850mm,980032,103
SALM,2026-07,SF1/01/160gsm/1850mm,980032,176
SALM,2026-08,SF1/01/160gsm/1850mm,980032,90
SALM,2026-09,SF1/01/160gsm/1850mm,980032,127
SALM,2026-06,SF1/01/160gsm/1955mm,1084644,204
SALM,2026-07,SF1/01/160gsm/1955mm,1084644,185
SALM,2026-08,SF1/01/160gsm/1955mm,1084644,142
SALM,2026-09,SF1/01/160gsm/1955mm,1084644,225
SALM,2026-06,SF1/01/160gsm/2040mm,1084742,65
SALM,2026-07,SF1/01/160gsm/2040mm,1084742,123
SALM,2026-08,SF1/01/160gsm/2040mm,1084742,80
SALM,2026-09,SF1/01/160gsm/2040mm,1084742,302
SALM,2026-06,SF1/01/160gsm/2150mm,1060448,103
SALM,2026-07,SF1/01/160gsm/2150mm,1060448,121
SALM,2026-08,SF1/01/160gsm/2150mm,1060448,90
SALM,2026-09,SF1/01/160gsm/2150mm,1060448,255
SALM,2026-06,SF1/01/160gsm/2250mm,980033,126
SALM,2026-07,SF1/01/160gsm/2250mm,980033,130
SALM,2026-08,SF1/01/160gsm/2250mm,980033,60
SALM,2026-09,SF1/01/160gsm/2250mm,980033,105
SALM,2026-06,SF1/01/160gsm/2370mm,1084743,105
SALM,2026-07,SF1/01/160gsm/2370mm,1084743,122
SALM,2026-08,SF1/01/160gsm/2370mm,1084743,80
SALM,2026-09,SF1/01/160gsm/2370mm,1084743,76
SALM,2026-06,SF1/01/160gsm/2440mm,1084747,166
SALM,2026-07,SF1/01/160gsm/2440mm,1084747,109
SALM,2026-08,SF1/01/160gsm/2440mm,1084747,51
SALM,2026-09,SF1/01/160gsm/2440mm,1084747,73
SBUR,2026-06,HP2/01/105gsm/2090mm,1286757,41
SBUR,2026-07,HP2/01/105gsm/2090mm,1286757,43
SBUR,2026-08,HP2/01/105gsm/2090mm,1286757,38
SBUR,2026-09,HP2/01/105gsm/2090mm,1286757,42
SBUR,2026-06,HP2/01/105gsm/2440mm,1286737,47
SBUR,2026-07,HP2/01/105gsm/2440mm,1286737,49
SBUR,2026-08,HP2/01/105gsm/2440mm,1286737,43
SBUR,2026-09,HP2/01/105gsm/2440mm,1286737,48
SBUR,2026-06,HP2/01/105gsm/2640mm,1456346,55
SBUR,2026-07,HP2/01/105gsm/2640mm,1456346,57
SBUR,2026-08,HP2/01/105gsm/2640mm,1456346,51
SBUR,2026-09,HP2/01/105gsm/2640mm,1456346,56
SBUR,2026-06,HP2/01/105gsm/2790mm,1445905,54
SBUR,2026-07,HP2/01/105gsm/2790mm,1445905,56
SBUR,2026-08,HP2/01/105gsm/2790mm,1445905,49
SBUR,2026-09,HP2/01/105gsm/2790mm,1445905,54
SBUR,2026-06,HP2/01/115gsm/2090mm,942801,47
SBUR,2026-07,HP2/01/115gsm/2090mm,942801,49
SBUR,2026-08,HP2/01/115gsm/2090mm,942801,41
SBUR,2026-09,HP2/01/115gsm/2090mm,942801,41
SBUR,2026-06,HP2/01/115gsm/2440mm,942803,66
SBUR,2026-07,HP2/01/115gsm/2440mm,942803,69
SBUR,2026-08,HP2/01/115gsm/2440mm,942803,59
SBUR,2026-09,HP2/01/115gsm/2440mm,942803,59
SBUR,2026-06,HP2/01/115gsm/2640mm,1456466,147
SBUR,2026-07,HP2/01/115gsm/2640mm,1456466,154
SBUR,2026-08,HP2/01/115gsm/2640mm,1456466,130
SBUR,2026-09,HP2/01/115gsm/2640mm,1456466,130
SBUR,2026-06,HP2/01/115gsm/2790mm,1445920,195
SBUR,2026-07,HP2/01/115gsm/2790mm,1445920,204
SBUR,2026-08,HP2/01/115gsm/2790mm,1445920,172
SBUR,2026-09,HP2/01/115gsm/2790mm,1445920,172
SBUR,2026-06,HP2/01/125gsm/2090mm,1583551,47
SBUR,2026-07,HP2/01/125gsm/2090mm,1583551,51
SBUR,2026-08,HP2/01/125gsm/2090mm,1583551,45
SBUR,2026-09,HP2/01/125gsm/2090mm,1583551,48
SBUR,2026-06,HP2/01/125gsm/2440mm,1358116,135
SBUR,2026-07,HP2/01/125gsm/2440mm,1358116,146
SBUR,2026-08,HP2/01/125gsm/2440mm,1358116,127
SBUR,2026-09,HP2/01/125gsm/2440mm,1358116,139
SBUR,2026-06,HP2/01/127gsm/2640mm,1691721,
SBUR,2026-07,HP2/01/127gsm/2640mm,1691721,
SBUR,2026-08,HP2/01/127gsm/2640mm,1691721,
SBUR,2026-09,HP2/01/127gsm/2640mm,1691721,
SBUR,2026-06,HP2/01/127gsm/2790mm,1691722,
SBUR,2026-07,HP2/01/127gsm/2790mm,1691722,
SBUR,2026-08,HP2/01/127gsm/2790mm,1691722,
SBUR,2026-09,HP2/01/127gsm/2790mm,1691722,
SBUR,2026-06,HP2/01/155gsm/2090mm,1672415,155
SBUR,2026-07,HP2/01/155gsm/2090mm,1672415,169
SBUR,2026-08,HP2/01/155gsm/2090mm,1672415,150
SBUR,2026-09,HP2/01/155gsm/2090mm,1672415,143
SBUR,2026-06,HP2/01/155gsm/2440mm,1664633,152
SBUR,2026-07,HP2/01/155gsm/2440mm,1664633,166
SBUR,2026-08,HP2/01/155gsm/2440mm,1664633,147
SBUR,2026-09,HP2/01/155gsm/2440mm,1664633,140
SBUR,2026-06,HP2/01/155gsm/2640mm,1672496,326
SBUR,2026-07,HP2/01/155gsm/2640mm,1672496,356
SBUR,2026-08,HP2/01/155gsm/2640mm,1672496,317
SBUR,2026-09,HP2/01/155gsm/2640mm,1672496,301
SBUR,2026-06,HP2/01/155gsm/2790mm,1672495,427
SBUR,2026-07,HP2/01/155gsm/2790mm,1672495,466
SBUR,2026-08,HP2/01/155gsm/2790mm,1672495,415
SBUR,2026-09,HP2/01/155gsm/2790mm,1672495,394
SBUR,2026-06,K/01/125gsm/2650mm,1148010,21
SBUR,2026-07,K/01/125gsm/2650mm,1148010,23
SBUR,2026-08,K/01/125gsm/2650mm,1148010,21
SBUR,2026-09,K/01/125gsm/2650mm,1148010,24
SBUR,2026-06,K/01/125gsm/2800mm,645082,37
SBUR,2026-07,K/01/125gsm/2800mm,645082,38
SBUR,2026-08,K/01/125gsm/2800mm,645082,35
SBUR,2026-09,K/01/125gsm/2800mm,645082,40
SBUR,2026-06,K/01/160gsm/2650mm,1494008,37
SBUR,2026-07,K/01/160gsm/2650mm,1494008,38
SBUR,2026-08,K/01/160gsm/2650mm,1494008,31
SBUR,2026-09,K/01/160gsm/2650mm,1494008,36
SBUR,2026-06,K/01/160gsm/2800mm,1494080,46
SBUR,2026-07,K/01/160gsm/2800mm,1494080,47
SBUR,2026-08,K/01/160gsm/2800mm,1494080,38
SBUR,2026-09,K/01/160gsm/2800mm,1494080,45
SBUR,2026-06,K/01/225gsm/2650mm,1354050,33
SBUR,2026-07,K/01/225gsm/2650mm,1354050,41
SBUR,2026-08,K/01/225gsm/2650mm,1354050,33
SBUR,2026-09,K/01/225gsm/2650mm,1354050,40
SBUR,2026-06,K/01/225gsm/2800mm,1353908,14
SBUR,2026-07,K/01/225gsm/2800mm,1353908,17
SBUR,2026-08,K/01/225gsm/2800mm,1353908,14
SBUR,2026-09,K/01/225gsm/2800mm,1353908,17
SBUR,2026-06,KS/257/165gsm/2100mm,1348628,2
SBUR,2026-07,KS/257/165gsm/2100mm,1348628,2
SBUR,2026-08,KS/257/165gsm/2100mm,1348628,2
SBUR,2026-09,KS/257/165gsm/2100mm,1348628,2
SBUR,2026-06,KS/257/165gsm/2650mm,1467403,59
SBUR,2026-07,KS/257/165gsm/2650mm,1467403,61
SBUR,2026-08,KS/257/165gsm/2650mm,1467403,55
SBUR,2026-09,KS/257/165gsm/2650mm,1467403,58
SBUR,2026-06,KS/257/165gsm/2800mm,1502401,65
SBUR,2026-07,KS/257/165gsm/2800mm,1502401,67
SBUR,2026-08,KS/257/165gsm/2800mm,1502401,61
SBUR,2026-09,KS/257/165gsm/2800mm,1502401,64
SBUR,2026-06,KS/257/215gsm/2450mm,1454661,21
SBUR,2026-07,KS/257/215gsm/2450mm,1454661,22
SBUR,2026-08,KS/257/215gsm/2450mm,1454661,20
SBUR,2026-09,KS/257/215gsm/2450mm,1454661,21
SBUR,2026-06,KS/257/215gsm/2650mm,1475569,41
SBUR,2026-07,KS/257/215gsm/2650mm,1475569,42
SBUR,2026-08,KS/257/215gsm/2650mm,1475569,38
SBUR,2026-09,KS/257/215gsm/2650mm,1475569,40
SBUR,2026-06,KS/257/215gsm/2800mm,1475568,53
SBUR,2026-07,KS/257/215gsm/2800mm,1475568,54
SBUR,2026-08,KS/257/215gsm/2800mm,1475568,49
SBUR,2026-09,KS/257/215gsm/2800mm,1475568,52
SBUR,2026-06,KW2/01/115gsm/2450mm,644728,21
SBUR,2026-07,KW2/01/115gsm/2450mm,644728,21
SBUR,2026-08,KW2/01/115gsm/2450mm,644728,18
SBUR,2026-09,KW2/01/115gsm/2450mm,644728,19
SBUR,2026-06,KW2/01/115gsm/2650mm,1404037,13
SBUR,2026-07,KW2/01/115gsm/2650mm,1404037,13
SBUR,2026-08,KW2/01/115gsm/2650mm,1404037,11
SBUR,2026-09,KW2/01/115gsm/2650mm,1404037,12
SBUR,2026-06,KW2/01/115gsm/2800mm,1283512,18
SBUR,2026-07,KW2/01/115gsm/2800mm,1283512,18
SBUR,2026-08,KW2/01/115gsm/2800mm,1283512,16
SBUR,2026-09,KW2/01/115gsm/2800mm,1283512,17
SBUR,2026-06,KW2/01/125gsm/2100mm,737119,64
SBUR,2026-07,KW2/01/125gsm/2100mm,737119,70
SBUR,2026-08,KW2/01/125gsm/2100mm,737119,61
SBUR,2026-09,KW2/01/125gsm/2100mm,737119,65
SBUR,2026-06,KW2/01/125gsm/2450mm,737464,96
SBUR,2026-07,KW2/01/125gsm/2450mm,737464,105
SBUR,2026-08,KW2/01/125gsm/2450mm,737464,91
SBUR,2026-09,KW2/01/125gsm/2450mm,737464,98
SBUR,2026-06,KW2/01/125gsm/2650mm,1353909,107
SBUR,2026-07,KW2/01/125gsm/2650mm,1353909,117
SBUR,2026-08,KW2/01/125gsm/2650mm,1353909,101
SBUR,2026-09,KW2/01/125gsm/2650mm,1353909,109
SBUR,2026-06,KW2/01/125gsm/2800mm,1264217,121
SBUR,2026-07,KW2/01/125gsm/2800mm,1264217,132
SBUR,2026-08,KW2/01/125gsm/2800mm,1264217,114
SBUR,2026-09,KW2/01/125gsm/2800mm,1264217,123
SBUR,2026-06,RF1/01/100gsm/2090mm,645950,62
SBUR,2026-07,RF1/01/100gsm/2090mm,645950,67
SBUR,2026-08,RF1/01/100gsm/2090mm,645950,58
SBUR,2026-09,RF1/01/100gsm/2090mm,645950,58
SBUR,2026-06,RF1/01/100gsm/2440mm,646052,252
SBUR,2026-07,RF1/01/100gsm/2440mm,646052,272
SBUR,2026-08,RF1/01/100gsm/2440mm,646052,236
SBUR,2026-09,RF1/01/100gsm/2440mm,646052,235
SBUR,2026-06,RF1/01/100gsm/2640mm,1495962,212
SBUR,2026-07,RF1/01/100gsm/2640mm,1495962,229
SBUR,2026-08,RF1/01/100gsm/2640mm,1495962,198
SBUR,2026-09,RF1/01/100gsm/2640mm,1495962,198
SBUR,2026-06,RF1/01/100gsm/2790mm,736486,276
SBUR,2026-07,RF1/01/100gsm/2790mm,736486,298
SBUR,2026-08,RF1/01/100gsm/2790mm,736486,258
SBUR,2026-09,RF1/01/100gsm/2790mm,736486,257
SBUR,2026-06,THP/01/125gsm/2100mm,1362629,36
SBUR,2026-07,THP/01/125gsm/2100mm,1362629,39
SBUR,2026-08,THP/01/125gsm/2100mm,1362629,34
SBUR,2026-09,THP/01/125gsm/2100mm,1362629,34
SBUR,2026-06,THP/01/125gsm/2450mm,1352542,171
SBUR,2026-07,THP/01/125gsm/2450mm,1352542,187
SBUR,2026-08,THP/01/125gsm/2450mm,1352542,161
SBUR,2026-09,THP/01/125gsm/2450mm,1352542,161
SBUR,2026-06,THP/01/125gsm/2650mm,1362635,262
SBUR,2026-07,THP/01/125gsm/2650mm,1362635,286
SBUR,2026-08,THP/01/125gsm/2650mm,1362635,246
SBUR,2026-09,THP/01/125gsm/2650mm,1362635,246
SBUR,2026-06,THP/01/125gsm/2800mm,1362636,355
SBUR,2026-07,THP/01/125gsm/2800mm,1362636,388
SBUR,2026-08,THP/01/125gsm/2800mm,1362636,333
SBUR,2026-09,THP/01/125gsm/2800mm,1362636,333
SBUR,2026-06,TSL/01/100gsm/2450mm,1080948,47
SBUR,2026-07,TSL/01/100gsm/2450mm,1080948,50
SBUR,2026-08,TSL/01/100gsm/2450mm,1080948,43
SBUR,2026-09,TSL/01/100gsm/2450mm,1080948,47
SBUR,2026-06,TSL/01/100gsm/2650mm,1569822,50
SBUR,2026-07,TSL/01/100gsm/2650mm,1569822,53
SBUR,2026-08,TSL/01/100gsm/2650mm,1569822,45
SBUR,2026-09,TSL/01/100gsm/2650mm,1569822,50
SBUR,2026-06,TSL/01/100gsm/2800mm,1476486,90
SBUR,2026-07,TSL/01/100gsm/2800mm,1476486,94
SBUR,2026-08,TSL/01/100gsm/2800mm,1476486,81
SBUR,2026-09,TSL/01/100gsm/2800mm,1476486,89
SBUR,2026-06,TSL/01/150gsm/2100mm,942618,48
SBUR,2026-07,TSL/01/150gsm/2100mm,942618,43
SBUR,2026-08,TSL/01/150gsm/2100mm,942618,41
SBUR,2026-09,TSL/01/150gsm/2100mm,942618,43
SBUR,2026-06,TSL/01/150gsm/2650mm,1456476,53
SBUR,2026-07,TSL/01/150gsm/2650mm,1456476,48
SBUR,2026-08,TSL/01/150gsm/2650mm,1456476,46
SBUR,2026-09,TSL/01/150gsm/2650mm,1456476,48
SBUR,2026-06,TSL/01/150gsm/2800mm,1445811,62
SBUR,2026-07,TSL/01/150gsm/2800mm,1445811,56
SBUR,2026-08,TSL/01/150gsm/2800mm,1445811,54
SBUR,2026-09,TSL/01/150gsm/2800mm,1445811,56
SBUR,2026-06,TSL/01/80gsm/2450mm,1584435,45
SBUR,2026-07,TSL/01/80gsm/2450mm,1584435,45
SBUR,2026-08,TSL/01/80gsm/2450mm,1584435,35
SBUR,2026-09,TSL/01/80gsm/2450mm,1584435,49
SBUR,2026-06,TSL/01/80gsm/2650mm,1584430,27
SBUR,2026-07,TSL/01/80gsm/2650mm,1584430,27
SBUR,2026-08,TSL/01/80gsm/2650mm,1584430,21
SBUR,2026-09,TSL/01/80gsm/2650mm,1584430,30
SBUR,2026-06,TSL/01/80gsm/2800mm,1584431,47
SBUR,2026-07,TSL/01/80gsm/2800mm,1584431,47
SBUR,2026-08,TSL/01/80gsm/2800mm,1584431,37
SBUR,2026-09,TSL/01/80gsm/2800mm,1584431,51
SBUR,2026-06,TWTC2/51/115gsm/2450mm,1445751,37
SBUR,2026-07,TWTC2/51/115gsm/2450mm,1445751,40
SBUR,2026-08,TWTC2/51/115gsm/2450mm,1445751,37
SBUR,2026-09,TWTC2/51/115gsm/2450mm,1445751,39
SBUR,2026-06,TWTC2/51/115gsm/2650mm,1456564,33
SBUR,2026-07,TWTC2/51/115gsm/2650mm,1456564,36
SBUR,2026-08,TWTC2/51/115gsm/2650mm,1456564,33
SBUR,2026-09,TWTC2/51/115gsm/2650mm,1456564,35
SCAN,2026-06,HP1/01/190gsm/2090mm,1294871,23.05323109
SCAN,2026-07,HP1/01/190gsm/2090mm,1294871,42.43174356
SCAN,2026-08,HP1/01/190gsm/2090mm,1294871,23.23399177
SCAN,2026-09,HP1/01/190gsm/2090mm,1294871,40.93618669
SCAN,2026-06,HP1/01/190gsm/2290mm,1294872,70.0607757
SCAN,2026-07,HP1/01/190gsm/2290mm,1294872,72.71889342
SCAN,2026-08,HP1/01/190gsm/2290mm,1294872,65.16979053
SCAN,2026-09,HP1/01/190gsm/2290mm,1294872,69.55137136
SCAN,2026-06,HP1/01/190gsm/2440mm,1420972,93.77109906
SCAN,2026-07,HP1/01/190gsm/2440mm,1420972,91.75498377
SCAN,2026-08,HP1/01/190gsm/2440mm,1420972,93.97035015
SCAN,2026-09,HP1/01/190gsm/2440mm,1420972,111.4417893
SCAN,2026-06,HP2/01/105gsm/2090mm,1286757,142.7075235
SCAN,2026-07,HP2/01/105gsm/2090mm,1286757,110.9061936
SCAN,2026-08,HP2/01/105gsm/2090mm,1286757,89.85688836
SCAN,2026-09,HP2/01/105gsm/2090mm,1286757,59.2605246
SCAN,2026-06,HP2/01/105gsm/2290mm,1286761,140.7565179
SCAN,2026-07,HP2/01/105gsm/2290mm,1286761,133.113231
SCAN,2026-08,HP2/01/105gsm/2290mm,1286761,143.8264493
SCAN,2026-09,HP2/01/105gsm/2290mm,1286761,149.2118468
SCAN,2026-06,HP2/01/105gsm/2440mm,1286737,206.3666919
SCAN,2026-07,HP2/01/105gsm/2440mm,1286737,255.6052665
SCAN,2026-08,HP2/01/105gsm/2440mm,1286737,215.2768152
SCAN,2026-09,HP2/01/105gsm/2440mm,1286737,269.3947543
SCAN,2026-06,HP2/01/125gsm/2090mm,1583551,181.5482845
SCAN,2026-07,HP2/01/125gsm/2090mm,1583551,180.2304803
SCAN,2026-08,HP2/01/125gsm/2090mm,1583551,138.8487361
SCAN,2026-09,HP2/01/125gsm/2090mm,1583551,139.9411427
SCAN,2026-06,HP2/01/125gsm/2290mm,1583712,175.9313924
SCAN,2026-07,HP2/01/125gsm/2290mm,1583712,199.5635457
SCAN,2026-08,HP2/01/125gsm/2290mm,1583712,176.4757331
SCAN,2026-09,HP2/01/125gsm/2290mm,1583712,233.5294476
SCAN,2026-06,HP2/01/125gsm/2440mm,1358116,235.570135
SCAN,2026-07,HP2/01/125gsm/2440mm,1358116,248.8691895
SCAN,2026-08,HP2/01/125gsm/2440mm,1358116,185.1512317
SCAN,2026-09,HP2/01/125gsm/2440mm,1358116,256.8167237
SCAN,2026-06,HP2/01/155gsm/2090mm,1672415,137.8417622
SCAN,2026-07,HP2/01/155gsm/2090mm,1672415,113.5915763
SCAN,2026-08,HP2/01/155gsm/2090mm,1672415,128.122239
SCAN,2026-09,HP2/01/155gsm/2090mm,1672415,148.7837248
SCAN,2026-06,HP2/01/155gsm/2290mm,1672416,199.3660181
SCAN,2026-07,HP2/01/155gsm/2290mm,1672416,221.8311804
SCAN,2026-08,HP2/01/155gsm/2290mm,1672416,180.0162024
SCAN,2026-09,HP2/01/155gsm/2290mm,1672416,203.8446341
SCAN,2026-06,HP2/01/155gsm/2440mm,1664633,155.1881941
SCAN,2026-07,HP2/01/155gsm/2440mm,1664633,182.3916967
SCAN,2026-08,HP2/01/155gsm/2440mm,1664633,128.3855477
SCAN,2026-09,HP2/01/155gsm/2440mm,1664633,174.533641
SCAN,2026-06,K/01/110gsm/2100mm,1321729,90.06081871
SCAN,2026-07,K/01/110gsm/2100mm,1321729,70.21092707
SCAN,2026-08,K/01/110gsm/2100mm,1321729,45.06561761
SCAN,2026-09,K/01/110gsm/2100mm,1321729,48.8095935
SCAN,2026-06,K/01/110gsm/2300mm,1461694,85.45558707
SCAN,2026-07,K/01/110gsm/2300mm,1461694,105.9747604
SCAN,2026-08,K/01/110gsm/2300mm,1461694,92.02431889
SCAN,2026-09,K/01/110gsm/2300mm,1461694,107.3025221
SCAN,2026-06,K/01/110gsm/2450mm,1460216,99.87689525
SCAN,2026-07,K/01/110gsm/2450mm,1460216,129.4774718
SCAN,2026-08,K/01/110gsm/2450mm,1460216,100.1391658
SCAN,2026-09,K/01/110gsm/2450mm,1460216,130.9542713
SCAN,2026-06,K/01/160gsm/2100mm,1472401,93.42315276
SCAN,2026-07,K/01/160gsm/2100mm,1472401,92.73453747
SCAN,2026-08,K/01/160gsm/2100mm,1472401,76.975442
SCAN,2026-09,K/01/160gsm/2100mm,1472401,92.62165673
SCAN,2026-06,K/01/160gsm/2300mm,1494097,114.4397318
SCAN,2026-07,K/01/160gsm/2300mm,1494097,132.125759
SCAN,2026-08,K/01/160gsm/2300mm,1494097,98.34760643
SCAN,2026-09,K/01/160gsm/2300mm,1494097,131.1922378
SCAN,2026-06,K/01/160gsm/2450mm,1493946,90.54099239
SCAN,2026-07,K/01/160gsm/2450mm,1493946,96.31067796
SCAN,2026-08,K/01/160gsm/2450mm,1493946,72.23647956
SCAN,2026-09,K/01/160gsm/2450mm,1493946,92.33663122
SCAN,2026-06,K/01/225gsm/2100mm,645289,7.799706336
SCAN,2026-07,K/01/225gsm/2100mm,645289,16.88382546
SCAN,2026-08,K/01/225gsm/2100mm,645289,5.231094457
SCAN,2026-09,K/01/225gsm/2100mm,645289,12.39706281
SCAN,2026-06,K/01/225gsm/2300mm,1168278,6.356987854
SCAN,2026-07,K/01/225gsm/2300mm,1168278,2.645486289
SCAN,2026-08,K/01/225gsm/2300mm,1168278,4.163896769
SCAN,2026-09,K/01/225gsm/2300mm,1168278,6.396205848
SCAN,2026-06,K/01/225gsm/2450mm,1168283,5.398265797
SCAN,2026-07,K/01/225gsm/2450mm,1168283,4.804994411
SCAN,2026-08,K/01/225gsm/2450mm,1168283,5.4378276
SCAN,2026-09,K/01/225gsm/2450mm,1168283,5.14607896
SCAN,2026-06,KW2/01/115gsm/2100mm,1168949,48.494772
SCAN,2026-07,KW2/01/115gsm/2100mm,1168949,55.01495355
SCAN,2026-08,KW2/01/115gsm/2100mm,1168949,62.30605947
SCAN,2026-09,KW2/01/115gsm/2100mm,1168949,62.84953662
SCAN,2026-06,KW2/01/115gsm/2300mm,1168954,69.81425301
SCAN,2026-07,KW2/01/115gsm/2300mm,1168954,70.17577518
SCAN,2026-08,KW2/01/115gsm/2300mm,1168954,65.00549134
SCAN,2026-09,KW2/01/115gsm/2300mm,1168954,87.95967379
SCAN,2026-06,KW2/01/115gsm/2450mm,1168958,114.4392171
SCAN,2026-07,KW2/01/115gsm/2450mm,1168958,112.8088844
SCAN,2026-08,KW2/01/115gsm/2450mm,1168958,80.26487241
SCAN,2026-09,KW2/01/115gsm/2450mm,1168958,100.965925
SCAN,2026-06,KW2/01/160gsm/2100mm,909637,8.230242334
SCAN,2026-07,KW2/01/160gsm/2100mm,909637,15.12106236
SCAN,2026-08,KW2/01/160gsm/2100mm,909637,18.09747219
SCAN,2026-09,KW2/01/160gsm/2100mm,909637,16.23929164
SCAN,2026-06,KW2/01/160gsm/2300mm,1169286,17.4146879
SCAN,2026-07,KW2/01/160gsm/2300mm,1169286,12.17233885
SCAN,2026-08,KW2/01/160gsm/2300mm,1169286,2.190494198
SCAN,2026-09,KW2/01/160gsm/2300mm,1169286,17.33128329
SCAN,2026-06,KW2/01/160gsm/2450mm,1169288,26.19255163
SCAN,2026-07,KW2/01/160gsm/2450mm,1169288,29.19669438
SCAN,2026-08,KW2/01/160gsm/2450mm,1169288,32.66788766
SCAN,2026-09,KW2/01/160gsm/2450mm,1169288,21.82889881
SCAN,2026-06,TCH/40/160gsm/2100mm,651280,25.57104457
SCAN,2026-07,TCH/40/160gsm/2100mm,651280,22.29004882
SCAN,2026-08,TCH/40/160gsm/2100mm,651280,20.75721692
SCAN,2026-09,TCH/40/160gsm/2100mm,651280,18.46327938
SCAN,2026-06,TCH/40/160gsm/2300mm,710227,22.88336406
SCAN,2026-07,TCH/40/160gsm/2300mm,710227,15.65385669
SCAN,2026-08,TCH/40/160gsm/2300mm,710227,13.33692511
SCAN,2026-09,TCH/40/160gsm/2300mm,710227,21.76456434
SCAN,2026-06,TCH/40/160gsm/2450mm,1083188,16.34134122
SCAN,2026-07,TCH/40/160gsm/2450mm,1083188,14.8328438
SCAN,2026-08,TCH/40/160gsm/2450mm,1083188,10.93513363
SCAN,2026-09,TCH/40/160gsm/2450mm,1083188,14.04989923
SCAN,2026-06,THP/01/125gsm/2100mm,1362629,93.23095555
SCAN,2026-07,THP/01/125gsm/2100mm,1362629,75.03835864
SCAN,2026-08,THP/01/125gsm/2100mm,1362629,71.73099139
SCAN,2026-09,THP/01/125gsm/2100mm,1362629,55.88148732
SCAN,2026-06,THP/01/125gsm/2300mm,1362633,39.50650749
SCAN,2026-07,THP/01/125gsm/2300mm,1362633,15.50540112
SCAN,2026-08,THP/01/125gsm/2300mm,1362633,31.70119216
SCAN,2026-09,THP/01/125gsm/2300mm,1362633,25.31890695
SCAN,2026-06,THP/01/125gsm/2450mm,1352542,133.4149114
SCAN,2026-07,THP/01/125gsm/2450mm,1352542,144.3774979
SCAN,2026-08,THP/01/125gsm/2450mm,1352542,96.23248888
SCAN,2026-09,THP/01/125gsm/2450mm,1352542,148.4439593
SCAN,2026-06,TSL/01/100gsm/2100mm,1081145,113.2496825
SCAN,2026-07,TSL/01/100gsm/2100mm,1081145,111.8452121
SCAN,2026-08,TSL/01/100gsm/2100mm,1081145,106.6876517
SCAN,2026-09,TSL/01/100gsm/2100mm,1081145,85.43769705
SCAN,2026-06,TSL/01/100gsm/2300mm,1081227,64.27117199
SCAN,2026-07,TSL/01/100gsm/2300mm,1081227,53.54630521
SCAN,2026-08,TSL/01/100gsm/2300mm,1081227,64.21259817
SCAN,2026-09,TSL/01/100gsm/2300mm,1081227,89.23664768
SCAN,2026-06,TSL/01/100gsm/2450mm,1080948,157.1524248
SCAN,2026-07,TSL/01/100gsm/2450mm,1080948,143.542841
SCAN,2026-08,TSL/01/100gsm/2450mm,1080948,100.3045009
SCAN,2026-09,TSL/01/100gsm/2450mm,1080948,161.5927119
SCAN,2026-06,TSL/01/150gsm/2100mm,942618,26.27161158
SCAN,2026-07,TSL/01/150gsm/2100mm,942618,21.94113209
SCAN,2026-08,TSL/01/150gsm/2100mm,942618,15.13328969
SCAN,2026-09,TSL/01/150gsm/2100mm,942618,8.134811725
SCAN,2026-06,TSL/01/150gsm/2300mm,942591,13.45767376
SCAN,2026-07,TSL/01/150gsm/2300mm,942591,12.16617722
SCAN,2026-08,TSL/01/150gsm/2300mm,942591,17.80327757
SCAN,2026-09,TSL/01/150gsm/2300mm,942591,21.39713148
SCAN,2026-06,TSL/01/150gsm/2450mm,942592,13.73719469
SCAN,2026-07,TSL/01/150gsm/2450mm,942592,22.11293673
SCAN,2026-08,TSL/01/150gsm/2450mm,942592,15.51165459
SCAN,2026-09,TSL/01/150gsm/2450mm,942592,25.28204306
SCAN,2026-06,TSL/01/80gsm/2100mm,1584329,93.41807701
SCAN,2026-07,TSL/01/80gsm/2100mm,1584329,98.06656589
SCAN,2026-08,TSL/01/80gsm/2100mm,1584329,93.77422452
SCAN,2026-09,TSL/01/80gsm/2100mm,1584329,79.55264984
SCAN,2026-06,TSL/01/80gsm/2300mm,1584328,101.8289989
SCAN,2026-07,TSL/01/80gsm/2300mm,1584328,97.66225386
SCAN,2026-08,TSL/01/80gsm/2300mm,1584328,85.75355908
SCAN,2026-09,TSL/01/80gsm/2300mm,1584328,108.7458708
SCAN,2026-06,TSL/01/80gsm/2450mm,1584435,127.0876241
SCAN,2026-07,TSL/01/80gsm/2450mm,1584435,155.6534453
SCAN,2026-08,TSL/01/80gsm/2450mm,1584435,113.6475773
SCAN,2026-09,TSL/01/80gsm/2450mm,1584435,163.880274
SCOC,2026-06,HP2/01/125gsm/2190mm,1583714,219
SCOC,2026-07,HP2/01/125gsm/2190mm,1583714,234
SCOC,2026-08,HP2/01/125gsm/2190mm,1583714,180
SCOC,2026-09,HP2/01/125gsm/2190mm,1583714,210
SCOC,2026-06,HP2/01/125gsm/2290mm,1583712,60
SCOC,2026-07,HP2/01/125gsm/2290mm,1583712,51
SCOC,2026-08,HP2/01/125gsm/2290mm,1583712,55
SCOC,2026-09,HP2/01/125gsm/2290mm,1583712,55
SCOC,2026-06,HP2/01/125gsm/2440mm,1358116,240
SCOC,2026-07,HP2/01/125gsm/2440mm,1358116,233
SCOC,2026-08,HP2/01/125gsm/2440mm,1358116,180
SCOC,2026-09,HP2/01/125gsm/2440mm,1358116,244
SCOC,2026-06,HP2/01/127gsm/2640mm,1691721,
SCOC,2026-07,HP2/01/127gsm/2640mm,1691721,
SCOC,2026-08,HP2/01/127gsm/2640mm,1691721,
SCOC,2026-09,HP2/01/127gsm/2640mm,1691721,
SCOC,2026-06,HP2/01/127gsm/2790mm,1691722,
SCOC,2026-07,HP2/01/127gsm/2790mm,1691722,
SCOC,2026-08,HP2/01/127gsm/2790mm,1691722,
SCOC,2026-09,HP2/01/127gsm/2790mm,1691722,
SCOC,2026-06,HP2/01/155gsm/2190mm,1672412,117
SCOC,2026-07,HP2/01/155gsm/2190mm,1672412,156
SCOC,2026-08,HP2/01/155gsm/2190mm,1672412,93
SCOC,2026-09,HP2/01/155gsm/2190mm,1672412,91
SCOC,2026-06,HP2/01/155gsm/2440mm,1664633,112
SCOC,2026-07,HP2/01/155gsm/2440mm,1664633,136
SCOC,2026-08,HP2/01/155gsm/2440mm,1664633,83
SCOC,2026-09,HP2/01/155gsm/2440mm,1664633,98
SCOC,2026-06,HP2/01/155gsm/2640mm,1672496,63
SCOC,2026-07,HP2/01/155gsm/2640mm,1672496,78
SCOC,2026-08,HP2/01/155gsm/2640mm,1672496,41
SCOC,2026-09,HP2/01/155gsm/2640mm,1672496,51
SCOC,2026-06,HP2/01/155gsm/2790mm,1672495,90
SCOC,2026-07,HP2/01/155gsm/2790mm,1672495,88
SCOC,2026-08,HP2/01/155gsm/2790mm,1672495,83
SCOC,2026-09,HP2/01/155gsm/2790mm,1672495,88
SCOC,2026-06,K/01/135gsm/2200mm,1167388,30
SCOC,2026-07,K/01/135gsm/2200mm,1167388,40
SCOC,2026-08,K/01/135gsm/2200mm,1167388,30
SCOC,2026-09,K/01/135gsm/2200mm,1167388,31
SCOC,2026-06,K/01/135gsm/2450mm,1167400,92
SCOC,2026-07,K/01/135gsm/2450mm,1167400,85
SCOC,2026-08,K/01/135gsm/2450mm,1167400,65
SCOC,2026-09,K/01/135gsm/2450mm,1167400,80
SCOC,2026-06,K/01/135gsm/2650mm,1148011,110
SCOC,2026-07,K/01/135gsm/2650mm,1148011,85
SCOC,2026-08,K/01/135gsm/2650mm,1148011,65
SCOC,2026-09,K/01/135gsm/2650mm,1148011,60
SCOC,2026-06,K/01/135gsm/2800mm,882091,38
SCOC,2026-07,K/01/135gsm/2800mm,882091,29
SCOC,2026-08,K/01/135gsm/2800mm,882091,35
SCOC,2026-09,K/01/135gsm/2800mm,882091,34
SCOC,2026-06,K/01/160gsm/2200mm,1493944,62
SCOC,2026-07,K/01/160gsm/2200mm,1493944,56
SCOC,2026-08,K/01/160gsm/2200mm,1493944,46
SCOC,2026-09,K/01/160gsm/2200mm,1493944,39
SCOC,2026-06,K/01/160gsm/2450mm,1493946,36
SCOC,2026-07,K/01/160gsm/2450mm,1493946,25
SCOC,2026-08,K/01/160gsm/2450mm,1493946,35
SCOC,2026-09,K/01/160gsm/2450mm,1493946,33
SCOC,2026-06,K/01/160gsm/2650mm,1494008,28
SCOC,2026-07,K/01/160gsm/2650mm,1494008,35
SCOC,2026-08,K/01/160gsm/2650mm,1494008,13
SCOC,2026-09,K/01/160gsm/2650mm,1494008,30
SCOC,2026-06,K/01/160gsm/2800mm,1494080,25
SCOC,2026-07,K/01/160gsm/2800mm,1494080,15
SCOC,2026-08,K/01/160gsm/2800mm,1494080,22
SCOC,2026-09,K/01/160gsm/2800mm,1494080,26
SCOC,2026-06,KW2/01/115gsm/2200mm,1168951,
SCOC,2026-07,KW2/01/115gsm/2200mm,1168951,
SCOC,2026-08,KW2/01/115gsm/2200mm,1168951,
SCOC,2026-09,KW2/01/115gsm/2200mm,1168951,
SCOC,2026-06,KW2/01/115gsm/2450mm,1168958,
SCOC,2026-07,KW2/01/115gsm/2450mm,1168958,
SCOC,2026-08,KW2/01/115gsm/2450mm,1168958,
SCOC,2026-09,KW2/01/115gsm/2450mm,1168958,
SCOC,2026-06,KW2/01/115gsm/2650mm,1697465,
SCOC,2026-07,KW2/01/115gsm/2650mm,1697465,
SCOC,2026-08,KW2/01/115gsm/2650mm,1697465,
SCOC,2026-09,KW2/01/115gsm/2650mm,1697465,
SCOC,2026-06,KW2/01/115gsm/2800mm,1568776,
SCOC,2026-07,KW2/01/115gsm/2800mm,1568776,
SCOC,2026-08,KW2/01/115gsm/2800mm,1568776,
SCOC,2026-09,KW2/01/115gsm/2800mm,1568776,
SCOC,2026-06,KW2/01/160gsm/2200mm,1169284,32
SCOC,2026-07,KW2/01/160gsm/2200mm,1169284,38
SCOC,2026-08,KW2/01/160gsm/2200mm,1169284,23
SCOC,2026-09,KW2/01/160gsm/2200mm,1169284,33
SCOC,2026-06,TSL/01/100gsm/2200mm,1080886,85
SCOC,2026-07,TSL/01/100gsm/2200mm,1080886,95
SCOC,2026-08,TSL/01/100gsm/2200mm,1080886,61
SCOC,2026-09,TSL/01/100gsm/2200mm,1080886,88
SCOC,2026-06,TSL/01/100gsm/2300mm,1081227,50
SCOC,2026-07,TSL/01/100gsm/2300mm,1081227,50
SCOC,2026-08,TSL/01/100gsm/2300mm,1081227,35
SCOC,2026-09,TSL/01/100gsm/2300mm,1081227,40
SCOC,2026-06,TSL/01/100gsm/2450mm,1080948,100
SCOC,2026-07,TSL/01/100gsm/2450mm,1080948,124
SCOC,2026-08,TSL/01/100gsm/2450mm,1080948,80
SCOC,2026-09,TSL/01/100gsm/2450mm,1080948,99
SCOC,2026-06,TSL/01/100gsm/2650mm,1569822,66
SCOC,2026-07,TSL/01/100gsm/2650mm,1569822,75
SCOC,2026-08,TSL/01/100gsm/2650mm,1569822,63
SCOC,2026-09,TSL/01/100gsm/2650mm,1569822,78
SCOC,2026-06,TSL/01/100gsm/2800mm,1476486,75
SCOC,2026-07,TSL/01/100gsm/2800mm,1476486,87
SCOC,2026-08,TSL/01/100gsm/2800mm,1476486,82
SCOC,2026-09,TSL/01/100gsm/2800mm,1476486,91
SCOC,2026-06,TSL/01/110gsm/2200mm,942581,98
SCOC,2026-07,TSL/01/110gsm/2200mm,942581,105
SCOC,2026-08,TSL/01/110gsm/2200mm,942581,85
SCOC,2026-09,TSL/01/110gsm/2200mm,942581,115
SCOC,2026-06,TSL/01/110gsm/2450mm,942582,107
SCOC,2026-07,TSL/01/110gsm/2450mm,942582,113
SCOC,2026-08,TSL/01/110gsm/2450mm,942582,90
SCOC,2026-09,TSL/01/110gsm/2450mm,942582,120
SCOC,2026-06,TSL/01/110gsm/2650mm,1456474,85
SCOC,2026-07,TSL/01/110gsm/2650mm,1456474,88
SCOC,2026-08,TSL/01/110gsm/2650mm,1456474,69
SCOC,2026-09,TSL/01/110gsm/2650mm,1456474,98
SCOC,2026-06,TSL/01/110gsm/2800mm,1445818,93
SCOC,2026-07,TSL/01/110gsm/2800mm,1445818,98
SCOC,2026-08,TSL/01/110gsm/2800mm,1445818,84
SCOC,2026-09,TSL/01/110gsm/2800mm,1445818,111
SCOC,2026-06,TSL/01/125gsm/2200mm,1584446,130
SCOC,2026-07,TSL/01/125gsm/2200mm,1584446,112
SCOC,2026-08,TSL/01/125gsm/2200mm,1584446,90
SCOC,2026-09,TSL/01/125gsm/2200mm,1584446,109
SCOC,2026-06,TSL/01/125gsm/2300mm,1584436,50
SCOC,2026-07,TSL/01/125gsm/2300mm,1584436,41
SCOC,2026-08,TSL/01/125gsm/2300mm,1584436,35
SCOC,2026-09,TSL/01/125gsm/2300mm,1584436,50
SCOC,2026-06,TSL/01/125gsm/2450mm,1584447,235
SCOC,2026-07,TSL/01/125gsm/2450mm,1584447,210
SCOC,2026-08,TSL/01/125gsm/2450mm,1584447,170
SCOC,2026-09,TSL/01/125gsm/2450mm,1584447,187
SCOC,2026-06,TSL/01/125gsm/2650mm,1584439,150
SCOC,2026-07,TSL/01/125gsm/2650mm,1584439,200
SCOC,2026-08,TSL/01/125gsm/2650mm,1584439,150
SCOC,2026-09,TSL/01/125gsm/2650mm,1584439,130
SCOC,2026-06,TSL/01/125gsm/2800mm,1584440,173
SCOC,2026-07,TSL/01/125gsm/2800mm,1584440,211
SCOC,2026-08,TSL/01/125gsm/2800mm,1584440,163
SCOC,2026-09,TSL/01/125gsm/2800mm,1584440,170
SCOC,2026-06,TSL/01/80gsm/2200mm,1584434,100
SCOC,2026-07,TSL/01/80gsm/2200mm,1584434,134
SCOC,2026-08,TSL/01/80gsm/2200mm,1584434,90
SCOC,2026-09,TSL/01/80gsm/2200mm,1584434,100
SCOC,2026-06,TSL/01/80gsm/2300mm,1584328,68
SCOC,2026-07,TSL/01/80gsm/2300mm,1584328,70
SCOC,2026-08,TSL/01/80gsm/2300mm,1584328,56
SCOC,2026-09,TSL/01/80gsm/2300mm,1584328,68
SCOC,2026-06,TSL/01/80gsm/2450mm,1584435,180
SCOC,2026-07,TSL/01/80gsm/2450mm,1584435,190
SCOC,2026-08,TSL/01/80gsm/2450mm,1584435,110
SCOC,2026-09,TSL/01/80gsm/2450mm,1584435,175
SCOC,2026-06,TSL/01/80gsm/2650mm,1584430,140
SCOC,2026-07,TSL/01/80gsm/2650mm,1584430,150
SCOC,2026-08,TSL/01/80gsm/2650mm,1584430,100
SCOC,2026-09,TSL/01/80gsm/2650mm,1584430,130
SCOC,2026-06,TSL/01/80gsm/2800mm,1584431,79
SCOC,2026-07,TSL/01/80gsm/2800mm,1584431,105
SCOC,2026-08,TSL/01/80gsm/2800mm,1584431,107
SCOC,2026-09,TSL/01/80gsm/2800mm,1584431,89
SCOC,2026-06,TWTC2/51/115gsm/2200mm,1446616,32
SCOC,2026-07,TWTC2/51/115gsm/2200mm,1446616,46
SCOC,2026-08,TWTC2/51/115gsm/2200mm,1446616,32
SCOC,2026-09,TWTC2/51/115gsm/2200mm,1446616,42
SCOC,2026-06,TWTC2/51/115gsm/2450mm,1445751,50
SCOC,2026-07,TWTC2/51/115gsm/2450mm,1445751,60
SCOC,2026-08,TWTC2/51/115gsm/2450mm,1445751,50
SCOC,2026-09,TWTC2/51/115gsm/2450mm,1445751,62
SCOC,2026-06,TWTC2/51/115gsm/2650mm,1456564,51
SCOC,2026-07,TWTC2/51/115gsm/2650mm,1456564,63
SCOC,2026-08,TWTC2/51/115gsm/2650mm,1456564,51
SCOC,2026-09,TWTC2/51/115gsm/2650mm,1456564,50
SCOC,2026-06,TWTC2/51/115gsm/2800mm,1445755,53
SCOC,2026-07,TWTC2/51/115gsm/2800mm,1445755,63
SCOC,2026-08,TWTC2/51/115gsm/2800mm,1445755,52
SCOC,2026-09,TWTC2/51/115gsm/2800mm,1445755,90
SCVA,2026-06,HP1/01/190gsm/1790mm,1285450,53
SCVA,2026-07,HP1/01/190gsm/1790mm,1285450,43
SCVA,2026-08,HP1/01/190gsm/1790mm,1285450,38
SCVA,2026-09,HP1/01/190gsm/1790mm,1285450,49
SCVA,2026-06,HP1/01/190gsm/1990mm,1290921,52
SCVA,2026-07,HP1/01/190gsm/1990mm,1290921,42
SCVA,2026-08,HP1/01/190gsm/1990mm,1290921,37
SCVA,2026-09,HP1/01/190gsm/1990mm,1290921,48
SCVA,2026-06,HP1/01/190gsm/2290mm,1294872,52
SCVA,2026-07,HP1/01/190gsm/2290mm,1294872,41
SCVA,2026-08,HP1/01/190gsm/2290mm,1294872,37
SCVA,2026-09,HP1/01/190gsm/2290mm,1294872,47
SCVA,2026-06,HP1/01/190gsm/2440mm,1420972,53
SCVA,2026-07,HP1/01/190gsm/2440mm,1420972,42
SCVA,2026-08,HP1/01/190gsm/2440mm,1420972,38
SCVA,2026-09,HP1/01/190gsm/2440mm,1420972,49
SCVA,2026-06,HP2/01/105gsm/2290mm,1286761,38
SCVA,2026-07,HP2/01/105gsm/2290mm,1286761,31
SCVA,2026-08,HP2/01/105gsm/2290mm,1286761,27
SCVA,2026-09,HP2/01/105gsm/2290mm,1286761,35
SCVA,2026-06,HP2/01/105gsm/2440mm,1286737,47
SCVA,2026-07,HP2/01/105gsm/2440mm,1286737,37
SCVA,2026-08,HP2/01/105gsm/2440mm,1286737,33
SCVA,2026-09,HP2/01/105gsm/2440mm,1286737,43
SCVA,2026-06,HP2/01/115gsm/2290mm,942839,49
SCVA,2026-07,HP2/01/115gsm/2290mm,942839,39
SCVA,2026-08,HP2/01/115gsm/2290mm,942839,35
SCVA,2026-09,HP2/01/115gsm/2290mm,942839,45
SCVA,2026-06,HP2/01/115gsm/2440mm,942803,61
SCVA,2026-07,HP2/01/115gsm/2440mm,942803,48
SCVA,2026-08,HP2/01/115gsm/2440mm,942803,43
SCVA,2026-09,HP2/01/115gsm/2440mm,942803,56
SCVA,2026-06,HP2/01/125gsm/1790mm,1583554,52
SCVA,2026-07,HP2/01/125gsm/1790mm,1583554,42
SCVA,2026-08,HP2/01/125gsm/1790mm,1583554,37
SCVA,2026-09,HP2/01/125gsm/1790mm,1583554,48
SCVA,2026-06,HP2/01/125gsm/1990mm,1583713,55
SCVA,2026-07,HP2/01/125gsm/1990mm,1583713,44
SCVA,2026-08,HP2/01/125gsm/1990mm,1583713,39
SCVA,2026-09,HP2/01/125gsm/1990mm,1583713,50
SCVA,2026-06,HP2/01/125gsm/2290mm,1583712,184
SCVA,2026-07,HP2/01/125gsm/2290mm,1583712,147
SCVA,2026-08,HP2/01/125gsm/2290mm,1583712,131
SCVA,2026-09,HP2/01/125gsm/2290mm,1583712,168
SCVA,2026-06,HP2/01/125gsm/2440mm,1358116,288
SCVA,2026-07,HP2/01/125gsm/2440mm,1358116,231
SCVA,2026-08,HP2/01/125gsm/2440mm,1358116,208
SCVA,2026-09,HP2/01/125gsm/2440mm,1358116,265
SCVA,2026-06,HP2/01/155gsm/1790mm,1672417,65
SCVA,2026-07,HP2/01/155gsm/1790mm,1672417,53
SCVA,2026-08,HP2/01/155gsm/1790mm,1672417,47
SCVA,2026-09,HP2/01/155gsm/1790mm,1672417,60
SCVA,2026-06,HP2/01/155gsm/1990mm,1672414,66
SCVA,2026-07,HP2/01/155gsm/1990mm,1672414,54
SCVA,2026-08,HP2/01/155gsm/1990mm,1672414,48
SCVA,2026-09,HP2/01/155gsm/1990mm,1672414,62
SCVA,2026-06,HP2/01/155gsm/2290mm,1672416,151
SCVA,2026-07,HP2/01/155gsm/2290mm,1672416,120
SCVA,2026-08,HP2/01/155gsm/2290mm,1672416,108
SCVA,2026-09,HP2/01/155gsm/2290mm,1672416,138
SCVA,2026-06,HP2/01/155gsm/2440mm,1664633,155
SCVA,2026-07,HP2/01/155gsm/2440mm,1664633,125
SCVA,2026-08,HP2/01/155gsm/2440mm,1664633,110
SCVA,2026-09,HP2/01/155gsm/2440mm,1664633,144
SCVA,2026-06,K/01/160gsm/1800mm,1348498,40
SCVA,2026-07,K/01/160gsm/1800mm,1348498,32
SCVA,2026-08,K/01/160gsm/1800mm,1348498,29
SCVA,2026-09,K/01/160gsm/1800mm,1348498,37
SCVA,2026-06,K/01/160gsm/2300mm,1494097,43
SCVA,2026-07,K/01/160gsm/2300mm,1494097,34
SCVA,2026-08,K/01/160gsm/2300mm,1494097,31
SCVA,2026-09,K/01/160gsm/2300mm,1494097,39
SCVA,2026-06,K/01/160gsm/2450mm,1493946,79
SCVA,2026-07,K/01/160gsm/2450mm,1493946,63
SCVA,2026-08,K/01/160gsm/2450mm,1493946,56
SCVA,2026-09,K/01/160gsm/2450mm,1493946,72
SCVA,2026-06,K/01/225gsm/1800mm,645244,34
SCVA,2026-07,K/01/225gsm/1800mm,645244,27
SCVA,2026-08,K/01/225gsm/1800mm,645244,24
SCVA,2026-09,K/01/225gsm/1800mm,645244,31
SCVA,2026-06,K/01/225gsm/2300mm,1168278,30
SCVA,2026-07,K/01/225gsm/2300mm,1168278,24
SCVA,2026-08,K/01/225gsm/2300mm,1168278,21
SCVA,2026-09,K/01/225gsm/2300mm,1168278,27
SCVA,2026-06,K/01/225gsm/2450mm,1168283,70
SCVA,2026-07,K/01/225gsm/2450mm,1168283,56
SCVA,2026-08,K/01/225gsm/2450mm,1168283,50
SCVA,2026-09,K/01/225gsm/2450mm,1168283,64
SCVA,2026-06,K/01/275gsm/1800mm,645488,25
SCVA,2026-07,K/01/275gsm/1800mm,645488,20
SCVA,2026-08,K/01/275gsm/1800mm,645488,18
SCVA,2026-09,K/01/275gsm/1800mm,645488,23
SCVA,2026-06,K/01/275gsm/2300mm,1168455,32
SCVA,2026-07,K/01/275gsm/2300mm,1168455,25
SCVA,2026-08,K/01/275gsm/2300mm,1168455,23
SCVA,2026-09,K/01/275gsm/2300mm,1168455,29
SCVA,2026-06,K/01/275gsm/2450mm,1168464,72
SCVA,2026-07,K/01/275gsm/2450mm,1168464,58
SCVA,2026-08,K/01/275gsm/2450mm,1168464,51
SCVA,2026-09,K/01/275gsm/2450mm,1168464,66
SCVA,2026-06,K/01/400gsm/2000mm,645844,45
SCVA,2026-07,K/01/400gsm/2000mm,645844,36
SCVA,2026-08,K/01/400gsm/2000mm,645844,32
SCVA,2026-09,K/01/400gsm/2000mm,645844,41
SCVA,2026-06,K/01/400gsm/2300mm,645874,183
SCVA,2026-07,K/01/400gsm/2300mm,645874,146
SCVA,2026-08,K/01/400gsm/2300mm,645874,131
SCVA,2026-09,K/01/400gsm/2300mm,645874,168
SCVA,2026-06,K/01/400gsm/2450mm,645898,95
SCVA,2026-07,K/01/400gsm/2450mm,645898,76
SCVA,2026-08,K/01/400gsm/2450mm,645898,68
SCVA,2026-09,K/01/400gsm/2450mm,645898,87
SCVA,2026-06,K/01/430gsm/1800mm,1142344,44
SCVA,2026-07,K/01/430gsm/1800mm,1142344,35
SCVA,2026-08,K/01/430gsm/1800mm,1142344,32
SCVA,2026-09,K/01/430gsm/1800mm,1142344,40
SCVA,2026-06,K/01/430gsm/2000mm,989142,43
SCVA,2026-07,K/01/430gsm/2000mm,989142,35
SCVA,2026-08,K/01/430gsm/2000mm,989142,31
SCVA,2026-09,K/01/430gsm/2000mm,989142,40
SCVA,2026-06,K/01/430gsm/2450mm,1131849,21
SCVA,2026-07,K/01/430gsm/2450mm,1131849,17
SCVA,2026-08,K/01/430gsm/2450mm,1131849,15
SCVA,2026-09,K/01/430gsm/2450mm,1131849,19
SCVA,2026-06,RF1/01/100gsm/2290mm,646007,85
SCVA,2026-07,RF1/01/100gsm/2290mm,646007,68
SCVA,2026-08,RF1/01/100gsm/2290mm,646007,61
SCVA,2026-09,RF1/01/100gsm/2290mm,646007,78
SCVA,2026-06,RF1/01/100gsm/2440mm,646052,121
SCVA,2026-07,RF1/01/100gsm/2440mm,646052,97
SCVA,2026-08,RF1/01/100gsm/2440mm,646052,86
SCVA,2026-09,RF1/01/100gsm/2440mm,646052,111
SCVA,2026-06,RF1/01/80gsm/2090mm,744462,31
SCVA,2026-07,RF1/01/80gsm/2090mm,744462,25
SCVA,2026-08,RF1/01/80gsm/2090mm,744462,22
SCVA,2026-09,RF1/01/80gsm/2090mm,744462,29
SCVA,2026-06,RF1/01/80gsm/2290mm,1474173,78
SCVA,2026-07,RF1/01/80gsm/2290mm,1474173,62
SCVA,2026-08,RF1/01/80gsm/2290mm,1474173,56
SCVA,2026-09,RF1/01/80gsm/2290mm,1474173,72
SCVA,2026-06,RF1/01/80gsm/2440mm,973813,92
SCVA,2026-07,RF1/01/80gsm/2440mm,973813,73
SCVA,2026-08,RF1/01/80gsm/2440mm,973813,65
SCVA,2026-09,RF1/01/80gsm/2440mm,973813,84
SCVA,2026-06,TSL/01/110gsm/2300mm,942616,45
SCVA,2026-07,TSL/01/110gsm/2300mm,942616,36
SCVA,2026-08,TSL/01/110gsm/2300mm,942616,32
SCVA,2026-09,TSL/01/110gsm/2300mm,942616,41
SCVA,2026-06,TSL/01/110gsm/2450mm,942582,30
SCVA,2026-07,TSL/01/110gsm/2450mm,942582,24
SCVA,2026-08,TSL/01/110gsm/2450mm,942582,22
SCVA,2026-09,TSL/01/110gsm/2450mm,942582,28
SCVA,2026-06,TSL/01/125gsm/2000mm,1584445,35
SCVA,2026-07,TSL/01/125gsm/2000mm,1584445,28
SCVA,2026-08,TSL/01/125gsm/2000mm,1584445,25
SCVA,2026-09,TSL/01/125gsm/2000mm,1584445,32
SCVA,2026-06,TSL/01/125gsm/2100mm,1584438,26
SCVA,2026-07,TSL/01/125gsm/2100mm,1584438,21
SCVA,2026-08,TSL/01/125gsm/2100mm,1584438,18
SCVA,2026-09,TSL/01/125gsm/2100mm,1584438,24
SCVA,2026-06,TSL/01/125gsm/2300mm,1584436,138
SCVA,2026-07,TSL/01/125gsm/2300mm,1584436,110
SCVA,2026-08,TSL/01/125gsm/2300mm,1584436,99
SCVA,2026-09,TSL/01/125gsm/2300mm,1584436,127
SCVA,2026-06,TSL/01/125gsm/2450mm,1584447,203
SCVA,2026-07,TSL/01/125gsm/2450mm,1584447,162
SCVA,2026-08,TSL/01/125gsm/2450mm,1584447,145
SCVA,2026-09,TSL/01/125gsm/2450mm,1584447,186
SCVA,2026-06,TSL/01/150gsm/2300mm,942591,47
SCVA,2026-07,TSL/01/150gsm/2300mm,942591,37
SCVA,2026-08,TSL/01/150gsm/2300mm,942591,33
SCVA,2026-09,TSL/01/150gsm/2300mm,942591,43
SCVA,2026-06,TSL/01/150gsm/2450mm,942592,72
SCVA,2026-07,TSL/01/150gsm/2450mm,942592,58
SCVA,2026-08,TSL/01/150gsm/2450mm,942592,51
SCVA,2026-09,TSL/01/150gsm/2450mm,942592,66
SPAL,2026-06,HP2/01/115gsm/1790mm,942829,138
SPAL,2026-07,HP2/01/115gsm/1790mm,942829,132
SPAL,2026-08,HP2/01/115gsm/1790mm,942829,123
SPAL,2026-09,HP2/01/115gsm/1790mm,942829,145
SPAL,2026-06,HP2/01/115gsm/1990mm,942800,151
SPAL,2026-07,HP2/01/115gsm/1990mm,942800,156
SPAL,2026-08,HP2/01/115gsm/1990mm,942800,130
SPAL,2026-09,HP2/01/115gsm/1990mm,942800,177
SPAL,2026-06,HP2/01/115gsm/2090mm,942801,143
SPAL,2026-07,HP2/01/115gsm/2090mm,942801,124
SPAL,2026-08,HP2/01/115gsm/2090mm,942801,128
SPAL,2026-09,HP2/01/115gsm/2090mm,942801,207
SPAL,2026-06,HP2/01/115gsm/2290mm,942839,91
SPAL,2026-07,HP2/01/115gsm/2290mm,942839,117
SPAL,2026-08,HP2/01/115gsm/2290mm,942839,71
SPAL,2026-09,HP2/01/115gsm/2290mm,942839,246
SPAL,2026-06,HP2/01/115gsm/2440mm,942803,157
SPAL,2026-07,HP2/01/115gsm/2440mm,942803,136
SPAL,2026-08,HP2/01/115gsm/2440mm,942803,113
SPAL,2026-09,HP2/01/115gsm/2440mm,942803,227
SPAL,2026-06,HP2/01/155gsm/1790mm,1672417,147
SPAL,2026-07,HP2/01/155gsm/1790mm,1672417,136
SPAL,2026-08,HP2/01/155gsm/1790mm,1672417,130
SPAL,2026-09,HP2/01/155gsm/1790mm,1672417,81
SPAL,2026-06,HP2/01/155gsm/1990mm,1672414,180
SPAL,2026-07,HP2/01/155gsm/1990mm,1672414,184
SPAL,2026-08,HP2/01/155gsm/1990mm,1672414,143
SPAL,2026-09,HP2/01/155gsm/1990mm,1672414,144
SPAL,2026-06,HP2/01/155gsm/2090mm,1672415,150
SPAL,2026-07,HP2/01/155gsm/2090mm,1672415,139
SPAL,2026-08,HP2/01/155gsm/2090mm,1672415,104
SPAL,2026-09,HP2/01/155gsm/2090mm,1672415,114
SPAL,2026-06,HP2/01/155gsm/2290mm,1672416,193
SPAL,2026-07,HP2/01/155gsm/2290mm,1672416,218
SPAL,2026-08,HP2/01/155gsm/2290mm,1672416,140
SPAL,2026-09,HP2/01/155gsm/2290mm,1672416,152
SPAL,2026-06,HP2/01/155gsm/2440mm,1664633,228
SPAL,2026-07,HP2/01/155gsm/2440mm,1664633,226
SPAL,2026-08,HP2/01/155gsm/2440mm,1664633,184
SPAL,2026-09,HP2/01/155gsm/2440mm,1664633,154
SPAL,2026-06,K/01/110gsm/1800mm,1321726,68
SPAL,2026-07,K/01/110gsm/1800mm,1321726,79
SPAL,2026-08,K/01/110gsm/1800mm,1321726,57
SPAL,2026-09,K/01/110gsm/1800mm,1321726,36
SPAL,2026-06,K/01/135gsm/2000mm,645112,86
SPAL,2026-07,K/01/135gsm/2000mm,645112,72
SPAL,2026-08,K/01/135gsm/2000mm,645112,63
SPAL,2026-09,K/01/135gsm/2000mm,645112,45
SPAL,2026-06,K/01/135gsm/2100mm,645118,41
SPAL,2026-07,K/01/135gsm/2100mm,645118,33
SPAL,2026-08,K/01/135gsm/2100mm,645118,22
SPAL,2026-09,K/01/135gsm/2100mm,645118,32
SPAL,2026-06,K/01/135gsm/2300mm,645133,27
SPAL,2026-07,K/01/135gsm/2300mm,645133,18
SPAL,2026-08,K/01/135gsm/2300mm,645133,20
SPAL,2026-09,K/01/135gsm/2300mm,645133,26
SPAL,2026-06,K/01/135gsm/2450mm,645142,37
SPAL,2026-07,K/01/135gsm/2450mm,645142,45
SPAL,2026-08,K/01/135gsm/2450mm,645142,28
SPAL,2026-09,K/01/135gsm/2450mm,645142,27
SPAL,2026-06,K/01/160gsm/1800mm,1348498,65
SPAL,2026-07,K/01/160gsm/1800mm,1348498,79
SPAL,2026-08,K/01/160gsm/1800mm,1348498,54
SPAL,2026-09,K/01/160gsm/1800mm,1348498,36
SPAL,2026-06,K/01/160gsm/2000mm,1419847,56
SPAL,2026-07,K/01/160gsm/2000mm,1419847,55
SPAL,2026-08,K/01/160gsm/2000mm,1419847,28
SPAL,2026-09,K/01/160gsm/2000mm,1419847,25
SPAL,2026-06,K/01/160gsm/2100mm,1472401,34
SPAL,2026-07,K/01/160gsm/2100mm,1472401,30
SPAL,2026-08,K/01/160gsm/2100mm,1472401,33
SPAL,2026-09,K/01/160gsm/2100mm,1472401,15
SPAL,2026-06,K/01/160gsm/2300mm,1494098,60
SPAL,2026-07,K/01/160gsm/2300mm,1494098,74
SPAL,2026-08,K/01/160gsm/2300mm,1494098,60
SPAL,2026-09,K/01/160gsm/2300mm,1494098,33
SPAL,2026-06,K/01/160gsm/2450mm,1311552,62
SPAL,2026-07,K/01/160gsm/2450mm,1311552,76
SPAL,2026-08,K/01/160gsm/2450mm,1311552,45
SPAL,2026-09,K/01/160gsm/2450mm,1311552,39
SPAL,2026-06,K/01/225gsm/1800mm,645244,91
SPAL,2026-07,K/01/225gsm/1800mm,645244,60
SPAL,2026-08,K/01/225gsm/1800mm,645244,63
SPAL,2026-09,K/01/225gsm/1800mm,645244,12
SPAL,2026-06,K/01/225gsm/2000mm,645271,32
SPAL,2026-07,K/01/225gsm/2000mm,645271,45
SPAL,2026-08,K/01/225gsm/2000mm,645271,45
SPAL,2026-09,K/01/225gsm/2000mm,645271,85
SPAL,2026-06,K/01/225gsm/2100mm,645289,63
SPAL,2026-07,K/01/225gsm/2100mm,645289,49
SPAL,2026-08,K/01/225gsm/2100mm,645289,29
SPAL,2026-09,K/01/225gsm/2100mm,645289,20
SPAL,2026-06,K/01/225gsm/2300mm,645325,38
SPAL,2026-07,K/01/225gsm/2300mm,645325,31
SPAL,2026-08,K/01/225gsm/2300mm,645325,24
SPAL,2026-09,K/01/225gsm/2300mm,645325,19
SPAL,2026-06,K/01/225gsm/2450mm,645355,60
SPAL,2026-07,K/01/225gsm/2450mm,645355,34
SPAL,2026-08,K/01/225gsm/2450mm,645355,20
SPAL,2026-09,K/01/225gsm/2450mm,645355,65
SPAL,2026-06,K/01/275gsm/2300mm,645558,25
SPAL,2026-07,K/01/275gsm/2300mm,645558,45
SPAL,2026-08,K/01/275gsm/2300mm,645558,17
SPAL,2026-09,K/01/275gsm/2300mm,645558,24
SPAL,2026-06,KS/257/215gsm/2100mm,1475566,
SPAL,2026-07,KS/257/215gsm/2100mm,1475566,
SPAL,2026-08,KS/257/215gsm/2100mm,1475566,
SPAL,2026-09,KS/257/215gsm/2100mm,1475566,
SPAL,2026-06,KW2/01/115gsm/2000mm,744711,29
SPAL,2026-07,KW2/01/115gsm/2000mm,744711,32
SPAL,2026-08,KW2/01/115gsm/2000mm,744711,27
SPAL,2026-09,KW2/01/115gsm/2000mm,744711,28
SPAL,2026-06,KW2/01/115gsm/2100mm,744713,36
SPAL,2026-07,KW2/01/115gsm/2100mm,744713,26
SPAL,2026-08,KW2/01/115gsm/2100mm,744713,23
SPAL,2026-09,KW2/01/115gsm/2100mm,744713,28
SPAL,2026-06,KW2/01/115gsm/2300mm,1192152,48
SPAL,2026-07,KW2/01/115gsm/2300mm,1192152,57
SPAL,2026-08,KW2/01/115gsm/2300mm,1192152,38
SPAL,2026-09,KW2/01/115gsm/2300mm,1192152,39
SPAL,2026-06,KW2/01/115gsm/2450mm,644728,43
SPAL,2026-07,KW2/01/115gsm/2450mm,644728,47
SPAL,2026-08,KW2/01/115gsm/2450mm,644728,42
SPAL,2026-09,KW2/01/115gsm/2450mm,644728,44
SPAL,2026-06,TSL/01/100gsm/1800mm,1080949,66
SPAL,2026-07,TSL/01/100gsm/1800mm,1080949,119
SPAL,2026-08,TSL/01/100gsm/1800mm,1080949,72
SPAL,2026-09,TSL/01/100gsm/1800mm,1080949,44
SPAL,2026-06,TSL/01/100gsm/2000mm,1081246,43
SPAL,2026-07,TSL/01/100gsm/2000mm,1081246,50
SPAL,2026-08,TSL/01/100gsm/2000mm,1081246,52
SPAL,2026-09,TSL/01/100gsm/2000mm,1081246,41
SPAL,2026-06,TSL/01/100gsm/2100mm,1081145,139
SPAL,2026-07,TSL/01/100gsm/2100mm,1081145,105
SPAL,2026-08,TSL/01/100gsm/2100mm,1081145,122
SPAL,2026-09,TSL/01/100gsm/2100mm,1081145,44
SPAL,2026-06,TSL/01/100gsm/2300mm,1081227,132
SPAL,2026-07,TSL/01/100gsm/2300mm,1081227,120
SPAL,2026-08,TSL/01/100gsm/2300mm,1081227,122
SPAL,2026-09,TSL/01/100gsm/2300mm,1081227,84
SPAL,2026-06,TSL/01/100gsm/2450mm,1080948,110
SPAL,2026-07,TSL/01/100gsm/2450mm,1080948,93
SPAL,2026-08,TSL/01/100gsm/2450mm,1080948,71
SPAL,2026-09,TSL/01/100gsm/2450mm,1080948,84
SPAL,2026-06,TSL/01/125gsm/1800mm,1584854,81
SPAL,2026-07,TSL/01/125gsm/1800mm,1584854,102
SPAL,2026-08,TSL/01/125gsm/1800mm,1584854,61
SPAL,2026-09,TSL/01/125gsm/1800mm,1584854,15
SPAL,2026-06,TSL/01/125gsm/2000mm,1584445,136
SPAL,2026-07,TSL/01/125gsm/2000mm,1584445,118
SPAL,2026-08,TSL/01/125gsm/2000mm,1584445,90
SPAL,2026-09,TSL/01/125gsm/2000mm,1584445,30
SPAL,2026-06,TSL/01/125gsm/2100mm,1584438,109
SPAL,2026-07,TSL/01/125gsm/2100mm,1584438,110
SPAL,2026-08,TSL/01/125gsm/2100mm,1584438,121
SPAL,2026-09,TSL/01/125gsm/2100mm,1584438,27
SPAL,2026-06,TSL/01/125gsm/2300mm,1584436,144
SPAL,2026-07,TSL/01/125gsm/2300mm,1584436,154
SPAL,2026-08,TSL/01/125gsm/2300mm,1584436,116
SPAL,2026-09,TSL/01/125gsm/2300mm,1584436,46
SPAL,2026-06,TSL/01/125gsm/2450mm,1584447,134
SPAL,2026-07,TSL/01/125gsm/2450mm,1584447,133
SPAL,2026-08,TSL/01/125gsm/2450mm,1584447,110
SPAL,2026-09,TSL/01/125gsm/2450mm,1584447,34
SPAL,2026-06,TSL/01/80gsm/2000mm,1584433,28
SPAL,2026-07,TSL/01/80gsm/2000mm,1584433,23
SPAL,2026-08,TSL/01/80gsm/2000mm,1584433,23
SPAL,2026-09,TSL/01/80gsm/2000mm,1584433,21
SPAL,2026-06,TWTC2/51/115gsm/1800mm,1446615,47
SPAL,2026-07,TWTC2/51/115gsm/1800mm,1446615,63
SPAL,2026-08,TWTC2/51/115gsm/1800mm,1446615,46
SPAL,2026-09,TWTC2/51/115gsm/1800mm,1446615,41
SPAL,2026-06,TWTC2/51/115gsm/2100mm,1445750,63
SPAL,2026-07,TWTC2/51/115gsm/2100mm,1445750,52
SPAL,2026-08,TWTC2/51/115gsm/2100mm,1445750,62
SPAL,2026-09,TWTC2/51/115gsm/2100mm,1445750,33
SPAL,2026-06,TWTC2/51/115gsm/2300mm,1446614,47
SPAL,2026-07,TWTC2/51/115gsm/2300mm,1446614,47
SPAL,2026-08,TWTC2/51/115gsm/2300mm,1446614,41
SPAL,2026-09,TWTC2/51/115gsm/2300mm,1446614,52
SPAL,2026-06,TWTC2/51/115gsm/2450mm,1445751,48
SPAL,2026-07,TWTC2/51/115gsm/2450mm,1445751,37
SPAL,2026-08,TWTC2/51/115gsm/2450mm,1445751,28
SPAL,2026-09,TWTC2/51/115gsm/2450mm,1445751,43
SQUA,2026-06,HP2/01/105gsm/2190mm,1286759,48
SQUA,2026-07,HP2/01/105gsm/2190mm,1286759,49
SQUA,2026-08,HP2/01/105gsm/2190mm,1286759,41
SQUA,2026-09,HP2/01/105gsm/2190mm,1286759,43
SQUA,2026-06,HP2/01/105gsm/2440mm,1286737,42
SQUA,2026-07,HP2/01/105gsm/2440mm,1286737,43
SQUA,2026-08,HP2/01/105gsm/2440mm,1286737,36
SQUA,2026-09,HP2/01/105gsm/2440mm,1286737,37
SQUA,2026-06,HP2/01/115gsm/1990mm,942800,37
SQUA,2026-07,HP2/01/115gsm/1990mm,942800,35
SQUA,2026-08,HP2/01/115gsm/1990mm,942800,30
SQUA,2026-09,HP2/01/115gsm/1990mm,942800,33
SQUA,2026-06,HP2/01/115gsm/2190mm,942802,66
SQUA,2026-07,HP2/01/115gsm/2190mm,942802,62
SQUA,2026-08,HP2/01/115gsm/2190mm,942802,55
SQUA,2026-09,HP2/01/115gsm/2190mm,942802,59
SQUA,2026-06,HP2/01/115gsm/2440mm,942803,98
SQUA,2026-07,HP2/01/115gsm/2440mm,942803,92
SQUA,2026-08,HP2/01/115gsm/2440mm,942803,81
SQUA,2026-09,HP2/01/115gsm/2440mm,942803,87
SQUA,2026-06,HP2/01/115gsm/2640mm,1456466,66
SQUA,2026-07,HP2/01/115gsm/2640mm,1456466,63
SQUA,2026-08,HP2/01/115gsm/2640mm,1456466,55
SQUA,2026-09,HP2/01/115gsm/2640mm,1456466,59
SQUA,2026-06,HP2/01/115gsm/2790mm,1445920,155
SQUA,2026-07,HP2/01/115gsm/2790mm,1445920,146
SQUA,2026-08,HP2/01/115gsm/2790mm,1445920,128
SQUA,2026-09,HP2/01/115gsm/2790mm,1445920,138
SQUA,2026-06,HP2/01/125gsm/1990mm,1583713,83
SQUA,2026-07,HP2/01/125gsm/1990mm,1583713,84
SQUA,2026-08,HP2/01/125gsm/1990mm,1583713,71
SQUA,2026-09,HP2/01/125gsm/1990mm,1583713,77
SQUA,2026-06,HP2/01/125gsm/2190mm,1583714,254
SQUA,2026-07,HP2/01/125gsm/2190mm,1583714,255
SQUA,2026-08,HP2/01/125gsm/2190mm,1583714,215
SQUA,2026-09,HP2/01/125gsm/2190mm,1583714,235
SQUA,2026-06,HP2/01/125gsm/2440mm,1358116,186
SQUA,2026-07,HP2/01/125gsm/2440mm,1358116,187
SQUA,2026-08,HP2/01/125gsm/2440mm,1358116,158
SQUA,2026-09,HP2/01/125gsm/2440mm,1358116,172
SQUA,2026-06,HP2/01/127gsm/2640mm,1691721,
SQUA,2026-07,HP2/01/127gsm/2640mm,1691721,
SQUA,2026-08,HP2/01/127gsm/2640mm,1691721,
SQUA,2026-09,HP2/01/127gsm/2640mm,1691721,
SQUA,2026-06,HP2/01/127gsm/2790mm,1691722,
SQUA,2026-07,HP2/01/127gsm/2790mm,1691722,
SQUA,2026-08,HP2/01/127gsm/2790mm,1691722,
SQUA,2026-09,HP2/01/127gsm/2790mm,1691722,
SQUA,2026-06,HP2/01/155gsm/1990mm,1672414,119
SQUA,2026-07,HP2/01/155gsm/1990mm,1672414,129
SQUA,2026-08,HP2/01/155gsm/1990mm,1672414,104
SQUA,2026-09,HP2/01/155gsm/1990mm,1672414,115
SQUA,2026-06,HP2/01/155gsm/2190mm,1672412,191
SQUA,2026-07,HP2/01/155gsm/2190mm,1672412,207
SQUA,2026-08,HP2/01/155gsm/2190mm,1672412,167
SQUA,2026-09,HP2/01/155gsm/2190mm,1672412,184
SQUA,2026-06,HP2/01/155gsm/2440mm,1664633,220
SQUA,2026-07,HP2/01/155gsm/2440mm,1664633,238
SQUA,2026-08,HP2/01/155gsm/2440mm,1664633,192
SQUA,2026-09,HP2/01/155gsm/2440mm,1664633,211
SQUA,2026-06,HP2/01/155gsm/2640mm,1672496,122
SQUA,2026-07,HP2/01/155gsm/2640mm,1672496,132
SQUA,2026-08,HP2/01/155gsm/2640mm,1672496,107
SQUA,2026-09,HP2/01/155gsm/2640mm,1672496,117
SQUA,2026-06,HP2/01/155gsm/2790mm,1672495,228
SQUA,2026-07,HP2/01/155gsm/2790mm,1672495,246
SQUA,2026-08,HP2/01/155gsm/2790mm,1672495,199
SQUA,2026-09,HP2/01/155gsm/2790mm,1672495,219
SQUA,2026-06,K/01/125gsm/2200mm,645004,21
SQUA,2026-07,K/01/125gsm/2200mm,645004,22
SQUA,2026-08,K/01/125gsm/2200mm,645004,18
SQUA,2026-09,K/01/125gsm/2200mm,645004,22
SQUA,2026-06,K/01/160gsm/2000mm,1419847,20
SQUA,2026-07,K/01/160gsm/2000mm,1419847,23
SQUA,2026-08,K/01/160gsm/2000mm,1419847,17
SQUA,2026-09,K/01/160gsm/2000mm,1419847,20
SQUA,2026-06,K/01/160gsm/2200mm,1293486,59
SQUA,2026-07,K/01/160gsm/2200mm,1293486,65
SQUA,2026-08,K/01/160gsm/2200mm,1293486,50
SQUA,2026-09,K/01/160gsm/2200mm,1293486,57
SQUA,2026-06,K/01/160gsm/2450mm,1311552,52
SQUA,2026-07,K/01/160gsm/2450mm,1311552,58
SQUA,2026-08,K/01/160gsm/2450mm,1311552,45
SQUA,2026-09,K/01/160gsm/2450mm,1311552,51
SQUA,2026-06,KS/257/195gsm/2000mm,1348642,47
SQUA,2026-07,KS/257/195gsm/2000mm,1348642,50
SQUA,2026-08,KS/257/195gsm/2000mm,1348642,40
SQUA,2026-09,KS/257/195gsm/2000mm,1348642,43
SQUA,2026-06,KS/257/195gsm/2200mm,1348644,103
SQUA,2026-07,KS/257/195gsm/2200mm,1348644,108
SQUA,2026-08,KS/257/195gsm/2200mm,1348644,87
SQUA,2026-09,KS/257/195gsm/2200mm,1348644,95
SQUA,2026-06,KS/257/195gsm/2450mm,1348645,41
SQUA,2026-07,KS/257/195gsm/2450mm,1348645,43
SQUA,2026-08,KS/257/195gsm/2450mm,1348645,35
SQUA,2026-09,KS/257/195gsm/2450mm,1348645,38
SQUA,2026-06,KS/257/245gsm/2650mm,1595584,83
SQUA,2026-07,KS/257/245gsm/2650mm,1595584,87
SQUA,2026-08,KS/257/245gsm/2650mm,1595584,72
SQUA,2026-09,KS/257/245gsm/2650mm,1595584,80
SQUA,2026-06,KS/257/245gsm/2800mm,1595585,44
SQUA,2026-07,KS/257/245gsm/2800mm,1595585,46
SQUA,2026-08,KS/257/245gsm/2800mm,1595585,38
SQUA,2026-09,KS/257/245gsm/2800mm,1595585,43
SQUA,2026-06,KW2/01/115gsm/2000mm,744711,54
SQUA,2026-07,KW2/01/115gsm/2000mm,744711,52
SQUA,2026-08,KW2/01/115gsm/2000mm,744711,46
SQUA,2026-09,KW2/01/115gsm/2000mm,744711,48
SQUA,2026-06,KW2/01/115gsm/2200mm,644725,80
SQUA,2026-07,KW2/01/115gsm/2200mm,644725,77
SQUA,2026-08,KW2/01/115gsm/2200mm,644725,68
SQUA,2026-09,KW2/01/115gsm/2200mm,644725,71
SQUA,2026-06,KW2/01/115gsm/2450mm,644728,75
SQUA,2026-07,KW2/01/115gsm/2450mm,644728,72
SQUA,2026-08,KW2/01/115gsm/2450mm,644728,63
SQUA,2026-09,KW2/01/115gsm/2450mm,644728,67
SQUA,2026-06,KW2/01/115gsm/2650mm,1404037,69
SQUA,2026-07,KW2/01/115gsm/2650mm,1404037,67
SQUA,2026-08,KW2/01/115gsm/2650mm,1404037,59
SQUA,2026-09,KW2/01/115gsm/2650mm,1404037,62
SQUA,2026-06,KW2/01/115gsm/2800mm,1283512,98
SQUA,2026-07,KW2/01/115gsm/2800mm,1283512,94
SQUA,2026-08,KW2/01/115gsm/2800mm,1283512,83
SQUA,2026-09,KW2/01/115gsm/2800mm,1283512,87
SQUA,2026-06,KW2/01/160gsm/2200mm,911930,56
SQUA,2026-07,KW2/01/160gsm/2200mm,911930,55
SQUA,2026-08,KW2/01/160gsm/2200mm,911930,52
SQUA,2026-09,KW2/01/160gsm/2200mm,911930,55
SQUA,2026-06,KW2/01/160gsm/2650mm,1430392,23
SQUA,2026-07,KW2/01/160gsm/2650mm,1430392,23
SQUA,2026-08,KW2/01/160gsm/2650mm,1430392,22
SQUA,2026-09,KW2/01/160gsm/2650mm,1430392,23
SQUA,2026-06,KW2/01/160gsm/2800mm,1283513,30
SQUA,2026-07,KW2/01/160gsm/2800mm,1283513,29
SQUA,2026-08,KW2/01/160gsm/2800mm,1283513,28
SQUA,2026-09,KW2/01/160gsm/2800mm,1283513,30
SQUA,2026-06,RF1/01/100gsm/1990mm,645911,34
SQUA,2026-07,RF1/01/100gsm/1990mm,645911,34
SQUA,2026-08,RF1/01/100gsm/1990mm,645911,30
SQUA,2026-09,RF1/01/100gsm/1990mm,645911,30
SQUA,2026-06,RF1/01/100gsm/2190mm,645977,141
SQUA,2026-07,RF1/01/100gsm/2190mm,645977,142
SQUA,2026-08,RF1/01/100gsm/2190mm,645977,125
SQUA,2026-09,RF1/01/100gsm/2190mm,645977,125
SQUA,2026-06,RF1/01/100gsm/2440mm,646052,134
SQUA,2026-07,RF1/01/100gsm/2440mm,646052,135
SQUA,2026-08,RF1/01/100gsm/2440mm,646052,120
SQUA,2026-09,RF1/01/100gsm/2440mm,646052,119
SQUA,2026-06,RF1/01/100gsm/2640mm,1495962,119
SQUA,2026-07,RF1/01/100gsm/2640mm,1495962,120
SQUA,2026-08,RF1/01/100gsm/2640mm,1495962,106
SQUA,2026-09,RF1/01/100gsm/2640mm,1495962,106
SQUA,2026-06,RF1/01/100gsm/2790mm,736486,147
SQUA,2026-07,RF1/01/100gsm/2790mm,736486,148
SQUA,2026-08,RF1/01/100gsm/2790mm,736486,131
SQUA,2026-09,RF1/01/100gsm/2790mm,736486,130
SQUA,2026-06,RF1/01/80gsm/1990mm,745353,26
SQUA,2026-07,RF1/01/80gsm/1990mm,745353,27
SQUA,2026-08,RF1/01/80gsm/1990mm,745353,24
SQUA,2026-09,RF1/01/80gsm/1990mm,745353,26
SQUA,2026-06,RF1/01/80gsm/2190mm,648654,79
SQUA,2026-07,RF1/01/80gsm/2190mm,648654,81
SQUA,2026-08,RF1/01/80gsm/2190mm,648654,73
SQUA,2026-09,RF1/01/80gsm/2190mm,648654,78
SQUA,2026-06,RF1/01/80gsm/2440mm,973813,79
SQUA,2026-07,RF1/01/80gsm/2440mm,973813,82
SQUA,2026-08,RF1/01/80gsm/2440mm,973813,73
SQUA,2026-09,RF1/01/80gsm/2440mm,973813,79
SQUA,2026-06,T1/01/250gsm/2000mm,1342172,30
SQUA,2026-07,T1/01/250gsm/2000mm,1342172,31
SQUA,2026-08,T1/01/250gsm/2000mm,1342172,26
SQUA,2026-09,T1/01/250gsm/2000mm,1342172,29
SQUA,2026-06,T1/01/250gsm/2200mm,1262848,83
SQUA,2026-07,T1/01/250gsm/2200mm,1262848,87
SQUA,2026-08,T1/01/250gsm/2200mm,1262848,72
SQUA,2026-09,T1/01/250gsm/2200mm,1262848,80
SQUA,2026-06,T1/01/250gsm/2450mm,1262850,95
SQUA,2026-07,T1/01/250gsm/2450mm,1262850,99
SQUA,2026-08,T1/01/250gsm/2450mm,1262850,82
SQUA,2026-09,T1/01/250gsm/2450mm,1262850,91
SQUA,2026-06,TSL/01/100gsm/2650mm,1569822,46
SQUA,2026-07,TSL/01/100gsm/2650mm,1569822,40
SQUA,2026-08,TSL/01/100gsm/2650mm,1569822,36
SQUA,2026-09,TSL/01/100gsm/2650mm,1569822,35
SQUA,2026-06,TSL/01/100gsm/2800mm,1476486,42
SQUA,2026-07,TSL/01/100gsm/2800mm,1476486,37
SQUA,2026-08,TSL/01/100gsm/2800mm,1476486,33
SQUA,2026-09,TSL/01/100gsm/2800mm,1476486,32
SQUA,2026-06,TSL/01/125gsm/2200mm,1584446,100
SQUA,2026-07,TSL/01/125gsm/2200mm,1584446,105
SQUA,2026-08,TSL/01/125gsm/2200mm,1584446,89
SQUA,2026-09,TSL/01/125gsm/2200mm,1584446,92
SQUA,2026-06,TSL/01/125gsm/2450mm,1584447,92
SQUA,2026-07,TSL/01/125gsm/2450mm,1584447,96
SQUA,2026-08,TSL/01/125gsm/2450mm,1584447,82
SQUA,2026-09,TSL/01/125gsm/2450mm,1584447,85
SQUA,2026-06,TSL/01/125gsm/2650mm,1584439,66
SQUA,2026-07,TSL/01/125gsm/2650mm,1584439,69
SQUA,2026-08,TSL/01/125gsm/2650mm,1584439,59
SQUA,2026-09,TSL/01/125gsm/2650mm,1584439,60
SQUA,2026-06,TSL/01/125gsm/2800mm,1584440,205
SQUA,2026-07,TSL/01/125gsm/2800mm,1584440,214
SQUA,2026-08,TSL/01/125gsm/2800mm,1584440,182
SQUA,2026-09,TSL/01/125gsm/2800mm,1584440,188
SQUA,2026-06,TSL/01/150gsm/2200mm,942590,16
SQUA,2026-07,TSL/01/150gsm/2200mm,942590,17
SQUA,2026-08,TSL/01/150gsm/2200mm,942590,19
SQUA,2026-09,TSL/01/150gsm/2200mm,942590,16
SVIG,2026-06,HP2/01/115gsm/2190mm,942802,112
SVIG,2026-07,HP2/01/115gsm/2190mm,942802,107
SVIG,2026-08,HP2/01/115gsm/2190mm,942802,101
SVIG,2026-09,HP2/01/115gsm/2190mm,942802,91
SVIG,2026-06,HP2/01/115gsm/2440mm,942803,94
SVIG,2026-07,HP2/01/115gsm/2440mm,942803,91
SVIG,2026-08,HP2/01/115gsm/2440mm,942803,85
SVIG,2026-09,HP2/01/115gsm/2440mm,942803,77
SVIG,2026-06,HP2/01/125gsm/2190mm,1583714,135
SVIG,2026-07,HP2/01/125gsm/2190mm,1583714,130
SVIG,2026-08,HP2/01/125gsm/2190mm,1583714,122
SVIG,2026-09,HP2/01/125gsm/2190mm,1583714,111
SVIG,2026-06,HP2/01/125gsm/2440mm,1358116,135
SVIG,2026-07,HP2/01/125gsm/2440mm,1358116,130
SVIG,2026-08,HP2/01/125gsm/2440mm,1358116,122
SVIG,2026-09,HP2/01/125gsm/2440mm,1358116,111
SVIG,2026-06,HP2/01/155gsm/2190mm,1672412,171
SVIG,2026-07,HP2/01/155gsm/2190mm,1672412,157
SVIG,2026-08,HP2/01/155gsm/2190mm,1672412,156
SVIG,2026-09,HP2/01/155gsm/2190mm,1672412,176
SVIG,2026-06,HP2/01/155gsm/2440mm,1664633,108
SVIG,2026-07,HP2/01/155gsm/2440mm,1664633,100
SVIG,2026-08,HP2/01/155gsm/2440mm,1664633,98
SVIG,2026-09,HP2/01/155gsm/2440mm,1664633,111
SVIG,2026-06,K/01/110gsm/2200mm,1461707,78
SVIG,2026-07,K/01/110gsm/2200mm,1461707,74
SVIG,2026-08,K/01/110gsm/2200mm,1461707,65
SVIG,2026-09,K/01/110gsm/2200mm,1461707,75
SVIG,2026-06,K/01/110gsm/2450mm,1460216,84
SVIG,2026-07,K/01/110gsm/2450mm,1460216,81
SVIG,2026-08,K/01/110gsm/2450mm,1460216,71
SVIG,2026-09,K/01/110gsm/2450mm,1460216,81
SVIG,2026-06,K/01/125gsm/2450mm,1167214,
SVIG,2026-07,K/01/125gsm/2450mm,1167214,
SVIG,2026-08,K/01/125gsm/2450mm,1167214,
SVIG,2026-09,K/01/125gsm/2450mm,1167214,
SVIG,2026-06,KS/257/165gsm/2450mm,1348640,49
SVIG,2026-07,KS/257/165gsm/2450mm,1348640,42
SVIG,2026-08,KS/257/165gsm/2450mm,1348640,42
SVIG,2026-09,KS/257/165gsm/2450mm,1348640,31
SVIG,2026-06,KS/257/215gsm/2200mm,1513566,43
SVIG,2026-07,KS/257/215gsm/2200mm,1513566,37
SVIG,2026-08,KS/257/215gsm/2200mm,1513566,37
SVIG,2026-09,KS/257/215gsm/2200mm,1513566,28
SVIG,2026-06,KS/257/215gsm/2450mm,1454661,51
SVIG,2026-07,KS/257/215gsm/2450mm,1454661,44
SVIG,2026-08,KS/257/215gsm/2450mm,1454661,44
SVIG,2026-09,KS/257/215gsm/2450mm,1454661,33
SVIG,2026-06,KW2/01/115gsm/2200mm,1168951,36
SVIG,2026-07,KW2/01/115gsm/2200mm,1168951,35
SVIG,2026-08,KW2/01/115gsm/2200mm,1168951,29
SVIG,2026-09,KW2/01/115gsm/2200mm,1168951,37
SVIG,2026-06,KW2/01/115gsm/2450mm,1168958,51
SVIG,2026-07,KW2/01/115gsm/2450mm,1168958,49
SVIG,2026-08,KW2/01/115gsm/2450mm,1168958,41
SVIG,2026-09,KW2/01/115gsm/2450mm,1168958,52
SVIG,2026-06,TSL/01/100gsm/2000mm,1081246,
SVIG,2026-07,TSL/01/100gsm/2000mm,1081246,
SVIG,2026-08,TSL/01/100gsm/2000mm,1081246,
SVIG,2026-09,TSL/01/100gsm/2000mm,1081246,
SVIG,2026-06,TSL/01/100gsm/2200mm,1080886,18
SVIG,2026-07,TSL/01/100gsm/2200mm,1080886,50
SVIG,2026-08,TSL/01/100gsm/2200mm,1080886,42
SVIG,2026-09,TSL/01/100gsm/2200mm,1080886,37
SVIG,2026-06,TSL/01/100gsm/2450mm,1080948,22
SVIG,2026-07,TSL/01/100gsm/2450mm,1080948,58
SVIG,2026-08,TSL/01/100gsm/2450mm,1080948,48
SVIG,2026-09,TSL/01/100gsm/2450mm,1080948,43
SVIG,2026-06,TSL/01/125gsm/2000mm,1584445,
SVIG,2026-07,TSL/01/125gsm/2000mm,1584445,
SVIG,2026-08,TSL/01/125gsm/2000mm,1584445,
SVIG,2026-09,TSL/01/125gsm/2000mm,1584445,
SVIG,2026-06,TSL/01/125gsm/2200mm,1584446,122
SVIG,2026-07,TSL/01/125gsm/2200mm,1584446,84
SVIG,2026-08,TSL/01/125gsm/2200mm,1584446,71
SVIG,2026-09,TSL/01/125gsm/2200mm,1584446,102
SVIG,2026-06,TSL/01/125gsm/2450mm,1584447,134
SVIG,2026-07,TSL/01/125gsm/2450mm,1584447,92
SVIG,2026-08,TSL/01/125gsm/2450mm,1584447,78
SVIG,2026-09,TSL/01/125gsm/2450mm,1584447,112
SVIG,2026-06,TSL/01/150gsm/2200mm,942590,76
SVIG,2026-07,TSL/01/150gsm/2200mm,942590,52
SVIG,2026-08,TSL/01/150gsm/2200mm,942590,44
SVIG,2026-09,TSL/01/150gsm/2200mm,942590,64
SVIG,2026-06,TSL/01/80gsm/2200mm,1584434,19
SVIG,2026-07,TSL/01/80gsm/2200mm,1584434,51
SVIG,2026-08,TSL/01/80gsm/2200mm,1584434,43
SVIG,2026-09,TSL/01/80gsm/2200mm,1584434,38
SVIG,2026-06,TSL/01/80gsm/2300mm,1584328,
SVIG,2026-07,TSL/01/80gsm/2300mm,1584328,
SVIG,2026-08,TSL/01/80gsm/2300mm,1584328,
SVIG,2026-09,TSL/01/80gsm/2300mm,1584328,
SVIG,2026-06,TSL/01/80gsm/2450mm,1584435,40
SVIG,2026-07,TSL/01/80gsm/2450mm,1584435,106
SVIG,2026-08,TSL/01/80gsm/2450mm,1584435,89
SVIG,2026-09,TSL/01/80gsm/2450mm,1584435,80
SVIG,2026-06,TWTC2/51/115gsm/2200mm,1446616,44
SVIG,2026-07,TWTC2/51/115gsm/2200mm,1446616,49
SVIG,2026-08,TWTC2/51/115gsm/2200mm,1446616,36
SVIG,2026-09,TWTC2/51/115gsm/2200mm,1446616,52
SVIG,2026-06,TWTC2/51/115gsm/2450mm,1445751,52
SVIG,2026-07,TWTC2/51/115gsm/2450mm,1445751,57
SVIG,2026-08,TWTC2/51/115gsm/2450mm,1445751,41
SVIG,2026-09,TWTC2/51/115gsm/2450mm,1445751,60
