planta,mes,sku_planner,product_sap,strategy,forecast_to
PCEL,2026-07,HP2/01/115gsm/2190mm,942802,VMI,95
PCEL,2026-07,HP2/01/115gsm/2440mm,942803,VMI,170
PCEL,2026-07,HP2/01/115gsm/2640mm,1456466,NO VMI,34
PCEL,2026-07,HP2/01/115gsm/2790mm,1445920,NO VMI,82
PCEL,2026-07,HP2/01/125gsm/2190mm,1583714,VMI,77
PCEL,2026-07,HP2/01/125gsm/2440mm,1358116,VMI,108
PCEL,2026-07,HP2/01/127gsm/2640mm,1691721,NO VMI,200
PCEL,2026-07,HP2/01/127gsm/2790mm,1691722,NO VMI,75
PCEL,2026-07,HP2/01/155gsm/1990mm,1672414,VMI,63
PCEL,2026-07,HP2/01/155gsm/2190mm,1672412,VMI,150
PCEL,2026-07,HP2/01/155gsm/2440mm,1664633,VMI,120
PCEL,2026-07,HP2/01/155gsm/2640mm,1672496,NO VMI,250
PCEL,2026-07,HP2/01/155gsm/2790mm,1672495,NO VMI,80
PCEL,2026-07,K/01/110gsm/2000mm,1465604,VMI,35
PCEL,2026-07,K/01/110gsm/2200mm,1461707,VMI,45
PCEL,2026-07,K/01/110gsm/2450mm,1460216,VMI,60
PCEL,2026-07,K/01/110gsm/2800mm,1321756,NO VMI,10
PCEL,2026-07,K/01/125gsm/2200mm,645004,VMI,65
PCEL,2026-07,K/01/125gsm/2450mm,1167214,VMI,95
PCEL,2026-07,K/01/125gsm/2650mm,1148010,NO VMI,15
PCEL,2026-07,K/01/125gsm/2800mm,645082,NO VMI,15
PCEL,2026-07,K/01/160gsm/2000mm,1419847,VMI,85
PCEL,2026-07,K/01/160gsm/2200mm,1493944,VMI,45
PCEL,2026-07,K/01/160gsm/2450mm,1493946,NO VMI,22
PCEL,2026-07,K/01/225gsm/2000mm,645271,VMI,61
PCEL,2026-07,K/01/225gsm/2200mm,1168275,NO VMI,16
PCEL,2026-07,K/01/225gsm/2450mm,1168283,NO VMI,10
PCEL,2026-07,K/01/275gsm/2200mm,645546,NO VMI,5
PCEL,2026-07,KW2/01/125gsm/2200mm,1169051,VMI,59
PCEL,2026-07,KW2/01/125gsm/2450mm,737121,VMI,72
PCEL,2026-07,KW2/01/125gsm/2800mm,1264217,NO VMI,33
PCEL,2026-07,KW2/01/160gsm/2200mm,1169284,NO VMI,9
PCEL,2026-07,KW2/01/160gsm/2450mm,1169288,NO VMI,10
PCEL,2026-07,KW2/01/160gsm/2800mm,1606886,NO VMI,6
PCEL,2026-07,SF1/01/160gsm/1990mm,1100192,NO VMI,121
PCEL,2026-07,SF1/01/160gsm/2190mm,1081943,NO VMI,20
PCEL,2026-07,SF1/01/160gsm/2440mm,1084747,NO VMI,6
PCEL,2026-07,TCH/43/125gsm/2200mm,1495609,NO VMI,2
PCEL,2026-07,TCH/43/125gsm/2450mm,1518487,NO VMI,8
PCEL,2026-07,TCH/43/165gsm/2000mm,1495640,NO VMI,5
PCEL,2026-07,TCH/43/165gsm/2200mm,1494132,NO VMI,5
PCEL,2026-07,TCH/43/165gsm/2450mm,1409291,NO VMI,34
PCEL,2026-07,TSL/01/80gsm/2200mm,1584434,VMI,160
PCEL,2026-07,TSL/01/80gsm/2450mm,1584435,VMI,330
PCEL,2026-07,TSL/01/80gsm/2650mm,1584430,NO VMI,75
PCEL,2026-07,TSL/01/80gsm/2800mm,1584431,NO VMI,45
PCEL,2026-07,TSL/01/110gsm/2200mm,942581,VMI,150
PCEL,2026-07,TSL/01/110gsm/2450mm,942582,VMI,220
PCEL,2026-07,TSL/01/110gsm/2650mm,1456474,NO VMI,220
PCEL,2026-07,TSL/01/110gsm/2800mm,1445818,NO VMI,100
PCEL,2026-07,TSL/01/125gsm/2200mm,1584446,VMI,90
PCEL,2026-07,TSL/01/125gsm/2450mm,1584447,VMI,75
PCEL,2026-07,TSL/01/125gsm/2650mm,1584439,NO VMI,156
PCEL,2026-07,TSL/01/125gsm/2800mm,1584440,NO VMI,25
PCEL,2026-07,TSL/01/150gsm/2200mm,942590,VMI,45
PCEL,2026-07,TSL/01/150gsm/2450mm,942592,VMI,30
PCEL,2026-07,TSL/01/150gsm/2650mm,1456476,NO VMI,40
PCEL,2026-07,TSL/01/150gsm/2800mm,1445811,NO VMI,20
PCEL,2026-07,TW2000/51/115gsm/2200mm,1685223,NO VMI,36
PCEL,2026-07,TW2000/51/115gsm/2450mm,1685235,NO VMI,60
PCEL,2026-07,TW2000/51/115gsm/2650mm,1685243,NO VMI,25
PCEL,2026-07,TW2000/51/115gsm/2800mm,1685247,NO VMI,20
SALC,2026-07,HP2/01/115gsm/1990mm,942800,VMI,35
SALC,2026-07,HP2/01/115gsm/2290mm,942839,VMI,150
SALC,2026-07,HP2/01/115gsm/2440mm,942803,VMI,190
SALC,2026-07,HP2/01/125gsm/1990mm,1583713,VMI,85
SALC,2026-07,HP2/01/125gsm/2290mm,1583712,VMI,155
SALC,2026-07,HP2/01/125gsm/2440mm,1358116,VMI,150
SALC,2026-07,HP2/01/155gsm/1990mm,1672414,VMI,82
SALC,2026-07,HP2/01/155gsm/2290mm,1672416,VMI,265
SALC,2026-07,HP2/01/155gsm/2440mm,1664633,VMI,300
SALC,2026-07,HP2/01/155gsm/2500mm,1695181,VMI,125
SALC,2026-07,K/01/110gsm/2000mm,1465604,NO VMI,20
SALC,2026-07,K/01/110gsm/2300mm,1461694,VMI,35
SALC,2026-07,K/01/110gsm/2450mm,1460216,VMI,35
SALC,2026-07,K/01/160gsm/2000mm,1419847,NO VMI,15
SALC,2026-07,K/01/160gsm/2300mm,1494098,NO VMI,23
SALC,2026-07,K/01/160gsm/2450mm,1311552,NO VMI,20
SALC,2026-07,K/01/200gsm/2000mm,645078,NO VMI,15
SALC,2026-07,K/01/200gsm/2300mm,645132,VMI,65
SALC,2026-07,K/01/200gsm/2450mm,645168,NO VMI,42
SALC,2026-07,K/01/225gsm/2000mm,645271,NO VMI,15
SALC,2026-07,K/01/225gsm/2300mm,645325,VMI,38
SALC,2026-07,K/01/225gsm/2450mm,645355,VMI,45
SALC,2026-07,KCL/134/145gsm/2300mm,1502055,NO VMI,12
SALC,2026-07,KCL/134/145gsm/2450mm,1362999,NO VMI,12
SALC,2026-07,KCL/84/135gsm/2000mm,989204,NO VMI,12
SALC,2026-07,KCL/84/135gsm/2300mm,1703359,NO VMI,12
SALC,2026-07,KCL/84/135gsm/2450mm,938773,NO VMI,25
SALC,2026-07,KW2/01/115gsm/2000mm,744711,VMI,75
SALC,2026-07,KW2/01/115gsm/2300mm,1192152,VMI,125
SALC,2026-07,KW2/01/115gsm/2450mm,644728,VMI,225
SALC,2026-07,KW2/01/160gsm/2000mm,909636,NO VMI,10
SALC,2026-07,KW2/01/160gsm/2300mm,769273,VMI,140
SALC,2026-07,KW2/01/160gsm/2450mm,745983,VMI,90
SALC,2026-07,KW2/01/160gsm/2500mm,989475,VMI,185
SALC,2026-07,RF1/01/80gsm/1990mm,745353,NO VMI,10
SALC,2026-07,RF1/01/80gsm/2290mm,1474173,NO VMI,25
SALC,2026-07,RF1/01/80gsm/2440mm,973813,VMI,42
SALC,2026-07,RF1/01/100gsm/1990mm,645911,VMI,55
SALC,2026-07,RF1/01/100gsm/2290mm,646007,VMI,215
SALC,2026-07,RF1/01/100gsm/2350mm,646031,VMI,85
SALC,2026-07,RF1/01/100gsm/2440mm,646052,VMI,410
SALC,2026-07,TCH/263/140gsm/2000mm,1663820,NO VMI,8.966
SALC,2026-07,TCH/263/140gsm/2300mm,1663821,NO VMI,12.62
SALC,2026-07,TCH/263/140gsm/2450mm,1663831,NO VMI,10.643
SALC,2026-07,TCH/40/140gsm/2000mm,651210,NO VMI,16.034
SALC,2026-07,TCH/40/140gsm/2300mm,710222,NO VMI,12.38
SALC,2026-07,TCH/40/140gsm/2450mm,940923,NO VMI,14.357
SALC,2026-07,TSL/01/100gsm/2000mm,1081246,NO VMI,12
SALC,2026-07,TSL/01/100gsm/2300mm,1081227,VMI,65
SALC,2026-07,TSL/01/100gsm/2450mm,1080948,VMI,135
SALC,2026-07,TSL/01/125gsm/2000mm,1584445,VMI,30
SALC,2026-07,TSL/01/125gsm/2300mm,1584436,VMI,170
SALC,2026-07,TSL/01/125gsm/2350mm,1584437,VMI,128
SALC,2026-07,TSL/01/125gsm/2450mm,1584447,VMI,310
SALC,2026-07,TSL/01/150gsm/2000mm,942589,VMI,40
SALC,2026-07,TSL/01/150gsm/2300mm,942591,VMI,140
SALC,2026-07,TSL/01/150gsm/2450mm,942592,VMI,210
SALI,2026-07,HP1/01/190gsm/1790mm,1285450,NO VMI,4
SALI,2026-07,HP2/01/115gsm/1790mm,942829,VMI,80
SALI,2026-07,HP2/01/115gsm/1850mm,942830,VMI,105
SALI,2026-07,HP2/01/115gsm/1955mm,942831,VMI,138
SALI,2026-07,HP2/01/115gsm/2040mm,942832,VMI,94
SALI,2026-07,HP2/01/115gsm/2150mm,942833,VMI,108
SALI,2026-07,HP2/01/115gsm/2250mm,942834,VMI,146
SALI,2026-07,HP2/01/115gsm/2370mm,942835,VMI,80
SALI,2026-07,HP2/01/115gsm/2440mm,942803,VMI,91
SALI,2026-07,HP2/01/145gsm/1955mm,1477106,NO VMI,162
SALI,2026-07,HP2/01/155gsm/1790mm,1672417,VMI,171
SALI,2026-07,HP2/01/155gsm/1850mm,1672418,VMI,303
SALI,2026-07,HP2/01/155gsm/1955mm,1672419,VMI,75
SALI,2026-07,HP2/01/155gsm/2040mm,1672491,VMI,298
SALI,2026-07,HP2/01/155gsm/2150mm,1672492,VMI,194
SALI,2026-07,HP2/01/155gsm/2250mm,1672493,VMI,270
SALI,2026-07,HP2/01/155gsm/2370mm,1672494,VMI,195
SALI,2026-07,HP2/01/155gsm/2440mm,1664633,VMI,245
SALI,2026-07,K/01/110gsm/1800mm,1321726,VMI,22
SALI,2026-07,K/01/110gsm/1850mm,1461758,VMI,84
SALI,2026-07,K/01/110gsm/1955mm,1461742,VMI,15
SALI,2026-07,K/01/110gsm/2050mm,1501622,VMI,19
SALI,2026-07,K/01/110gsm/2150mm,1461717,VMI,23
SALI,2026-07,K/01/110gsm/2250mm,1406737,VMI,18
SALI,2026-07,K/01/110gsm/2370mm,1461679,VMI,45
SALI,2026-07,K/01/110gsm/2450mm,1321873,VMI,17
SALI,2026-07,K/01/125gsm/1800mm,644956,VMI,59
SALI,2026-07,K/01/125gsm/1850mm,644962,VMI,80
SALI,2026-07,K/01/125gsm/1955mm,1175141,VMI,60
SALI,2026-07,K/01/125gsm/2050mm,1167192,VMI,115
SALI,2026-07,K/01/125gsm/2150mm,644995,VMI,49
SALI,2026-07,K/01/125gsm/2250mm,1167207,VMI,74
SALI,2026-07,K/01/125gsm/2370mm,645034,VMI,62
SALI,2026-07,K/01/125gsm/2450mm,645055,VMI,88
SALI,2026-07,K/01/160gsm/1800mm,1348498,VMI,65.847
SALI,2026-07,K/01/160gsm/1850mm,1473883,VMI,100
SALI,2026-07,K/01/160gsm/1955mm,1493947,VMI,73
SALI,2026-07,K/01/160gsm/2050mm,1431104,VMI,85.507
SALI,2026-07,K/01/160gsm/2150mm,1476095,VMI,80.936
SALI,2026-07,K/01/160gsm/2250mm,1493949,VMI,67.925
SALI,2026-07,K/01/160gsm/2370mm,1494060,VMI,72
SALI,2026-07,K/01/160gsm/2450mm,1311552,VMI,46.251
SALI,2026-07,K/01/225gsm/1800mm,645244,VMI,109.071
SALI,2026-07,K/01/225gsm/1850mm,645247,VMI,111.398
SALI,2026-07,K/01/225gsm/1955mm,645262,VMI,105.823
SALI,2026-07,K/01/225gsm/2050mm,744473,VMI,186.599
SALI,2026-07,K/01/225gsm/2150mm,645298,VMI,66.893
SALI,2026-07,K/01/225gsm/2250mm,645316,VMI,131.037
SALI,2026-07,K/01/225gsm/2370mm,645340,VMI,104.774
SALI,2026-07,K/01/225gsm/2450mm,645355,VMI,105.927
SALI,2026-07,K/01/275gsm/1800mm,645488,NO VMI,40
SALI,2026-07,K/01/275gsm/1850mm,645492,NO VMI,55
SALI,2026-07,K/01/275gsm/1955mm,645504,NO VMI,59
SALI,2026-07,K/01/275gsm/2050mm,645524,NO VMI,54
SALI,2026-07,K/01/275gsm/2150mm,645538,NO VMI,26
SALI,2026-07,K/01/275gsm/2250mm,645550,NO VMI,25
SALI,2026-07,K/01/275gsm/2370mm,645572,NO VMI,55
SALI,2026-07,K/01/275gsm/2450mm,645592,NO VMI,40
SALI,2026-07,KCL/134/145gsm/1800mm,1519091,NO VMI,25
SALI,2026-07,KCL/134/145gsm/1850mm,1518616,NO VMI,15
SALI,2026-07,KCL/134/145gsm/1955mm,1518617,NO VMI,17
SALI,2026-07,KCL/134/145gsm/2050mm,1518618,NO VMI,25
SALI,2026-07,KCL/134/145gsm/2150mm,1522677,NO VMI,20
SALI,2026-07,KCL/134/145gsm/2250mm,1519094,NO VMI,24
SALI,2026-07,KCL/134/145gsm/2370mm,1522678,NO VMI,25
SALI,2026-07,KCL/134/145gsm/2450mm,1362999,NO VMI,30
SALI,2026-07,KW2/01/115gsm/1800mm,644698,NO VMI,21
SALI,2026-07,KW2/01/115gsm/1850mm,744688,VMI,58
SALI,2026-07,KW2/01/115gsm/1955mm,1455852,VMI,15
SALI,2026-07,KW2/01/115gsm/2050mm,744712,NO VMI,5
SALI,2026-07,KW2/01/115gsm/2150mm,744714,NO VMI,12
SALI,2026-07,KW2/01/115gsm/2250mm,1168953,VMI,45
SALI,2026-07,KW2/01/115gsm/2370mm,1670621,NO VMI,22
SALI,2026-07,KW2/01/115gsm/2450mm,644728,NO VMI,9
SALI,2026-07,KW2/01/160gsm/1800mm,745966,NO VMI,28
SALI,2026-07,KW2/01/160gsm/1850mm,745967,NO VMI,17
SALI,2026-07,KW2/01/160gsm/1955mm,745968,NO VMI,10
SALI,2026-07,KW2/01/160gsm/2050mm,1182681,NO VMI,17
SALI,2026-07,KW2/01/160gsm/2150mm,745980,NO VMI,13
SALI,2026-07,KW2/01/160gsm/2250mm,745981,NO VMI,15
SALI,2026-07,KW2/01/160gsm/2370mm,745982,NO VMI,26
SALI,2026-07,KW2/01/160gsm/2450mm,745983,NO VMI,21
SALI,2026-07,RF1/01/80gsm/1790mm,744457,NO VMI,2
SALI,2026-07,RF1/01/100gsm/1790mm,645852,NO VMI,12
SALI,2026-07,RF1/01/100gsm/1850mm,645872,NO VMI,8
SALI,2026-07,RF1/01/100gsm/2250mm,646001,NO VMI,20
SALI,2026-07,RF1/01/100gsm/2440mm,646052,VMI,55
SALI,2026-07,SF1/01/160gsm/1790mm,1084307,VMI,89
SALI,2026-07,SF1/01/160gsm/1850mm,980032,VMI,209
SALI,2026-07,SF1/01/160gsm/1955mm,1084644,VMI,122
SALI,2026-07,SF1/01/160gsm/2040mm,1084742,VMI,263
SALI,2026-07,SF1/01/160gsm/2150mm,1060448,VMI,92
SALI,2026-07,SF1/01/160gsm/2250mm,980033,VMI,184
SALI,2026-07,SF1/01/160gsm/2370mm,1084743,VMI,214
SALI,2026-07,SF1/01/160gsm/2440mm,1084747,VMI,147
SALI,2026-07,TSL/01/100gsm/2370mm,1080937,NO VMI,80
SALM,2026-07,HP2/01/105gsm/1790mm,1286748,NO VMI,30
SALM,2026-07,HP2/01/115gsm/1790mm,942829,VMI,130
SALM,2026-07,HP2/01/115gsm/1850mm,942830,VMI,60
SALM,2026-07,HP2/01/115gsm/1955mm,942831,VMI,70
SALM,2026-07,HP2/01/115gsm/2040mm,942832,VMI,100
SALM,2026-07,HP2/01/115gsm/2150mm,942833,VMI,40
SALM,2026-07,HP2/01/115gsm/2250mm,942834,VMI,50
SALM,2026-07,HP2/01/115gsm/2370mm,942835,VMI,50
SALM,2026-07,HP2/01/115gsm/2440mm,942803,VMI,60
SALM,2026-07,HP2/01/145gsm/1955mm,1477106,NO VMI,15
SALM,2026-07,HP2/01/155gsm/1790mm,1672417,VMI,80
SALM,2026-07,HP2/01/155gsm/1850mm,1672418,VMI EST,100
SALM,2026-07,HP2/01/155gsm/1955mm,1672419,VMI,150
SALM,2026-07,HP2/01/155gsm/2040mm,1672491,VMI,130
SALM,2026-07,HP2/01/155gsm/2150mm,1672492,VMI,120
SALM,2026-07,HP2/01/155gsm/2250mm,1672493,VMI,130
SALM,2026-07,HP2/01/155gsm/2370mm,1672494,VMI,160
SALM,2026-07,HP2/01/155gsm/2440mm,1664633,VMI,150
SALM,2026-07,K/01/110gsm/1800mm,1321726,VMI,45
SALM,2026-07,K/01/110gsm/1850mm,1461758,VMI,50
SALM,2026-07,K/01/110gsm/1955mm,1461742,VMI,90
SALM,2026-07,K/01/110gsm/2050mm,1501622,VMI,90
SALM,2026-07,K/01/110gsm/2150mm,1461717,VMI,60
SALM,2026-07,K/01/110gsm/2250mm,1406737,VMI,70
SALM,2026-07,K/01/110gsm/2370mm,1461679,NO VMI,50
SALM,2026-07,K/01/110gsm/2450mm,1321873,VMI,40
SALM,2026-07,K/01/160gsm/1800mm,1348498,VMI,38.856
SALM,2026-07,K/01/160gsm/1850mm,1473883,VMI,30
SALM,2026-07,K/01/160gsm/1955mm,1493947,VMI,34.783
SALM,2026-07,K/01/160gsm/2050mm,1431104,VMI EST,34.512
SALM,2026-07,K/01/160gsm/2150mm,1476095,VMI EST,25
SALM,2026-07,K/01/160gsm/2250mm,1493949,VMI,25
SALM,2026-07,K/01/160gsm/2370mm,1494060,VMI,50
SALM,2026-07,K/01/160gsm/2450mm,1311552,VMI,40
SALM,2026-07,K/01/200gsm/1850mm,1168146,NO VMI,4.638
SALM,2026-07,K/01/200gsm/1955mm,1389970,NO VMI,4.959
SALM,2026-07,K/01/200gsm/2370mm,1479200,NO VMI,10
SALM,2026-07,K/01/200gsm/2450mm,645168,NO VMI,10
SALM,2026-07,K/01/225gsm/1800mm,645244,VMI,60
SALM,2026-07,K/01/225gsm/1850mm,645247,VMI,68.448
SALM,2026-07,K/01/225gsm/1955mm,645262,VMI,90
SALM,2026-07,K/01/225gsm/2050mm,744473,VMI,115.539
SALM,2026-07,K/01/225gsm/2150mm,645298,VMI,80
SALM,2026-07,K/01/225gsm/2250mm,645316,VMI,70
SALM,2026-07,K/01/225gsm/2370mm,645340,VMI EST,80
SALM,2026-07,K/01/225gsm/2450mm,645355,VMI,80
SALM,2026-07,K/01/275gsm/1955mm,645504,VMI,40
SALM,2026-07,K/01/275gsm/2250mm,645550,NO VMI,10
SALM,2026-07,K/01/275gsm/2450mm,645592,NO VMI,15
SALM,2026-07,KCL/134/145gsm/1800mm,1519091,NO VMI,15
SALM,2026-07,KCL/134/145gsm/1850mm,1518616,NO VMI,20
SALM,2026-07,KCL/134/145gsm/1955mm,1518617,NO VMI,25
SALM,2026-07,KCL/134/145gsm/2050mm,1518618,NO VMI,15
SALM,2026-07,KCL/134/145gsm/2150mm,1522677,NO VMI,15
SALM,2026-07,KCL/134/145gsm/2250mm,1519094,NO VMI,10
SALM,2026-07,KCL/134/145gsm/2370mm,1522678,NO VMI,15
SALM,2026-07,KCL/134/145gsm/2450mm,1362999,NO VMI,10
SALM,2026-07,KW2/01/115gsm/1800mm,644698,NO VMI,15
SALM,2026-07,KW2/01/115gsm/1850mm,744688,VMI,5
SALM,2026-07,KW2/01/115gsm/1955mm,1455852,NO VMI,10
SALM,2026-07,KW2/01/115gsm/2050mm,744712,NO VMI,20
SALM,2026-07,KW2/01/115gsm/2150mm,744714,NO VMI,10
SALM,2026-07,KW2/01/115gsm/2250mm,1168953,NO VMI,10
SALM,2026-07,KW2/01/115gsm/2370mm,1670621,NO VMI,10
SALM,2026-07,KW2/01/115gsm/2450mm,644728,NO VMI,15
SALM,2026-07,KW2/01/160gsm/1800mm,745966,NO VMI,5
SALM,2026-07,KW2/01/160gsm/1850mm,745967,NO VMI,5
SALM,2026-07,KW2/01/160gsm/1955mm,745968,NO VMI,25
SALM,2026-07,KW2/01/160gsm/2050mm,1182681,NO VMI,5
SALM,2026-07,KW2/01/160gsm/2150mm,745980,NO VMI,5
SALM,2026-07,KW2/01/160gsm/2250mm,745981,NO VMI,10
SALM,2026-07,KW2/01/160gsm/2370mm,745982,NO VMI,40
SALM,2026-07,KW2/01/160gsm/2450mm,745983,NO VMI,25
SALM,2026-07,SF1/01/160gsm/1790mm,1084307,VMI,50
SALM,2026-07,SF1/01/160gsm/1850mm,980032,VMI,90
SALM,2026-07,SF1/01/160gsm/1955mm,1084644,VMI,100
SALM,2026-07,SF1/01/160gsm/2040mm,1084742,VMI,120
SALM,2026-07,SF1/01/160gsm/2150mm,1060448,VMI,80
SALM,2026-07,SF1/01/160gsm/2250mm,980033,VMI,100
SALM,2026-07,SF1/01/160gsm/2370mm,1084743,VMI,110
SALM,2026-07,SF1/01/160gsm/2440mm,1084747,VMI,100
SALM,2026-07,TCL/41/115gsm/2250mm,1651829,NO VMI,40
SALM,2026-07,TSL/01/80gsm/1955mm,1685041,NO VMI,10
SALM,2026-07,TSL/01/80gsm/2250mm,1651624,VMI,60
SALM,2026-07,TSL/01/100gsm/1800mm,1080949,NO VMI,5
SALM,2026-07,TSL/01/100gsm/1955mm,1080981,NO VMI,5
SALM,2026-07,TSL/01/100gsm/2050mm,1182484,NO VMI,10
SALM,2026-07,TSL/01/100gsm/2370mm,1080937,NO VMI,5
SALM,2026-07,TSL/01/100gsm/2450mm,1080948,NO VMI,5
SBUR,2026-07,HP2/01/105gsm/2090mm,1286757,VMI,24
SBUR,2026-07,HP2/01/105gsm/2440mm,1286737,VMI,59
SBUR,2026-07,HP2/01/105gsm/2640mm,1456346,VMI,42
SBUR,2026-07,HP2/01/105gsm/2790mm,1445905,VMI,91
SBUR,2026-07,HP2/01/115gsm/2090mm,942801,VMI,75
SBUR,2026-07,HP2/01/115gsm/2440mm,942803,VMI,96
SBUR,2026-07,HP2/01/115gsm/2640mm,1456466,VMI,266
SBUR,2026-07,HP2/01/115gsm/2790mm,1445920,VMI,211
SBUR,2026-07,HP2/01/125gsm/2090mm,1583551,VMI,71
SBUR,2026-07,HP2/01/125gsm/2440mm,1358116,VMI,162
SBUR,2026-07,HP2/01/127gsm/2640mm,1691721,VMI,314
SBUR,2026-07,HP2/01/127gsm/2790mm,1691722,VMI,303
SBUR,2026-07,HP2/01/155gsm/2090mm,1672415,VMI,105
SBUR,2026-07,HP2/01/155gsm/2440mm,1664633,VMI,218
SBUR,2026-07,HP2/01/155gsm/2640mm,1672496,VMI,387
SBUR,2026-07,HP2/01/155gsm/2790mm,1672495,VMI,394
SBUR,2026-07,K/01/125gsm/2100mm,644989,NO VMI,4
SBUR,2026-07,K/01/125gsm/2450mm,645055,NO VMI,20
SBUR,2026-07,K/01/125gsm/2650mm,1148010,VMI,36
SBUR,2026-07,K/01/125gsm/2800mm,645082,VMI,45
SBUR,2026-07,K/01/160gsm/2100mm,1472401,NO VMI,6
SBUR,2026-07,K/01/160gsm/2450mm,1311552,NO VMI,27
SBUR,2026-07,K/01/160gsm/2650mm,1494008,VMI,47
SBUR,2026-07,K/01/160gsm/2800mm,1494080,VMI,51
SBUR,2026-07,K/01/225gsm/2100mm,645289,NO VMI,15
SBUR,2026-07,K/01/225gsm/2450mm,645355,NO VMI,31
SBUR,2026-07,K/01/225gsm/2650mm,1354050,VMI,31
SBUR,2026-07,K/01/225gsm/2800mm,1353908,VMI,41
SBUR,2026-07,KCH/259/130gsm/2100mm,1703391,NO VMI,13
SBUR,2026-07,KCH/259/130gsm/2450mm,1703393,NO VMI,13
SBUR,2026-07,KCH/259/130gsm/2650mm,1703394,NO VMI,20
SBUR,2026-07,KCH/259/130gsm/2800mm,1703392,NO VMI,18
SBUR,2026-07,KS/257/165gsm/2100mm,1348628,VMI,83
SBUR,2026-07,KS/257/165gsm/2450mm,1348640,NO VMI,24
SBUR,2026-07,KS/257/165gsm/2650mm,1467403,VMI,47
SBUR,2026-07,KS/257/165gsm/2800mm,1502401,VMI,92
SBUR,2026-07,KS/257/215gsm/2100mm,1475566,NO VMI,21
SBUR,2026-07,KS/257/215gsm/2450mm,1454661,VMI,55
SBUR,2026-07,KS/257/215gsm/2650mm,1475569,VMI,69
SBUR,2026-07,KS/257/215gsm/2800mm,1475568,VMI,88
SBUR,2026-07,KW2/01/115gsm/2100mm,744713,NO VMI,5
SBUR,2026-07,KW2/01/115gsm/2450mm,644728,VMI,68
SBUR,2026-07,KW2/01/115gsm/2650mm,1404037,VMI,32
SBUR,2026-07,KW2/01/115gsm/2800mm,1283512,VMI,52
SBUR,2026-07,KW2/01/125gsm/2100mm,737119,VMI,29
SBUR,2026-07,KW2/01/125gsm/2450mm,737464,VMI,123
SBUR,2026-07,KW2/01/125gsm/2650mm,1353909,VMI,121
SBUR,2026-07,KW2/01/125gsm/2800mm,1264217,VMI,141
SBUR,2026-07,KW2/01/160gsm/2100mm,909637,NO VMI,7
SBUR,2026-07,KW2/01/160gsm/2450mm,745983,NO VMI,20
SBUR,2026-07,KW2/01/160gsm/2650mm,1430392,NO VMI,11
SBUR,2026-07,KW2/01/160gsm/2800mm,1283513,NO VMI,18
SBUR,2026-07,RF1/01/100gsm/2090mm,645950,VMI,30
SBUR,2026-07,RF1/01/100gsm/2440mm,646052,VMI,228
SBUR,2026-07,RF1/01/100gsm/2640mm,1495962,VMI,206
SBUR,2026-07,RF1/01/100gsm/2790mm,736486,VMI,215
SBUR,2026-07,TCH/40/140gsm/2100mm,979003,NO VMI,17
SBUR,2026-07,TCH/40/140gsm/2450mm,940923,NO VMI,62
SBUR,2026-07,TCH/40/140gsm/2650mm,1521356,NO VMI,19
SBUR,2026-07,TCH/40/140gsm/2800mm,1588299,NO VMI,37
SBUR,2026-07,TCH/40/180gsm/2100mm,710251,NO VMI,9
SBUR,2026-07,TCH/40/180gsm/2450mm,911567,NO VMI,8
SBUR,2026-07,TCH/40/180gsm/2650mm,1354051,NO VMI,7
SBUR,2026-07,TCH/40/180gsm/2800mm,1354052,NO VMI,28
SBUR,2026-07,THP/01/125gsm/2100mm,1362629,VMI,27
SBUR,2026-07,THP/01/125gsm/2450mm,1352542,VMI,178
SBUR,2026-07,THP/01/125gsm/2650mm,1362635,VMI,317
SBUR,2026-07,THP/01/125gsm/2800mm,1362636,VMI,312
SBUR,2026-07,TSL/01/80gsm/2100mm,1584329,NO VMI,13
SBUR,2026-07,TSL/01/80gsm/2450mm,1584435,VMI,51
SBUR,2026-07,TSL/01/80gsm/2650mm,1584430,VMI,26
SBUR,2026-07,TSL/01/80gsm/2800mm,1584431,VMI,54
SBUR,2026-07,TSL/01/100gsm/2100mm,1081145,NO VMI,6
SBUR,2026-07,TSL/01/100gsm/2450mm,1080948,VMI,46
SBUR,2026-07,TSL/01/100gsm/2650mm,1569822,VMI,63
SBUR,2026-07,TSL/01/100gsm/2800mm,1476486,VMI,64
SBUR,2026-07,TSL/01/150gsm/2100mm,942618,VMI,53
SBUR,2026-07,TSL/01/150gsm/2450mm,942592,NO VMI,24
SBUR,2026-07,TSL/01/150gsm/2650mm,1456476,VMI,75
SBUR,2026-07,TSL/01/150gsm/2800mm,1445811,VMI,71
SBUR,2026-07,TWTC2/51/115gsm/2100mm,1445750,NO VMI,6
SBUR,2026-07,TWTC2/51/115gsm/2450mm,1445751,VMI,32
SBUR,2026-07,TWTC2/51/115gsm/2650mm,1456564,VMI,42
SBUR,2026-07,TWTC2/51/115gsm/2800mm,1445755,NO VMI,17
SCAN,2026-07,HP1/01/190gsm/2090mm,1294871,VMI,30
SCAN,2026-07,HP1/01/190gsm/2290mm,1294872,VMI,56
SCAN,2026-07,HP1/01/190gsm/2440mm,1420972,VMI,96
SCAN,2026-07,HP2/01/105gsm/2090mm,1286757,VMI,88
SCAN,2026-07,HP2/01/105gsm/2290mm,1286761,VMI,100
SCAN,2026-07,HP2/01/105gsm/2440mm,1286737,VMI,236
SCAN,2026-07,HP2/01/125gsm/2090mm,1583551,VMI,136
SCAN,2026-07,HP2/01/125gsm/2290mm,1583712,VMI,189
SCAN,2026-07,HP2/01/125gsm/2440mm,1358116,VMI,210
SCAN,2026-07,HP2/01/155gsm/2090mm,1672415,VMI,140
SCAN,2026-07,HP2/01/155gsm/2290mm,1672416,VMI,170
SCAN,2026-07,HP2/01/155gsm/2440mm,1664633,VMI,200
SCAN,2026-07,K/01/110gsm/2100mm,1321729,VMI,60
SCAN,2026-07,K/01/110gsm/2300mm,1461694,VMI,64
SCAN,2026-07,K/01/110gsm/2450mm,1460216,VMI,120
SCAN,2026-07,K/01/160gsm/2100mm,1472401,VMI,110
SCAN,2026-07,K/01/160gsm/2300mm,1494097,VMI,116
SCAN,2026-07,K/01/160gsm/2450mm,1493946,VMI,122
SCAN,2026-07,K/01/225gsm/2100mm,645289,NO VMI,4
SCAN,2026-07,K/01/225gsm/2300mm,1168278,NO VMI,20
SCAN,2026-07,K/01/225gsm/2450mm,1168283,NO VMI,4
SCAN,2026-07,KW2/01/115gsm/2100mm,1168949,VMI,46
SCAN,2026-07,KW2/01/115gsm/2300mm,1168954,VMI,84
SCAN,2026-07,KW2/01/115gsm/2450mm,1168958,VMI,98
SCAN,2026-07,KW2/01/160gsm/2100mm,909637,NO VMI,6
SCAN,2026-07,KW2/01/160gsm/2300mm,1169286,NO VMI,20
SCAN,2026-07,KW2/01/160gsm/2450mm,1169288,VMI,30
SCAN,2026-07,TCH/40/160gsm/2100mm,651280,NO VMI,16
SCAN,2026-07,TCH/40/160gsm/2300mm,710227,NO VMI,14
SCAN,2026-07,TCH/40/160gsm/2450mm,1083188,NO VMI,20
SCAN,2026-07,THP/01/125gsm/2100mm,1362629,VMI,82
SCAN,2026-07,THP/01/125gsm/2300mm,1362633,VMI,22
SCAN,2026-07,THP/01/125gsm/2450mm,1352542,VMI,106
SCAN,2026-07,TSL/01/80gsm/2100mm,1584329,VMI,90
SCAN,2026-07,TSL/01/80gsm/2300mm,1584328,VMI,88
SCAN,2026-07,TSL/01/80gsm/2450mm,1584435,VMI,166
SCAN,2026-07,TSL/01/100gsm/2100mm,1081145,VMI,100
SCAN,2026-07,TSL/01/100gsm/2300mm,1081227,VMI,70
SCAN,2026-07,TSL/01/100gsm/2450mm,1080948,VMI,128
SCAN,2026-07,TSL/01/150gsm/2100mm,942618,NO VMI,8
SCAN,2026-07,TSL/01/150gsm/2300mm,942591,NO VMI,16
SCAN,2026-07,TSL/01/150gsm/2450mm,942592,VMI,32
SCAN,2026-07,TW2000/51/115gsm/2100mm,1685219,NO VMI,4
SCAN,2026-07,TW2000/51/115gsm/2300mm,1685227,NO VMI,6
SCAN,2026-07,TW2000/51/115gsm/2450mm,1685235,NO VMI,4
SCOC,2026-07,HP2/01/125gsm/2190mm,1583714,VMI,115
SCOC,2026-07,HP2/01/125gsm/2290mm,1583712,VMI,65
SCOC,2026-07,HP2/01/125gsm/2440mm,1358116,VMI,280
SCOC,2026-07,HP2/01/127gsm/2640mm,1691721,VMI,160
SCOC,2026-07,HP2/01/127gsm/2790mm,1691722,VMI,180
SCOC,2026-07,HP2/01/155gsm/2190mm,1672412,VMI,105
SCOC,2026-07,HP2/01/155gsm/2290mm,1672416,NO VMI,15
SCOC,2026-07,HP2/01/155gsm/2440mm,1664633,VMI,135
SCOC,2026-07,HP2/01/155gsm/2640mm,1672496,VMI,95
SCOC,2026-07,HP2/01/155gsm/2790mm,1672495,VMI,135
SCOC,2026-07,K/01/110gsm/2300mm,1461694,NO VMI,20
SCOC,2026-07,K/01/135gsm/2200mm,1167388,VMI,45
SCOC,2026-07,K/01/135gsm/2300mm,1167391,NO VMI,20
SCOC,2026-07,K/01/135gsm/2450mm,1167400,VMI,120
SCOC,2026-07,K/01/135gsm/2650mm,1148011,VMI,70
SCOC,2026-07,K/01/135gsm/2800mm,882091,VMI,55
SCOC,2026-07,K/01/160gsm/2200mm,1493944,VMI,45
SCOC,2026-07,K/01/160gsm/2300mm,1494097,NO VMI,15
SCOC,2026-07,K/01/160gsm/2450mm,1493946,VMI,65
SCOC,2026-07,K/01/160gsm/2650mm,1494008,VMI,48
SCOC,2026-07,K/01/160gsm/2800mm,1494080,VMI,75
SCOC,2026-07,K/01/225gsm/2200mm,1168275,NO VMI,10
SCOC,2026-07,K/01/225gsm/2450mm,1168283,NO VMI,15
SCOC,2026-07,K/01/225gsm/2650mm,1354050,NO VMI,5
SCOC,2026-07,K/01/225gsm/2800mm,1353908,NO VMI,8
SCOC,2026-07,K/01/275gsm/2200mm,645540,NO VMI,10
SCOC,2026-07,KW2/01/115gsm/2200mm,1168951,VMI,45
SCOC,2026-07,KW2/01/115gsm/2300mm,1168954,NO VMI,20
SCOC,2026-07,KW2/01/115gsm/2450mm,1168958,VMI,85
SCOC,2026-07,KW2/01/115gsm/2650mm,1697465,VMI,69
SCOC,2026-07,KW2/01/115gsm/2800mm,1568776,VMI,90
SCOC,2026-07,KW2/01/160gsm/2200mm,1169284,VMI,45
SCOC,2026-07,KW2/01/160gsm/2300mm,1169286,NO VMI,8
SCOC,2026-07,KW2/01/160gsm/2450mm,1169288,NO VMI,10
SCOC,2026-07,KW2/01/160gsm/2650mm,1606885,NO VMI,5
SCOC,2026-07,KW2/01/160gsm/2800mm,1606886,NO VMI,10
SCOC,2026-07,TCH/40/140gsm/2200mm,940924,NO VMI,20
SCOC,2026-07,TCH/40/140gsm/2300mm,710222,NO VMI,15
SCOC,2026-07,TCH/40/140gsm/2450mm,940923,NO VMI,20
SCOC,2026-07,TCH/40/140gsm/2650mm,1521356,NO VMI,20
SCOC,2026-07,TCH/40/140gsm/2800mm,1588299,NO VMI,20
SCOC,2026-07,TSL/01/80gsm/2200mm,1584434,VMI,115
SCOC,2026-07,TSL/01/80gsm/2300mm,1584328,VMI,92
SCOC,2026-07,TSL/01/80gsm/2450mm,1584435,VMI,238
SCOC,2026-07,TSL/01/80gsm/2650mm,1584430,VMI,90
SCOC,2026-07,TSL/01/80gsm/2800mm,1584431,VMI,105
SCOC,2026-07,TSL/01/100gsm/2200mm,1080886,VMI,57
SCOC,2026-07,TSL/01/100gsm/2300mm,1081227,VMI,57
SCOC,2026-07,TSL/01/100gsm/2450mm,1080948,VMI,115
SCOC,2026-07,TSL/01/100gsm/2650mm,1569822,VMI,38
SCOC,2026-07,TSL/01/100gsm/2800mm,1476486,VMI,93
SCOC,2026-07,TSL/01/110gsm/2200mm,942581,VMI,50
SCOC,2026-07,TSL/01/110gsm/2300mm,942616,NO VMI,25
SCOC,2026-07,TSL/01/110gsm/2450mm,942582,VMI,95
SCOC,2026-07,TSL/01/110gsm/2650mm,1456474,VMI,90
SCOC,2026-07,TSL/01/110gsm/2800mm,1445818,VMI,160
SCOC,2026-07,TSL/01/125gsm/2200mm,1584446,VMI,95
SCOC,2026-07,TSL/01/125gsm/2300mm,1584436,VMI,80
SCOC,2026-07,TSL/01/125gsm/2450mm,1584447,VMI,230
SCOC,2026-07,TSL/01/125gsm/2650mm,1584439,VMI,140
SCOC,2026-07,TSL/01/125gsm/2800mm,1584440,VMI,245
SCOC,2026-07,TSL/01/150gsm/2200mm,942590,NO VMI,15
SCOC,2026-07,TSL/01/150gsm/2450mm,942592,NO VMI,18
SCOC,2026-07,TSL/01/150gsm/2650mm,1456476,NO VMI,15
SCOC,2026-07,TSL/01/150gsm/2800mm,1445811,NO VMI,15
SCOC,2026-07,TWTC2/51/115gsm/2200mm,1446616,VMI,30
SCOC,2026-07,TWTC2/51/115gsm/2300mm,1446614,NO VMI,15
SCOC,2026-07,TWTC2/51/115gsm/2450mm,1445751,VMI,57
SCOC,2026-07,TWTC2/51/115gsm/2650mm,1456564,VMI,52
SCOC,2026-07,TWTC2/51/115gsm/2800mm,1445755,VMI,68
SCVA,2026-07,HP1/01/190gsm/1790mm,1285450,VMI,48.124
SCVA,2026-07,HP1/01/190gsm/1990mm,1290921,VMI,39.789
SCVA,2026-07,HP1/01/190gsm/2290mm,1294872,VMI,50
SCVA,2026-07,HP1/01/190gsm/2440mm,1420972,VMI,56.228
SCVA,2026-07,HP2/01/105gsm/2290mm,1286761,VMI,31
SCVA,2026-07,HP2/01/105gsm/2440mm,1286737,VMI,37
SCVA,2026-07,HP2/01/115gsm/1990mm,942800,NO VMI,25.349
SCVA,2026-07,HP2/01/115gsm/2290mm,942839,VMI,35
SCVA,2026-07,HP2/01/115gsm/2440mm,942803,VMI,40
SCVA,2026-07,HP2/01/125gsm/1790mm,1583554,VMI,100
SCVA,2026-07,HP2/01/125gsm/1990mm,1583713,VMI,47.394
SCVA,2026-07,HP2/01/125gsm/2290mm,1583712,VMI,150
SCVA,2026-07,HP2/01/125gsm/2440mm,1358116,VMI,230
SCVA,2026-07,HP2/01/155gsm/1790mm,1672417,VMI,90
SCVA,2026-07,HP2/01/155gsm/1990mm,1672414,VMI,65
SCVA,2026-07,HP2/01/155gsm/2290mm,1672416,VMI,120
SCVA,2026-07,HP2/01/155gsm/2440mm,1664633,VMI,133.656
SCVA,2026-07,K/01/125gsm/2000mm,1167188,NO VMI,5
SCVA,2026-07,K/01/125gsm/2450mm,1167214,NO VMI,7.643
SCVA,2026-07,K/01/160gsm/1800mm,1348498,VMI,65.714
SCVA,2026-07,K/01/160gsm/2000mm,1419847,NO VMI,30.61
SCVA,2026-07,K/01/160gsm/2300mm,1494097,VMI,54.73
SCVA,2026-07,K/01/160gsm/2450mm,1493946,VMI,82.344
SCVA,2026-07,K/01/225gsm/1800mm,645244,VMI,72.627
SCVA,2026-07,K/01/225gsm/2000mm,645271,NO VMI,24.465
SCVA,2026-07,K/01/225gsm/2300mm,1168278,VMI,42.708
SCVA,2026-07,K/01/225gsm/2450mm,1168283,VMI,56.612
SCVA,2026-07,K/01/275gsm/1800mm,645488,VMI,25
SCVA,2026-07,K/01/275gsm/2000mm,645510,NO VMI,14.787
SCVA,2026-07,K/01/275gsm/2300mm,1168455,VMI,35.872
SCVA,2026-07,K/01/275gsm/2450mm,1168464,VMI,60
SCVA,2026-07,K/01/400gsm/1800mm,645829,NO VMI,24.58
SCVA,2026-07,K/01/400gsm/2000mm,645844,VMI,35
SCVA,2026-07,K/01/400gsm/2300mm,645874,VMI,40
SCVA,2026-07,K/01/400gsm/2450mm,645898,VMI,45
SCVA,2026-07,K/01/430gsm/1800mm,1142344,VMI,77.159
SCVA,2026-07,K/01/430gsm/2000mm,989142,VMI,28.498
SCVA,2026-07,K/01/430gsm/2300mm,1366373,NO VMI,32.338
SCVA,2026-07,K/01/430gsm/2450mm,1131849,VMI,41.249
SCVA,2026-07,KW2/01/125gsm/2000mm,737118,NO VMI,25
SCVA,2026-07,KW2/01/125gsm/2300mm,1401432,NO VMI,20
SCVA,2026-07,KW2/01/125gsm/2450mm,737121,NO VMI,10
SCVA,2026-07,RF1/01/80gsm/2090mm,744462,VMI,101.24
SCVA,2026-07,RF1/01/80gsm/2290mm,1474173,VMI,58.877
SCVA,2026-07,RF1/01/80gsm/2440mm,973813,VMI,68.518
SCVA,2026-07,RF1/01/100gsm/1990mm,645911,NO VMI,21.815
SCVA,2026-07,RF1/01/100gsm/2290mm,646007,VMI,61.336
SCVA,2026-07,RF1/01/100gsm/2440mm,646052,VMI,73.664
SCVA,2026-07,TSL/01/80gsm/2300mm,1584328,NO VMI,20
SCVA,2026-07,TSL/01/80gsm/2450mm,1584435,NO VMI,20
SCVA,2026-07,TSL/01/110gsm/2300mm,942616,VMI,35
SCVA,2026-07,TSL/01/110gsm/2450mm,942582,VMI,30
SCVA,2026-07,TSL/01/125gsm/2000mm,1584445,VMI,36.409
SCVA,2026-07,TSL/01/125gsm/2100mm,1584438,VMI,90
SCVA,2026-07,TSL/01/125gsm/2300mm,1584436,VMI,120
SCVA,2026-07,TSL/01/125gsm/2450mm,1584447,VMI,160
SCVA,2026-07,TSL/01/150gsm/2300mm,942591,VMI,110
SCVA,2026-07,TSL/01/150gsm/2450mm,942592,VMI,110
SCVA,2026-07,TWTC2/51/115gsm/2300mm,1446614,NO VMI,20
SCVA,2026-07,TWTC2/51/115gsm/2450mm,1445751,NO VMI,20
SPAL,2026-07,HP2/01/115gsm/1790mm,942829,VMI,50
SPAL,2026-07,HP2/01/115gsm/1990mm,942800,VMI,125
SPAL,2026-07,HP2/01/115gsm/2090mm,942801,VMI,130
SPAL,2026-07,HP2/01/115gsm/2290mm,942839,VMI,180
SPAL,2026-07,HP2/01/115gsm/2440mm,942803,VMI,120
SPAL,2026-07,HP2/01/125gsm/1790mm,1583554,NO VMI,28
SPAL,2026-07,HP2/01/125gsm/1990mm,1583713,NO VMI,79
SPAL,2026-07,HP2/01/125gsm/2090mm,1583551,NO VMI,28
SPAL,2026-07,HP2/01/125gsm/2290mm,1583712,NO VMI,31
SPAL,2026-07,HP2/01/125gsm/2440mm,1358116,NO VMI,25
SPAL,2026-07,HP2/01/155gsm/1790mm,1672417,VMI,150
SPAL,2026-07,HP2/01/155gsm/1990mm,1672414,VMI,160
SPAL,2026-07,HP2/01/155gsm/2090mm,1672415,VMI,140
SPAL,2026-07,HP2/01/155gsm/2290mm,1672416,VMI,190
SPAL,2026-07,HP2/01/155gsm/2440mm,1664633,VMI,170
SPAL,2026-07,K/01/110gsm/1800mm,1321726,VMI,48
SPAL,2026-07,K/01/110gsm/2300mm,1321871,NO VMI,20
SPAL,2026-07,K/01/135gsm/1800mm,645100,NO VMI,10
SPAL,2026-07,K/01/135gsm/2000mm,645112,VMI,38
SPAL,2026-07,K/01/135gsm/2100mm,645118,VMI,30
SPAL,2026-07,K/01/135gsm/2300mm,645133,VMI,30
SPAL,2026-07,K/01/135gsm/2450mm,645142,VMI,45
SPAL,2026-07,K/01/160gsm/1800mm,1348498,VMI EST,65
SPAL,2026-07,K/01/160gsm/2000mm,1419847,VMI EST,79
SPAL,2026-07,K/01/160gsm/2100mm,1472401,VMI,45
SPAL,2026-07,K/01/160gsm/2300mm,1494098,VMI,80
SPAL,2026-07,K/01/160gsm/2450mm,1311552,VMI,45
SPAL,2026-07,K/01/225gsm/1800mm,645244,VMI,50
SPAL,2026-07,K/01/225gsm/2000mm,645271,VMI,36
SPAL,2026-07,K/01/225gsm/2100mm,645289,VMI,36
SPAL,2026-07,K/01/225gsm/2300mm,645325,VMI,36
SPAL,2026-07,K/01/225gsm/2450mm,645355,VMI,36
SPAL,2026-07,K/01/275gsm/1800mm,645488,NO VMI,13
SPAL,2026-07,K/01/275gsm/2000mm,645510,NO VMI,12
SPAL,2026-07,K/01/275gsm/2100mm,645528,NO VMI,24
SPAL,2026-07,K/01/275gsm/2300mm,645558,VMI,48
SPAL,2026-07,K/01/275gsm/2450mm,645592,NO VMI,24
SPAL,2026-07,KCL/134/145gsm/1800mm,1519091,NO VMI,6
SPAL,2026-07,KCL/134/145gsm/2000mm,1519093,NO VMI,14
SPAL,2026-07,KCL/134/145gsm/2100mm,1469219,NO VMI,14
SPAL,2026-07,KCL/134/145gsm/2300mm,1502055,NO VMI,32
SPAL,2026-07,KCL/134/145gsm/2450mm,1362999,NO VMI,13
SPAL,2026-07,KW2/01/115gsm/1800mm,644698,NO VMI,30
SPAL,2026-07,KW2/01/115gsm/2000mm,744711,VMI,44
SPAL,2026-07,KW2/01/115gsm/2100mm,744713,VMI,30
SPAL,2026-07,KW2/01/115gsm/2300mm,1192152,VMI,45
SPAL,2026-07,KW2/01/115gsm/2450mm,644728,VMI,60
SPAL,2026-07,KW2/01/160gsm/1800mm,745966,NO VMI,27
SPAL,2026-07,KW2/01/160gsm/2000mm,909636,NO VMI,60
SPAL,2026-07,KW2/01/160gsm/2100mm,909637,NO VMI,18
SPAL,2026-07,KW2/01/160gsm/2300mm,769273,NO VMI,30
SPAL,2026-07,KW2/01/160gsm/2450mm,745983,NO VMI,24
SPAL,2026-07,SF1/01/160gsm/1790mm,1084307,NO VMI,24
SPAL,2026-07,SF1/01/160gsm/1990mm,1100192,NO VMI,85
SPAL,2026-07,SF1/01/160gsm/2090mm,1081942,NO VMI,23
SPAL,2026-07,SF1/01/160gsm/2290mm,1116685,NO VMI,52
SPAL,2026-07,SF1/01/160gsm/2440mm,1084747,NO VMI,40
SPAL,2026-07,TSL/01/80gsm/1800mm,1686460,NO VMI,24
SPAL,2026-07,TSL/01/80gsm/2000mm,1584433,VMI,18
SPAL,2026-07,TSL/01/80gsm/2100mm,1584329,NO VMI,11
SPAL,2026-07,TSL/01/80gsm/2300mm,1584328,NO VMI,18
SPAL,2026-07,TSL/01/80gsm/2450mm,1584435,NO VMI,24
SPAL,2026-07,TSL/01/100gsm/1800mm,1080949,VMI,85
SPAL,2026-07,TSL/01/100gsm/2000mm,1081246,VMI,60
SPAL,2026-07,TSL/01/100gsm/2100mm,1081145,VMI,110
SPAL,2026-07,TSL/01/100gsm/2300mm,1081227,VMI,120
SPAL,2026-07,TSL/01/100gsm/2450mm,1080948,VMI,100
SPAL,2026-07,TSL/01/125gsm/1800mm,1584854,VMI,80
SPAL,2026-07,TSL/01/125gsm/2000mm,1584445,VMI,80
SPAL,2026-07,TSL/01/125gsm/2100mm,1584438,VMI,100
SPAL,2026-07,TSL/01/125gsm/2300mm,1584436,VMI,140
SPAL,2026-07,TSL/01/125gsm/2450mm,1584447,VMI,130
SPAL,2026-07,TWTC2/51/115gsm/1800mm,1446615,VMI,40
SPAL,2026-07,TWTC2/51/115gsm/2000mm,1446612,NO VMI,22
SPAL,2026-07,TWTC2/51/115gsm/2100mm,1445750,VMI,36
SPAL,2026-07,TWTC2/51/115gsm/2300mm,1446614,VMI,30
SPAL,2026-07,TWTC2/51/115gsm/2450mm,1445751,VMI,42
SQUA,2026-07,HP2/01/105gsm/1990mm,1286755,NO VMI,15
SQUA,2026-07,HP2/01/105gsm/2190mm,1286759,VMI,65
SQUA,2026-07,HP2/01/105gsm/2440mm,1286737,VMI,55
SQUA,2026-07,HP2/01/105gsm/2640mm,1456346,NO VMI,15
SQUA,2026-07,HP2/01/105gsm/2790mm,1445905,NO VMI,15
SQUA,2026-07,HP2/01/115gsm/1990mm,942800,VMI,35
SQUA,2026-07,HP2/01/115gsm/2190mm,942802,VMI,35
SQUA,2026-07,HP2/01/115gsm/2440mm,942803,VMI,80
SQUA,2026-07,HP2/01/115gsm/2640mm,1456466,VMI,50
SQUA,2026-07,HP2/01/115gsm/2790mm,1445920,VMI,170
SQUA,2026-07,HP2/01/125gsm/1990mm,1583713,VMI,65
SQUA,2026-07,HP2/01/125gsm/2190mm,1583714,VMI,270
SQUA,2026-07,HP2/01/125gsm/2440mm,1358116,VMI,180
SQUA,2026-07,HP2/01/127gsm/2640mm,1691721,VMI,115
SQUA,2026-07,HP2/01/127gsm/2790mm,1691722,VMI,280
SQUA,2026-07,HP2/01/155gsm/1990mm,1672414,VMI,145
SQUA,2026-07,HP2/01/155gsm/2190mm,1672412,VMI,190
SQUA,2026-07,HP2/01/155gsm/2440mm,1664633,VMI,230
SQUA,2026-07,HP2/01/155gsm/2640mm,1672496,VMI,150
SQUA,2026-07,HP2/01/155gsm/2790mm,1672495,VMI,290
SQUA,2026-07,K/01/125gsm/2000mm,644977,NO VMI,5
SQUA,2026-07,K/01/125gsm/2200mm,645004,VMI,35
SQUA,2026-07,K/01/125gsm/2450mm,645055,NO VMI,15
SQUA,2026-07,K/01/125gsm/2650mm,1148010,NO VMI,5
SQUA,2026-07,K/01/125gsm/2800mm,645082,NO VMI,20
SQUA,2026-07,K/01/160gsm/2000mm,1419847,VMI,20
SQUA,2026-07,K/01/160gsm/2200mm,1293486,VMI,35
SQUA,2026-07,K/01/160gsm/2450mm,1311552,VMI,40
SQUA,2026-07,K/01/160gsm/2650mm,1494008,NO VMI,30
SQUA,2026-07,K/01/160gsm/2800mm,1494080,NO VMI,35
SQUA,2026-07,K/01/275gsm/2200mm,645546,NO VMI,2
SQUA,2026-07,K/01/275gsm/2450mm,645592,NO VMI,5
SQUA,2026-07,KS/257/195gsm/2000mm,1348642,VMI,90
SQUA,2026-07,KS/257/195gsm/2200mm,1348644,VMI,125
SQUA,2026-07,KS/257/195gsm/2450mm,1348645,VMI,45
SQUA,2026-07,KS/257/195gsm/2650mm,1596566,NO VMI,25
SQUA,2026-07,KS/257/195gsm/2800mm,1596567,NO VMI,30
SQUA,2026-07,KS/257/245gsm/2650mm,1595584,VMI,140
SQUA,2026-07,KS/257/245gsm/2800mm,1595585,VMI,65
SQUA,2026-07,KW2/01/115gsm/2000mm,744711,VMI,35
SQUA,2026-07,KW2/01/115gsm/2200mm,644725,VMI,60
SQUA,2026-07,KW2/01/115gsm/2450mm,644728,VMI,70
SQUA,2026-07,KW2/01/115gsm/2650mm,1404037,VMI,60
SQUA,2026-07,KW2/01/115gsm/2800mm,1283512,VMI,110
SQUA,2026-07,KW2/01/160gsm/2000mm,909636,NO VMI,10
SQUA,2026-07,KW2/01/160gsm/2200mm,911930,VMI,40
SQUA,2026-07,KW2/01/160gsm/2450mm,745983,NO VMI,45
SQUA,2026-07,KW2/01/160gsm/2650mm,1430392,VMI,50
SQUA,2026-07,KW2/01/160gsm/2800mm,1283513,VMI,50
SQUA,2026-07,KWT/01/160gsm/2200mm,646315,NO VMI,20
SQUA,2026-07,KWT/01/160gsm/2450mm,908840,NO VMI,3
SQUA,2026-07,RF1/01/80gsm/1990mm,745353,VMI,45
SQUA,2026-07,RF1/01/80gsm/2190mm,648654,VMI,60
SQUA,2026-07,RF1/01/80gsm/2440mm,973813,VMI,80
SQUA,2026-07,RF1/01/80gsm/2640mm,1520043,NO VMI,10
SQUA,2026-07,RF1/01/80gsm/2790mm,973814,NO VMI,45
SQUA,2026-07,RF1/01/100gsm/1990mm,645911,VMI,25
SQUA,2026-07,RF1/01/100gsm/2190mm,645977,VMI,110
SQUA,2026-07,RF1/01/100gsm/2440mm,646052,VMI,95
SQUA,2026-07,RF1/01/100gsm/2640mm,1495962,VMI,75
SQUA,2026-07,RF1/01/100gsm/2790mm,736486,VMI,170
SQUA,2026-07,T1/01/250gsm/2000mm,1342172,VMI,25
SQUA,2026-07,T1/01/250gsm/2200mm,1262848,VMI,60
SQUA,2026-07,T1/01/250gsm/2450mm,1262850,VMI,95
SQUA,2026-07,TCH/40/140gsm/2000mm,651210,NO VMI,25
SQUA,2026-07,TCH/40/140gsm/2200mm,940924,NO VMI,55
SQUA,2026-07,TCH/40/140gsm/2450mm,940923,NO VMI,30
SQUA,2026-07,TCH/40/140gsm/2650mm,1521356,NO VMI,35
SQUA,2026-07,TCH/40/140gsm/2800mm,1588299,NO VMI,50
SQUA,2026-07,TCH/40/180gsm/2800mm,1354052,NO VMI,5
SQUA,2026-07,TSL/01/100gsm/2000mm,1081246,NO VMI,5
SQUA,2026-07,TSL/01/100gsm/2200mm,1080886,NO VMI,15
SQUA,2026-07,TSL/01/100gsm/2450mm,1080948,NO VMI,20
SQUA,2026-07,TSL/01/100gsm/2650mm,1569822,VMI,30
SQUA,2026-07,TSL/01/100gsm/2800mm,1476486,VMI,50
SQUA,2026-07,TSL/01/125gsm/2000mm,1584445,NO VMI,20
SQUA,2026-07,TSL/01/125gsm/2200mm,1584446,VMI,105
SQUA,2026-07,TSL/01/125gsm/2450mm,1584447,VMI,100
SQUA,2026-07,TSL/01/125gsm/2650mm,1584439,VMI,60
SQUA,2026-07,TSL/01/125gsm/2800mm,1584440,VMI,180
SQUA,2026-07,TSL/01/150gsm/2200mm,942590,VMI,20
SQUA,2026-07,TW2000/51/115gsm/2000mm,1685215,NO VMI,15
SQUA,2026-07,TW2000/51/115gsm/2200mm,1685223,NO VMI,25
SQUA,2026-07,TW2000/51/115gsm/2450mm,1685235,NO VMI,25
SQUA,2026-07,TW2000/51/115gsm/2650mm,1685243,NO VMI,25
SQUA,2026-07,TW2000/51/115gsm/2800mm,1685247,NO VMI,20
SVIG,2026-07,HP2/01/115gsm/2190mm,942802,VMI,160
SVIG,2026-07,HP2/01/115gsm/2440mm,942803,VMI,110
SVIG,2026-07,HP2/01/125gsm/2190mm,1583714,VMI,150
SVIG,2026-07,HP2/01/125gsm/2440mm,1358116,VMI,130
SVIG,2026-07,HP2/01/155gsm/1990mm,1672414,NO VMI,25
SVIG,2026-07,HP2/01/155gsm/2190mm,1672412,VMI,180
SVIG,2026-07,HP2/01/155gsm/2440mm,1664633,VMI,110
SVIG,2026-07,K/01/110gsm/2000mm,1465604,NO VMI,5
SVIG,2026-07,K/01/110gsm/2200mm,1461707,VMI,85
SVIG,2026-07,K/01/110gsm/2300mm,1461694,NO VMI,5
SVIG,2026-07,K/01/110gsm/2450mm,1460216,VMI,85
SVIG,2026-07,K/01/125gsm/2200mm,1167204,NO VMI,30
SVIG,2026-07,K/01/125gsm/2450mm,1167214,VMI,50
SVIG,2026-07,K/01/160gsm/2200mm,1493944,NO VMI,40
SVIG,2026-07,K/01/160gsm/2450mm,1493946,NO VMI,35
SVIG,2026-07,K/01/225gsm/2200mm,1168275,NO VMI,30
SVIG,2026-07,K/01/225gsm/2450mm,1168283,NO VMI,35
SVIG,2026-07,KS/257/165gsm/2200mm,1348629,NO VMI,45
SVIG,2026-07,KS/257/165gsm/2450mm,1348640,VMI,50
SVIG,2026-07,KS/257/215gsm/2200mm,1513566,VMI,45
SVIG,2026-07,KS/257/215gsm/2450mm,1454661,VMI,55
SVIG,2026-07,KW2/01/115gsm/2200mm,1168951,VMI,61
SVIG,2026-07,KW2/01/115gsm/2450mm,1168958,VMI,60
SVIG,2026-07,KW2/01/160gsm/2200mm,1169284,NO VMI,35
SVIG,2026-07,KW2/01/160gsm/2450mm,1169288,NO VMI,35
SVIG,2026-07,TSL/01/80gsm/2200mm,1584434,VMI,170
SVIG,2026-07,TSL/01/80gsm/2300mm,1584328,VMI,50
SVIG,2026-07,TSL/01/80gsm/2450mm,1584435,VMI,370
SVIG,2026-07,TSL/01/100gsm/2000mm,1081246,VMI,30
SVIG,2026-07,TSL/01/100gsm/2200mm,1080886,VMI,200
SVIG,2026-07,TSL/01/100gsm/2300mm,1081227,NO VMI,45
SVIG,2026-07,TSL/01/100gsm/2450mm,1080948,VMI,250
SVIG,2026-07,TSL/01/125gsm/2000mm,1584445,VMI,35
SVIG,2026-07,TSL/01/125gsm/2200mm,1584446,VMI,160
SVIG,2026-07,TSL/01/125gsm/2300mm,1584436,NO VMI,15
SVIG,2026-07,TSL/01/125gsm/2450mm,1584447,VMI,108
SVIG,2026-07,TSL/01/150gsm/2200mm,942590,VMI,55
SVIG,2026-07,TSL/01/150gsm/2450mm,942592,NO VMI,40
SVIG,2026-07,TWTC2/51/115gsm/2000mm,1446612,NO VMI,15
SVIG,2026-07,TWTC2/51/115gsm/2200mm,1446616,VMI,60
SVIG,2026-07,TWTC2/51/115gsm/2300mm,1446614,NO VMI,5
SVIG,2026-07,TWTC2/51/115gsm/2450mm,1445751,VMI,65
