sku,strategy,series,real,planner,ref_h1,direct,iterated,partial,naive,mes
HP1/01/190gsm/2090mm,VMI,1,27.004,30,25.96184214853365,25.531846478443,28.335872393855272,26.14053236849825,24.176,2026-06
HP1/01/190gsm/2290mm,VMI,1,44.838,54,53.6621580874479,62.00423754710007,64.12771346068922,55.81214953141159,58.065000000000005,2026-06
HP1/01/190gsm/2440mm,VMI,1,69.558,100,83.26193841309758,107.13392252558928,112.0444454074024,97.67366234027077,126.454,2026-06
HP2/01/105gsm/2090mm,VMI,2,85.267,90,80.39361105785913,81.25330870241102,82.87975555924874,86.45290578808985,87.924,2026-06
HP2/01/105gsm/2290mm,VMI,2,96.18299999999999,106,94.6062983958314,91.84125402245054,89.1285789974331,97.60459337223325,75.771,2026-06
HP2/01/105gsm/2440mm,VMI,2,215.237,240,195.9353798280058,204.68349998044621,212.9993407189688,193.7599930131456,205.116,2026-06
HP2/01/125gsm/2090mm,VMI,2,104.256,140,125.93124012437333,129.13840592584197,135.20252261013724,133.68234481470293,121.71,2026-06
HP2/01/125gsm/2290mm,VMI,2,222.85,190,181.48191496914555,189.0647387673705,190.95716653100655,169.290256486058,188.668,2026-06
HP2/01/125gsm/2440mm,VMI,2,177.235,240,207.5195332025346,220.2415310139609,228.55431953739807,221.39654863038504,211.439,2026-06
HP2/01/155gsm/2090mm,VMI,2,113.503,130,126.56945272342509,112.04561730528194,122.21126675474561,122.66405320166798,121.537,2026-06
HP2/01/155gsm/2290mm,VMI,2,169.203,170,175.2971435233956,185.22042740537805,191.23445844340984,187.635730245229,165.179,2026-06
HP2/01/155gsm/2440mm,VMI,2,172.654,192,164.33804210784055,185.61418713924962,192.5983641362829,176.63479204528525,192.992,2026-06
K/01/110gsm/2100mm,VMI,1,42.94,60,55.46130911688122,52.59662512115343,54.21286729282406,57.97869299748826,47.942,2026-06
K/01/110gsm/2300mm,VMI,1,67.04,56,61.632992864649054,58.852224445871535,59.41600286665148,64.83684496817162,43.555,2026-06
K/01/110gsm/2450mm,VMI,1,94.58,90,80.0146773512276,94.77435316817626,102.9331259031436,87.04188223560963,80.985,2026-06
K/01/160gsm/2100mm,VMI,1,96.874,90,109.48599398156973,93.69707777074989,95.6673799760204,95.96742434443333,92.97,2026-06
K/01/160gsm/2300mm,VMI,1,132.532,104,108.7687822468764,116.96382228826252,119.2890209185543,108.36487592431844,105.59,2026-06
K/01/160gsm/2450mm,VMI,2,112.886,116,105.4940302950985,117.60857590605607,123.4828161548457,103.5239327381404,130.305,2026-06
K/01/225gsm/2100mm,NO VMI,1,4.745,6,5.290410016099298,5.323819408143473,5.5325815435443,4.404774171312767,2.885,2026-06
K/01/225gsm/2300mm,NO VMI,2,43.245000000000005,30,20.738744601665317,21.21406123429756,22.82241162562708,19.457761498907182,36.165,2026-06
K/01/225gsm/2450mm,NO VMI,1,0.0,6,6.550417349473324,3.3633406026638624,3.029130866984984,8.156625246940179,1.518,2026-06
KW2/01/115gsm/2100mm,VMI,1,42.715,50,50.46790454458972,49.69461769629561,51.90770443713303,55.072980091550335,48.735,2026-06
KW2/01/115gsm/2300mm,VMI,1,86.086,88,86.57791272491845,94.0248836080364,96.50893013452205,91.14791254242805,95.65,2026-06
KW2/01/115gsm/2450mm,VMI,1,81.08,122,105.17014673244495,109.54545985304078,121.59423327384576,113.49146966177996,115.05,2026-06
KW2/01/160gsm/2100mm,NO VMI,1,5.66,10,8.37312717125072,12.38383890290178,12.19666173839119,10.693035517632184,12.26,2026-06
KW2/01/160gsm/2300mm,NO VMI,2,30.31,16,19.534873144775663,19.233195845963888,18.77391193435732,18.365838209662442,16.615000000000002,2026-06
KW2/01/160gsm/2450mm,VMI,1,30.72,36,33.97536970715049,35.34550135396525,35.15386270416794,34.88628970860275,36.235,2026-06
TCH/40/160gsm/2100mm,NO VMI,1,15.71,18,17.71186044584452,23.804927580132794,24.181444327222135,21.14760321796388,21.624,2026-06
TCH/40/160gsm/2300mm,NO VMI,1,18.103,18,20.71683906904831,23.20803996871687,24.912799426501408,22.032812688674507,23.032,2026-06
TCH/40/160gsm/2450mm,NO VMI,1,21.542,26,21.58764113975838,19.03197762928477,19.43176927111941,21.348738673638064,14.904,2026-06
THP/01/125gsm/2100mm,VMI,1,80.034,92,85.34554806798405,74.6505880157336,77.38509580065455,80.89679738719589,83.928,2026-06
THP/01/125gsm/2300mm,VMI,1,51.414,30,23.320004358960542,23.48082610427275,25.273712480460077,23.50555002018858,17.195,2026-06
THP/01/125gsm/2450mm,VMI,1,107.374,130,119.21229963277221,119.30372990137384,123.5935631233631,121.30965134241818,109.172,2026-06
TSL/01/80gsm/2100mm,VMI,1,89.553,98,76.2903361664952,78.74111481864632,78.78386600257953,83.5192073210571,79.378,2026-06
TSL/01/80gsm/2300mm,VMI,1,65.428,80,83.4450580596333,80.8632147600203,82.68759419672392,89.78585379327596,71.966,2026-06
TSL/01/80gsm/2450mm,VMI,1,164.896,140,138.1349139049962,139.35516455382404,152.17920187638774,139.86049936245973,124.0,2026-06
TSL/01/100gsm/2100mm,VMI,1,88.012,110,111.21962998909022,103.89428373703582,103.76124533483085,114.7199979414737,97.542,2026-06
TSL/01/100gsm/2300mm,VMI,2,116.099,76,66.7378703276117,69.51786759956494,71.18340251844442,64.77123455598664,65.47,2026-06
TSL/01/100gsm/2450mm,VMI,2,123.597,150,148.966312013675,151.11935415189467,158.87267107990093,160.91630456175116,136.548,2026-06
TSL/01/150gsm/2100mm,NO VMI,2,4.05,14,13.450245615553582,17.50686723548155,17.05431604710324,13.814974721970014,16.591,2026-06
TSL/01/150gsm/2300mm,NO VMI,2,15.597,14,17.53515803857767,19.10532326237745,18.720139079503518,18.270437836360646,16.53,2026-06
TSL/01/150gsm/2450mm,VMI,2,27.986,26,29.01519005328932,27.405587324486838,30.000597160756847,29.372304664753653,26.213,2026-06
TW2000/51/115gsm/2100mm,NO VMI,1,0.0,6,0.0,0.0,0.0,0.0,0.0,2026-06
TW2000/51/115gsm/2300mm,NO VMI,1,7.818,10,7.265910266413385,9.774067902331096,9.699673062846186,6.526845032148837,11.394,2026-06
TW2000/51/115gsm/2450mm,NO VMI,1,4.78,8,4.647314011948628,0.3182803180647335,0.8051356075607522,1.5324341742944518,0.0,2026-06
HP1/01/190gsm/2090mm,VMI,1,29.156,30,28.46164072775836,28.23710755817379,28.27738723959048,29.704796395789625,24.648,2026-07
HP1/01/190gsm/2290mm,VMI,1,54.01,56,56.26313102019649,57.64204841952088,59.28081826252315,57.95758118192475,42.047,2026-07
HP1/01/190gsm/2440mm,VMI,1,68.956,96,82.28567279388172,88.64171562756951,92.28778897614716,91.16681017323216,71.524,2026-07
HP2/01/105gsm/2090mm,VMI,2,93.86,88,85.42042940914735,82.7683483073787,84.64923137188859,88.94580777856527,82.467,2026-07
HP2/01/105gsm/2290mm,VMI,2,138.613,100,100.54658407962377,99.87471217175377,99.48226373859283,96.45810877093098,104.609,2026-07
HP2/01/105gsm/2440mm,VMI,2,233.56,236,226.1811994087249,218.38290997264693,210.87887860073238,247.81910025268374,185.452,2026-07
HP2/01/125gsm/2090mm,VMI,2,158.487,136,122.28233732882029,135.31258058865458,132.05251840645846,127.33389869555837,129.626,2026-07
HP2/01/125gsm/2290mm,VMI,2,196.915,189,206.80729711382088,191.96406870210146,192.63919985739167,217.59378771825132,185.046,2026-07
HP2/01/125gsm/2440mm,VMI,2,159.587,210,199.84872218563308,219.75715000902522,214.36440403820137,225.10149097843458,196.632,2026-07
HP2/01/155gsm/2090mm,VMI,2,118.416,140,124.43560355994052,124.82547236495627,128.2309936887005,114.55755838620554,143.492,2026-07
HP2/01/155gsm/2290mm,VMI,2,221.121,170,182.3235281368816,189.4579298196082,182.2521307342623,192.416688725104,167.471,2026-07
HP2/01/155gsm/2440mm,VMI,2,155.899,200,179.61478221706352,173.20014955368288,174.89688486882355,192.89161604768975,150.593,2026-07
K/01/110gsm/2100mm,VMI,1,43.81,60,50.796878637746055,56.226969935703416,57.596287929246,51.260489249537365,60.433,2026-07
K/01/110gsm/2300mm,VMI,1,51.3,64,69.46822903010552,67.30152341418751,67.48464048993047,66.43992789394206,63.575,2026-07
K/01/110gsm/2450mm,VMI,1,73.87,120,98.99385822816605,91.86733527682227,89.63901296944353,106.82364578147345,72.456,2026-07
K/01/160gsm/2100mm,VMI,1,100.82,110,105.38620344246912,109.03730523187046,113.83109912557394,102.95438336964185,122.66,2026-07
K/01/160gsm/2300mm,VMI,1,127.495,116,130.14297071659837,120.0640249925486,120.7318533515961,138.64859241794326,103.755,2026-07
K/01/160gsm/2450mm,VMI,2,102.561,122,116.12787962993347,105.0778405972633,113.8098919523767,122.72642363064102,92.229,2026-07
K/01/225gsm/2100mm,NO VMI,1,7.314999999999999,4,5.602659223210586,5.904725223660278,6.489706492073984,5.7598188572522,3.27,2026-07
K/01/225gsm/2300mm,NO VMI,2,9.375,20,30.114726403108083,18.158195534856752,21.367384026806413,20.803208308430424,22.555,2026-07
K/01/225gsm/2450mm,NO VMI,1,0.0,4,3.391024595888537,6.499003749945916,6.610867454917771,4.158191180702315,12.435,2026-07
KW2/01/115gsm/2100mm,VMI,1,51.78,46,50.096178954694665,51.41360401596321,54.6275084529988,49.845067415207545,51.765,2026-07
KW2/01/115gsm/2300mm,VMI,1,89.065,84,88.92775632674905,89.80925209537905,88.67099598114415,102.44484182560612,84.629,2026-07
KW2/01/115gsm/2450mm,VMI,1,114.165,98,99.37763500736918,109.4229535276922,114.78989456021316,115.26754070199416,102.175,2026-07
KW2/01/160gsm/2100mm,NO VMI,1,8.375,6,10.317535823929026,10.080309990735572,11.304690533141498,11.090994126500634,3.64,2026-07
KW2/01/160gsm/2300mm,NO VMI,2,24.05,20,25.058871180246665,20.007922160525965,20.63964854666152,25.433967467359494,20.34,2026-07
KW2/01/160gsm/2450mm,VMI,1,39.87,30,35.47886329591691,34.55659703398441,36.340570657216695,35.434838824952635,32.415,2026-07
TCH/40/160gsm/2100mm,NO VMI,1,18.12,16,20.8662749067928,20.81476187678105,21.32506658021396,17.778246076184136,11.106,2026-07
TCH/40/160gsm/2300mm,NO VMI,1,9.44,14,21.267530662690582,22.00838078725804,23.224436743648777,21.13079017903077,15.582,2026-07
TCH/40/160gsm/2450mm,NO VMI,1,10.878,20,22.311304887556826,21.505519253085836,22.66087824601695,24.38520250753922,23.608,2026-07
THP/01/125gsm/2100mm,VMI,1,105.02,82,82.33344851361046,84.12359073100846,84.48925020566986,93.26158355708272,95.386,2026-07
THP/01/125gsm/2300mm,VMI,1,43.42,22,34.16140256456264,23.688964347151323,24.792464485456644,29.30723593408332,22.219,2026-07
THP/01/125gsm/2450mm,VMI,1,124.248,106,124.58871797079637,127.72712256068957,126.76170640650962,134.89165841726296,120.458,2026-07
TSL/01/80gsm/2100mm,VMI,1,78.661,90,90.12330756754587,79.93568378694127,80.11275537896057,90.16698369593382,78.038,2026-07
TSL/01/80gsm/2300mm,VMI,1,83.688,88,79.53198244513881,87.32977677195358,88.59161288237807,77.74595121757027,86.59,2026-07
TSL/01/80gsm/2450mm,VMI,1,146.188,166,160.1079948672242,152.6327325679674,147.36752292864617,174.88298860289237,129.1,2026-07
TSL/01/100gsm/2100mm,VMI,1,126.522,100,104.10396274881164,115.49710994024451,114.6032942121754,107.9844810450088,130.494,2026-07
TSL/01/100gsm/2300mm,VMI,2,97.147,70,94.9547729164156,69.90484589570765,71.3051076207843,85.3263989207314,64.134,2026-07
TSL/01/100gsm/2450mm,VMI,2,125.664,128,144.37099365771988,154.1275415233126,156.6138806598322,156.65254973686666,142.048,2026-07
TSL/01/150gsm/2100mm,NO VMI,2,10.79,8,10.093449381439973,16.709068016919105,16.22385295454855,14.038016767876853,8.465,2026-07
TSL/01/150gsm/2300mm,NO VMI,2,16.386,16,18.64079639162981,17.941008938747544,18.948500045272585,19.092132054315872,14.053,2026-07
TSL/01/150gsm/2450mm,VMI,2,31.686,32,31.08159241070419,31.087893012384406,31.17382454606631,32.53077008824055,31.588,2026-07
TW2000/51/115gsm/2100mm,NO VMI,1,5.667999999999999,4,4.29212925355012,3.2714317719852146,3.5749230637133933,3.0650960617396703,1.452,2026-07
TW2000/51/115gsm/2300mm,NO VMI,1,2.936,6,9.057977858912357,8.35491299605026,8.91382421428399,10.24238656792894,4.844,2026-07
TW2000/51/115gsm/2450mm,NO VMI,1,1.7,4,4.3618009282186865,4.243675032058211,4.154336468870338,3.385692169203025,6.188000000000001,2026-07
HP1/01/190gsm/2090mm,VMI,1,21.912,26,24.271826761376342,24.315582916934925,24.78479968469697,23.69749295777517,27.004,2026-08
HP1/01/190gsm/2290mm,VMI,1,36.656,50,49.83561709713454,53.87054764284574,52.4676741288662,53.39168571110687,44.838,2026-08
HP1/01/190gsm/2440mm,VMI,1,83.33,88,69.05187462865824,79.39665475399089,76.38859486625705,73.4450796147889,69.558,2026-08
HP2/01/105gsm/2090mm,VMI,2,71.138,90,79.1397464441408,76.84296387682004,76.31158922150999,79.71673856371042,85.267,2026-08
HP2/01/105gsm/2290mm,VMI,2,111.015,96,109.63022957857568,93.25100544780213,95.51463712117999,97.84592869205078,96.18299999999999,2026-08
HP2/01/105gsm/2440mm,VMI,2,263.336,220,194.69674833372977,197.81599921129637,205.78852304603657,221.78736532986554,215.237,2026-08
HP2/01/125gsm/2090mm,VMI,2,118.203,116,123.01880767276165,111.61220544911735,112.70597007913959,136.4771939927392,104.256,2026-08
HP2/01/125gsm/2290mm,VMI,2,167.764,190,178.126453080394,183.8572917597647,188.47680981640022,172.71306221997764,222.85,2026-08
HP2/01/125gsm/2440mm,VMI,2,204.78,192,163.67254319605328,187.15871222279497,194.10536436402396,168.54247248588672,177.235,2026-08
HP2/01/155gsm/2090mm,VMI,2,137.042,120,105.68099406162352,104.55531881053521,115.32986854599172,116.1583686642506,113.503,2026-08
HP2/01/155gsm/2290mm,VMI,2,151.694,160,183.36663991274196,168.21001418728088,173.97002702990767,172.93528487002072,169.203,2026-08
HP2/01/155gsm/2440mm,VMI,2,167.12,166,151.9407524636726,151.793153113218,159.14567526289275,147.5012061179229,172.654,2026-08
K/01/110gsm/2100mm,VMI,1,56.075,60,43.22361311804789,48.43598504448597,47.57712033678566,53.48058826618664,42.94,2026-08
K/01/110gsm/2300mm,VMI,1,43.225,68,53.78172124170941,65.09662126804352,62.03143617114025,54.93006510022179,67.04,2026-08
K/01/110gsm/2450mm,VMI,1,106.41,92,75.70108551401319,91.32028041744036,89.73733314588257,81.69119340154752,94.58,2026-08
K/01/160gsm/2100mm,VMI,1,96.028,98,92.21432825497607,95.05804163285354,96.54469901202822,106.4721761195234,96.874,2026-08
K/01/160gsm/2300mm,VMI,1,81.831,106,112.74391615538177,119.00377736882892,115.24058529202236,116.7657525946641,132.532,2026-08
K/01/160gsm/2450mm,VMI,2,119.684,110,96.91379723709385,101.1250481295364,102.46431256502278,95.93290121604154,112.886,2026-08
K/01/225gsm/2100mm,NO VMI,1,2.565,6,5.175596861986674,5.2016833357713805,5.4590539394417945,5.330494974219545,4.745,2026-08
K/01/225gsm/2300mm,NO VMI,2,28.95,40,15.547413971349833,24.58258285773619,25.113412987290737,12.833941206964436,43.245000000000005,2026-08
K/01/225gsm/2450mm,NO VMI,1,1.825,4,2.169590890111936,2.912394540103809,4.6773836344741975,2.150747463417759,0.0,2026-08
KW2/01/115gsm/2100mm,VMI,1,52.481,44,46.890537923104596,47.680995390497,47.66006196375674,51.06358234125742,42.715,2026-08
KW2/01/115gsm/2300mm,VMI,1,95.596,82,81.55297048904971,82.2936044415798,83.48305865525754,85.21060067104058,86.086,2026-08
KW2/01/115gsm/2450mm,VMI,1,97.369,92,100.43813424968145,90.10412092829388,93.4438282639577,98.67028636583149,81.08,2026-08
KW2/01/160gsm/2100mm,NO VMI,1,7.75,6,8.15656615206858,9.274359960412736,9.08367330942714,8.319190763656778,5.66,2026-08
KW2/01/160gsm/2300mm,NO VMI,2,29.51,24,21.05294134204446,22.416727129418938,21.971565452164445,22.976076500238243,30.31,2026-08
KW2/01/160gsm/2450mm,VMI,1,28.075000000000003,32,32.22461074132345,32.580231936137274,31.72331965642971,32.48597396021356,30.72,2026-08
TCH/40/160gsm/2100mm,NO VMI,1,21.98,16,17.600103846106695,21.567965436974188,19.796214277962168,21.258252723767345,15.71,2026-08
TCH/40/160gsm/2300mm,NO VMI,1,18.977,18,14.225226225452099,20.46320312036083,19.566649147316998,12.889243945918002,18.103,2026-08
TCH/40/160gsm/2450mm,NO VMI,1,18.725,20,15.840361524205974,20.620047890243352,20.24840560124485,19.02227467095119,21.542,2026-08
THP/01/125gsm/2100mm,VMI,1,70.26,80,82.05168136072008,74.92252583045895,74.69190088221494,69.83235604811074,80.034,2026-08
THP/01/125gsm/2300mm,VMI,1,31.334,38,32.78252448275412,31.112597509942685,29.58583123012339,32.295999659470816,51.414,2026-08
THP/01/125gsm/2450mm,VMI,1,139.9,108,108.69914208106366,109.51226971508204,109.98855935528933,130.34479930110663,107.374,2026-08
TSL/01/80gsm/2100mm,VMI,1,80.28,84,73.27406698350146,78.46740149155687,81.12930007689043,74.2723875744606,89.553,2026-08
TSL/01/80gsm/2300mm,VMI,1,73.104,76,76.76644850678595,74.07925431700117,76.11950669131319,83.71075232821708,65.428,2026-08
TSL/01/80gsm/2450mm,VMI,1,141.85,138,138.4115819529273,144.46156998608205,149.18437792101926,142.15160019762325,164.896,2026-08
TSL/01/100gsm/2100mm,VMI,1,98.138,102,102.84603589630088,91.84217816486704,96.6127223132252,97.3389488634526,88.012,2026-08
TSL/01/100gsm/2300mm,VMI,2,71.76,82,81.42216427123961,85.40808998418004,82.4288184322602,92.69526041362529,116.099,2026-08
TSL/01/100gsm/2450mm,VMI,2,136.18,126,122.54807325052101,129.73885823047263,134.8444173978154,134.80197085488427,123.597,2026-08
TSL/01/150gsm/2100mm,NO VMI,2,11.819,12,9.262535336185687,10.491385145883445,10.071084236890691,12.123063468414843,4.05,2026-08
TSL/01/150gsm/2300mm,NO VMI,2,16.093,14,16.485505304793875,16.895377840896373,17.42439365397589,16.921957341914766,15.597,2026-08
TSL/01/150gsm/2450mm,VMI,2,27.656,28,26.247056842396546,26.772022263209735,27.204585492479048,24.831732526626517,27.986,2026-08
TW2000/51/115gsm/2100mm,NO VMI,1,4.068,4,4.661949220330549,4.33692709756609,3.9903787883922166,5.261107885377194,3.3000000000000003,2026-08
TW2000/51/115gsm/2300mm,NO VMI,1,7.184,6,5.0909845077849765,8.782219974353517,8.465284275777226,7.707153983228561,7.818,2026-08
TW2000/51/115gsm/2450mm,NO VMI,1,5.03,6,2.1343783984666613,4.194911690698819,3.9663041900313223,3.621599896203653,4.78,2026-08
K/01/110gsm/2100mm,VMI,1,39.955,68,51.936128528789226,48.62444847936274,45.985968107428256,56.11006786470586,43.81,2026-09
K/01/110gsm/2300mm,VMI,1,39.705,70,54.313478920442,60.04249457878857,59.25276195829096,56.74013381903537,51.3,2026-09
K/01/110gsm/2450mm,VMI,1,111.76,100,99.73407890079659,88.86629926431254,83.37658099690259,99.2806091844878,73.87,2026-09
K/01/160gsm/2100mm,VMI,1,87.37,126,101.25791938057394,98.56869502060124,96.08543967245458,88.62924479637626,100.82,2026-09
K/01/160gsm/2300mm,VMI,1,94.495,120,101.85804785059084,117.210523556523,115.2640586580244,79.64312572481583,127.495,2026-09
K/01/160gsm/2450mm,VMI,2,125.174,110,115.49003592875312,103.77063073203114,107.18867184859874,109.92562091501757,102.561,2026-09
KW2/01/115gsm/2100mm,VMI,1,56.38,60,50.50694801243851,50.32436398543319,50.47301643126266,55.7047438917156,51.78,2026-09
KW2/01/115gsm/2300mm,VMI,1,78.785,90,94.15193349707232,87.18915972339931,84.81153550767716,85.62687795405431,89.065,2026-09
KW2/01/115gsm/2450mm,VMI,1,94.325,100,106.99713180356996,105.7187040860424,106.94429380742856,97.97397302487468,114.165,2026-09
KW2/01/160gsm/2450mm,VMI,1,33.795,35,32.920092422461614,34.62739092190351,34.466589524213326,34.81741095728156,39.87,2026-09
HP2/01/105gsm/2090mm,VMI,2,55.503,92,74.71339551118689,82.74770742936832,79.37052000915585,85.16517051585757,93.86,2026-09
HP2/01/105gsm/2290mm,VMI,2,107.833,100,111.42183044305845,116.27049374467792,110.40140164982857,114.11297749780256,138.613,2026-09
HP2/01/105gsm/2440mm,VMI,2,287.248,240,247.5550950980566,220.77962102490213,209.828645753358,260.5136012559808,233.56,2026-09
HP2/01/155gsm/2090mm,VMI,2,101.756,140,126.49819722681208,115.3993602856081,113.10449756131251,120.73637798002183,118.416,2026-09
HP2/01/155gsm/2290mm,VMI,2,140.899,166,180.0935648499161,203.8279029137315,194.5295033299345,177.01425167854538,221.121,2026-09
HP2/01/155gsm/2440mm,VMI,2,168.167,172,169.0862171568996,159.9746784945184,161.40089832289732,176.07742522510807,155.899,2026-09
TSL/01/150gsm/2450mm,VMI,2,25.069000000000003,28,29.660831754314263,30.29220568065326,28.986522847371514,31.57048207844578,31.686,2026-09
HP1/01/190gsm/2090mm,VMI,1,15.168,28,24.8311353819999,26.46407656565526,26.03751458543624,26.89330931640812,29.156,2026-09
HP1/01/190gsm/2290mm,VMI,1,39.792,50,48.02771018274763,54.91815476344356,53.22962514693952,39.9099046273269,54.01,2026-09
HP1/01/190gsm/2440mm,VMI,1,100.014,90,80.2282845959872,77.27510168193224,72.57865689425286,85.85833627372547,68.956,2026-09
HP2/01/125gsm/2090mm,VMI,2,102.879,146,121.58856612401249,135.04475225736218,122.37259613553935,134.16776265860798,158.487,2026-09
HP2/01/125gsm/2440mm,VMI,2,210.893,180,210.27494945186626,197.2346998908049,179.71701594824788,216.1843162360892,159.587,2026-09
HP2/01/125gsm/2290mm,VMI,2,204.964,186,184.33079854439524,198.40079327799265,186.6537323173385,146.3563978554303,196.915,2026-09
THP/01/125gsm/2100mm,VMI,1,58.702,76,74.88311197273059,86.66691750838554,80.25391666463138,78.33244477280032,105.02,2026-09
THP/01/125gsm/2300mm,VMI,1,53.998,40,32.63418902838571,34.31941721559423,32.75684728827078,30.13723755963461,43.42,2026-09
THP/01/125gsm/2450mm,VMI,1,128.794,120,129.81517883664944,114.0454820167702,115.3718132142986,122.55428731329,124.248,2026-09
TSL/01/80gsm/2100mm,VMI,1,76.618,88,80.31886914295784,77.42118563196499,76.13909817745524,84.49864043402853,78.661,2026-09
TSL/01/80gsm/2300mm,VMI,1,51.41,82,78.35346476061045,85.09304342471403,78.45783363924774,81.58940084691197,83.688,2026-09
TSL/01/80gsm/2450mm,VMI,1,180.188,160,151.96481804565778,149.84180882510614,147.4128604090948,150.87609809210377,146.188,2026-09
TSL/01/100gsm/2100mm,VMI,1,88.19,100,104.0637606175945,107.21374486151448,104.59608962164324,109.07828032991112,126.522,2026-09
TSL/01/100gsm/2300mm,VMI,2,67.018,98,78.19884656095675,85.82878550165506,84.9139267141389,73.26050844047369,97.147,2026-09
TSL/01/100gsm/2450mm,VMI,2,142.196,130,141.22701137378021,142.1710306413402,135.2829532990853,141.87742782556938,125.664,2026-09
