sku,strategy,series,real,internal,ref_h1,direct,partial,iterated,naive,mes,planner
HP1/01/190gsm/2090mm,,1,27.004,23.05323109178003,25.96184214853365,25.531846478443,26.14053236849825,28.335872393855272,24.176,2026-06,30.0
HP1/01/190gsm/2290mm,,1,44.838,70.06077570248438,53.6621580874479,62.00423754710007,55.81214953141159,64.12771346068922,58.065000000000005,2026-06,54.0
HP1/01/190gsm/2440mm,,1,69.558,93.7710990553685,83.26193841309758,107.13392252558928,97.67366234027077,112.0444454074024,126.454,2026-06,100.0
HP2/01/105gsm/2090mm,,2,85.267,142.70752350180786,80.39361105785913,81.25330870241102,86.45290578808985,82.87975555924874,87.924,2026-06,90.0
HP2/01/105gsm/2290mm,,2,96.18299999999999,140.75651794088566,94.6062983958314,91.84125402245054,97.60459337223325,89.1285789974331,75.771,2026-06,106.0
HP2/01/105gsm/2440mm,,2,215.237,206.366691851292,195.9353798280058,204.68349998044621,193.7599930131456,212.9993407189688,205.116,2026-06,240.0
HP2/01/125gsm/2090mm,,2,104.256,181.5482844835348,125.93124012437333,129.13840592584197,133.68234481470293,135.20252261013724,121.71,2026-06,140.0
HP2/01/125gsm/2290mm,,2,222.85,175.9313923731638,181.48191496914555,189.0647387673705,169.290256486058,190.95716653100655,188.668,2026-06,190.0
HP2/01/125gsm/2440mm,,2,177.235,235.5701349841452,207.5195332025346,220.2415310139609,221.39654863038504,228.55431953739807,211.439,2026-06,240.0
HP2/01/155gsm/2090mm,,2,113.503,137.8417622278086,126.56945272342509,112.04561730528194,122.66405320166798,122.21126675474561,121.537,2026-06,130.0
HP2/01/155gsm/2290mm,,2,169.203,199.36601809487647,175.2971435233956,185.22042740537805,187.635730245229,191.23445844340984,165.179,2026-06,170.0
HP2/01/155gsm/2440mm,,2,172.654,155.1881941182176,164.33804210784055,185.61418713924962,176.63479204528525,192.5983641362829,192.992,2026-06,192.0
K/01/110gsm/2100mm,,1,42.94,90.06081870558097,55.46130911688122,52.59662512115343,57.97869299748826,54.21286729282406,47.942,2026-06,60.0
K/01/110gsm/2300mm,,1,67.04,85.45558707135541,61.632992864649054,58.852224445871535,64.83684496817162,59.41600286665148,43.555,2026-06,56.0
K/01/110gsm/2450mm,,1,94.58,99.87689525185073,80.0146773512276,94.77435316817626,87.04188223560963,102.9331259031436,80.985,2026-06,90.0
K/01/160gsm/2100mm,,1,96.874,93.42315276010936,109.48599398156973,93.69707777074989,95.96742434443333,95.6673799760204,92.97,2026-06,90.0
K/01/160gsm/2300mm,,1,132.532,114.43973181307528,108.7687822468764,116.96382228826252,108.36487592431844,119.2890209185543,105.59,2026-06,104.0
K/01/160gsm/2450mm,,2,112.886,90.5409923894345,105.4940302950985,117.60857590605607,103.5239327381404,123.4828161548457,130.305,2026-06,116.0
K/01/225gsm/2100mm,,1,4.745,7.799706336306836,5.290410016099298,5.323819408143473,4.404774171312767,5.5325815435443,2.885,2026-06,6.0
K/01/225gsm/2300mm,,2,43.245000000000005,6.356987854015953,20.738744601665317,21.21406123429756,19.457761498907182,22.82241162562708,36.165,2026-06,30.0
KW2/01/115gsm/2100mm,,1,42.715,48.49477199926404,50.46790454458972,49.69461769629561,55.072980091550335,51.90770443713303,48.735,2026-06,50.0
KW2/01/115gsm/2300mm,,1,86.086,69.81425301280926,86.57791272491845,94.0248836080364,91.14791254242805,96.50893013452205,95.65,2026-06,88.0
KW2/01/115gsm/2450mm,,1,81.08,114.43921707991296,105.17014673244495,109.54545985304078,113.49146966177996,121.59423327384576,115.05,2026-06,122.0
KW2/01/160gsm/2100mm,,1,5.66,8.230242334274916,8.37312717125072,12.38383890290178,10.693035517632184,12.19666173839119,12.26,2026-06,10.0
KW2/01/160gsm/2300mm,,2,30.31,17.41468790401919,19.534873144775663,19.233195845963888,18.365838209662442,18.77391193435732,16.615000000000002,2026-06,16.0
KW2/01/160gsm/2450mm,,1,30.72,26.19255163099946,33.97536970715049,35.34550135396525,34.88628970860275,35.15386270416794,36.235,2026-06,36.0
TCH/40/160gsm/2100mm,,1,15.71,25.57104456713605,17.71186044584452,23.804927580132794,21.14760321796388,24.181444327222135,21.624,2026-06,18.0
TCH/40/160gsm/2300mm,,1,18.103,22.88336405822634,20.71683906904831,23.20803996871687,22.032812688674507,24.912799426501408,23.032,2026-06,18.0
TCH/40/160gsm/2450mm,,1,21.542,16.34134121813214,21.58764113975838,19.03197762928477,21.348738673638064,19.43176927111941,14.904,2026-06,26.0
TSL/01/80gsm/2100mm,,1,89.553,93.41807700679072,76.2903361664952,78.74111481864632,83.5192073210571,78.78386600257953,79.378,2026-06,98.0
TSL/01/80gsm/2300mm,,1,65.428,101.82899891903443,83.4450580596333,80.8632147600203,89.78585379327596,82.68759419672392,71.966,2026-06,80.0
TSL/01/80gsm/2450mm,,1,164.896,127.08762411869893,138.1349139049962,139.35516455382404,139.86049936245973,152.17920187638774,124.0,2026-06,140.0
TSL/01/100gsm/2100mm,,1,88.012,113.24968251108494,111.21962998909022,103.89428373703582,114.7199979414737,103.76124533483085,97.542,2026-06,110.0
TSL/01/100gsm/2300mm,,2,116.099,64.27117199330772,66.7378703276117,69.51786759956494,64.77123455598664,71.18340251844442,65.47,2026-06,76.0
TSL/01/100gsm/2450mm,,2,123.597,157.15242477343338,148.966312013675,151.11935415189467,160.91630456175116,158.87267107990093,136.548,2026-06,150.0
THP/01/125gsm/2100mm,,1,80.034,93.23095555379712,85.34554806798405,74.6505880157336,80.89679738719589,77.38509580065455,83.928,2026-06,92.0
THP/01/125gsm/2300mm,,1,51.414,39.50650749403128,23.320004358960542,23.48082610427275,23.50555002018858,25.273712480460077,17.195,2026-06,30.0
THP/01/125gsm/2450mm,,1,107.374,133.41491138498668,119.21229963277221,119.30372990137384,121.30965134241818,123.5935631233631,109.172,2026-06,130.0
TSL/01/150gsm/2100mm,,2,4.05,26.27161157927927,13.450245615553582,17.50686723548155,13.814974721970014,17.05431604710324,16.591,2026-06,14.0
TSL/01/150gsm/2300mm,,2,15.597,13.457673757610907,17.53515803857767,19.10532326237745,18.270437836360646,18.720139079503518,16.53,2026-06,14.0
TSL/01/150gsm/2450mm,,2,27.986,13.737194691799411,29.01519005328932,27.405587324486838,29.372304664753653,30.000597160756847,26.213,2026-06,26.0
HP1/01/190gsm/2090mm,,1,29.156,42.43174356051906,28.46164072775836,28.23710755817379,29.704796395789625,28.27738723959048,24.648,2026-07,30.0
HP1/01/190gsm/2290mm,,1,54.01,72.71889341536354,56.26313102019649,57.64204841952088,57.95758118192475,59.28081826252315,42.047,2026-07,56.0
HP1/01/190gsm/2440mm,,1,68.956,91.7549837688654,82.28567279388172,88.64171562756951,91.16681017323216,92.28778897614716,71.524,2026-07,96.0
HP2/01/105gsm/2090mm,,2,93.86,110.90619359747546,85.42042940914735,82.7683483073787,88.94580777856527,84.64923137188859,82.467,2026-07,88.0
HP2/01/105gsm/2290mm,,2,138.613,133.11323100980735,100.54658407962377,99.87471217175377,96.45810877093098,99.48226373859283,104.609,2026-07,100.0
HP2/01/105gsm/2440mm,,2,233.56,255.6052664689965,226.1811994087249,218.38290997264693,247.81910025268374,210.87887860073238,185.452,2026-07,236.0
HP2/01/125gsm/2090mm,,2,158.487,180.23048025616183,122.28233732882029,135.31258058865458,127.33389869555837,132.05251840645846,129.626,2026-07,136.0
HP2/01/125gsm/2290mm,,2,196.915,199.56354572623164,206.80729711382088,191.96406870210146,217.59378771825132,192.63919985739167,185.046,2026-07,189.0
HP2/01/125gsm/2440mm,,2,159.587,248.869189510485,199.84872218563308,219.75715000902522,225.10149097843458,214.36440403820137,196.632,2026-07,210.0
HP2/01/155gsm/2090mm,,2,118.416,113.59157627986386,124.43560355994052,124.82547236495627,114.55755838620554,128.2309936887005,143.492,2026-07,140.0
HP2/01/155gsm/2290mm,,2,221.121,221.8311803546709,182.3235281368816,189.4579298196082,192.416688725104,182.2521307342623,167.471,2026-07,170.0
HP2/01/155gsm/2440mm,,2,155.899,182.3916967351359,179.61478221706352,173.20014955368288,192.89161604768975,174.89688486882355,150.593,2026-07,200.0
K/01/110gsm/2100mm,,1,43.81,70.21092707340615,50.796878637746055,56.226969935703416,51.260489249537365,57.596287929246,60.433,2026-07,60.0
K/01/110gsm/2300mm,,1,51.3,105.97476040225988,69.46822903010552,67.30152341418751,66.43992789394206,67.48464048993047,63.575,2026-07,64.0
K/01/110gsm/2450mm,,1,73.87,129.47747179583138,98.99385822816605,91.86733527682227,106.82364578147345,89.63901296944353,72.456,2026-07,120.0
K/01/160gsm/2100mm,,1,100.82,92.73453746730335,105.38620344246912,109.03730523187046,102.95438336964185,113.83109912557394,122.66,2026-07,110.0
K/01/160gsm/2300mm,,1,127.495,132.12575897459354,130.14297071659837,120.0640249925486,138.64859241794326,120.7318533515961,103.755,2026-07,116.0
K/01/160gsm/2450mm,,2,102.561,96.31067795927817,116.12787962993347,105.0778405972633,122.72642363064102,113.8098919523767,92.229,2026-07,122.0
K/01/225gsm/2100mm,,1,7.314999999999999,16.883825461964467,5.602659223210586,5.904725223660278,5.7598188572522,6.489706492073984,3.27,2026-07,4.0
K/01/225gsm/2300mm,,2,9.375,2.645486288833662,30.114726403108083,18.158195534856752,20.803208308430424,21.367384026806413,22.555,2026-07,20.0
KW2/01/115gsm/2100mm,,1,51.78,55.01495355316828,50.096178954694665,51.41360401596321,49.845067415207545,54.6275084529988,51.765,2026-07,46.0
KW2/01/115gsm/2300mm,,1,89.065,70.17577518499374,88.92775632674905,89.80925209537905,102.44484182560612,88.67099598114415,84.629,2026-07,84.0
KW2/01/115gsm/2450mm,,1,114.165,112.80888442179464,99.37763500736918,109.4229535276922,115.26754070199416,114.78989456021316,102.175,2026-07,98.0
KW2/01/160gsm/2100mm,,1,8.375,15.121062361553223,10.317535823929026,10.080309990735572,11.090994126500634,11.304690533141498,3.64,2026-07,6.0
KW2/01/160gsm/2300mm,,2,24.05,12.17233884781136,25.058871180246665,20.007922160525965,25.433967467359494,20.63964854666152,20.34,2026-07,20.0
KW2/01/160gsm/2450mm,,1,39.87,29.19669437667132,35.47886329591691,34.55659703398441,35.434838824952635,36.340570657216695,32.415,2026-07,30.0
TCH/40/160gsm/2100mm,,1,18.12,22.29004881613457,20.8662749067928,20.81476187678105,17.778246076184136,21.32506658021396,11.106,2026-07,16.0
TCH/40/160gsm/2300mm,,1,9.44,15.653856686935828,21.267530662690582,22.00838078725804,21.13079017903077,23.224436743648777,15.582,2026-07,14.0
TCH/40/160gsm/2450mm,,1,10.878,14.832843797037617,22.311304887556826,21.505519253085836,24.38520250753922,22.66087824601695,23.608,2026-07,20.0
TSL/01/80gsm/2100mm,,1,78.661,98.06656589189814,90.12330756754587,79.93568378694127,90.16698369593382,80.11275537896057,78.038,2026-07,90.0
TSL/01/80gsm/2300mm,,1,83.688,97.66225386401524,79.53198244513881,87.32977677195358,77.74595121757027,88.59161288237807,86.59,2026-07,88.0
TSL/01/80gsm/2450mm,,1,146.188,155.65344526043594,160.1079948672242,152.6327325679674,174.88298860289237,147.36752292864617,129.1,2026-07,166.0
TSL/01/100gsm/2100mm,,1,126.522,111.84521211554517,104.10396274881164,115.49710994024451,107.9844810450088,114.6032942121754,130.494,2026-07,100.0
TSL/01/100gsm/2300mm,,2,97.147,53.54630521176801,94.9547729164156,69.90484589570765,85.3263989207314,71.3051076207843,64.134,2026-07,70.0
TSL/01/100gsm/2450mm,,2,125.664,143.54284103122677,144.37099365771988,154.1275415233126,156.65254973686666,156.6138806598322,142.048,2026-07,128.0
THP/01/125gsm/2100mm,,1,105.02,75.03835864026951,82.33344851361046,84.12359073100846,93.26158355708272,84.48925020566986,95.386,2026-07,82.0
THP/01/125gsm/2300mm,,1,43.42,15.505401122896044,34.16140256456264,23.688964347151323,29.30723593408332,24.792464485456644,22.219,2026-07,22.0
THP/01/125gsm/2450mm,,1,124.248,144.37749786986322,124.58871797079637,127.72712256068957,134.89165841726296,126.76170640650962,120.458,2026-07,106.0
TSL/01/150gsm/2100mm,,2,10.79,21.941132094777537,10.093449381439973,16.709068016919105,14.038016767876853,16.22385295454855,8.465,2026-07,8.0
TSL/01/150gsm/2300mm,,2,16.386,12.166177216921051,18.64079639162981,17.941008938747544,19.092132054315872,18.948500045272585,14.053,2026-07,16.0
TSL/01/150gsm/2450mm,,2,31.686,22.11293672790571,31.08159241070419,31.087893012384406,32.53077008824055,31.17382454606631,31.588,2026-07,32.0
HP1/01/190gsm/2090mm,,1,21.912,23.233991770595704,24.271826761376342,24.315582916934925,23.69749295777517,24.78479968469697,27.004,2026-08,26.0
HP1/01/190gsm/2290mm,,1,36.656,65.16979052738856,49.83561709713454,53.87054764284574,53.39168571110687,52.4676741288662,44.838,2026-08,50.0
HP1/01/190gsm/2440mm,,1,83.33,93.9703501512238,69.05187462865824,79.39665475399089,73.4450796147889,76.38859486625705,69.558,2026-08,88.0
HP2/01/105gsm/2090mm,,2,71.138,89.8568883550491,79.1397464441408,76.84296387682004,79.71673856371042,76.31158922150999,85.267,2026-08,90.0
HP2/01/105gsm/2290mm,,2,111.015,143.82644929712802,109.63022957857568,93.25100544780213,97.84592869205078,95.51463712117999,96.18299999999999,2026-08,96.0
HP2/01/105gsm/2440mm,,2,263.336,215.2768152179256,194.69674833372977,197.81599921129637,221.78736532986554,205.78852304603657,215.237,2026-08,220.0
HP2/01/125gsm/2090mm,,2,118.203,138.84873614260982,123.01880767276165,111.61220544911735,136.4771939927392,112.70597007913959,104.256,2026-08,116.0
HP2/01/125gsm/2290mm,,2,167.764,176.47573306010213,178.126453080394,183.8572917597647,172.71306221997764,188.47680981640022,222.85,2026-08,190.0
HP2/01/125gsm/2440mm,,2,204.78,185.15123166462888,163.67254319605328,187.15871222279497,168.54247248588672,194.10536436402396,177.235,2026-08,192.0
HP2/01/155gsm/2090mm,,2,137.042,128.12223903126943,105.68099406162352,104.55531881053521,116.1583686642506,115.32986854599172,113.503,2026-08,120.0
HP2/01/155gsm/2290mm,,2,151.694,180.0162023785865,183.36663991274196,168.21001418728088,172.93528487002072,173.97002702990767,169.203,2026-08,160.0
HP2/01/155gsm/2440mm,,2,167.12,128.38554773818578,151.9407524636726,151.793153113218,147.5012061179229,159.14567526289275,172.654,2026-08,166.0
K/01/110gsm/2100mm,,1,56.075,45.06561761458265,43.22361311804789,48.43598504448597,53.48058826618664,47.57712033678566,42.94,2026-08,60.0
K/01/110gsm/2300mm,,1,43.225,92.02431889442448,53.78172124170941,65.09662126804352,54.93006510022179,62.03143617114025,67.04,2026-08,68.0
K/01/110gsm/2450mm,,1,106.41,100.13916582379292,75.70108551401319,91.32028041744036,81.69119340154752,89.73733314588257,94.58,2026-08,92.0
K/01/160gsm/2100mm,,1,96.028,76.9754420049541,92.21432825497607,95.05804163285354,106.4721761195234,96.54469901202822,96.874,2026-08,98.0
K/01/160gsm/2300mm,,1,81.831,98.34760643210473,112.74391615538177,119.00377736882892,116.7657525946641,115.24058529202236,132.532,2026-08,106.0
K/01/160gsm/2450mm,,2,119.684,72.23647955550805,96.91379723709385,101.1250481295364,95.93290121604154,102.46431256502278,112.886,2026-08,110.0
K/01/225gsm/2100mm,,1,2.565,5.231094456856847,5.175596861986674,5.2016833357713805,5.330494974219545,5.4590539394417945,4.745,2026-08,6.0
K/01/225gsm/2300mm,,2,28.95,4.163896769243144,15.547413971349833,24.58258285773619,12.833941206964436,25.113412987290737,43.245000000000005,2026-08,40.0
K/01/225gsm/2450mm,,1,1.825,5.437827599644483,2.169590890111936,2.912394540103809,2.150747463417759,4.6773836344741975,0.0,2026-08,4.0
KW2/01/115gsm/2100mm,,1,52.481,62.306059472673006,46.890537923104596,47.680995390497,51.06358234125742,47.66006196375674,42.715,2026-08,44.0
KW2/01/115gsm/2300mm,,1,95.596,65.00549134054754,81.55297048904971,82.2936044415798,85.21060067104058,83.48305865525754,86.086,2026-08,82.0
KW2/01/115gsm/2450mm,,1,97.369,80.26487241056597,100.43813424968145,90.10412092829388,98.67028636583149,93.4438282639577,81.08,2026-08,92.0
KW2/01/160gsm/2100mm,,1,7.75,18.097472185858685,8.15656615206858,9.274359960412736,8.319190763656778,9.08367330942714,5.66,2026-08,6.0
KW2/01/160gsm/2300mm,,2,29.51,2.190494198479342,21.05294134204446,22.416727129418938,22.976076500238243,21.971565452164445,30.31,2026-08,24.0
KW2/01/160gsm/2450mm,,1,28.075000000000003,32.66788765825272,32.22461074132345,32.580231936137274,32.48597396021356,31.72331965642971,30.72,2026-08,32.0
TCH/40/160gsm/2100mm,,1,21.98,20.75721691831888,17.600103846106695,21.567965436974188,21.258252723767345,19.796214277962168,15.71,2026-08,16.0
TCH/40/160gsm/2300mm,,1,18.977,13.336925114876404,14.225226225452099,20.46320312036083,12.889243945918002,19.566649147316998,18.103,2026-08,18.0
TCH/40/160gsm/2450mm,,1,18.725,10.935133627364582,15.840361524205974,20.620047890243352,19.02227467095119,20.24840560124485,21.542,2026-08,20.0
TSL/01/80gsm/2100mm,,1,80.28,93.7742245164602,73.27406698350146,78.46740149155687,74.2723875744606,81.12930007689043,89.553,2026-08,84.0
TSL/01/80gsm/2300mm,,1,73.104,85.75355908232132,76.76644850678595,74.07925431700117,83.71075232821708,76.11950669131319,65.428,2026-08,76.0
TSL/01/80gsm/2450mm,,1,141.85,113.64757725212978,138.4115819529273,144.46156998608205,142.15160019762325,149.18437792101926,164.896,2026-08,138.0
TSL/01/100gsm/2100mm,,1,98.138,106.68765166028912,102.84603589630088,91.84217816486704,97.3389488634526,96.6127223132252,88.012,2026-08,102.0
TSL/01/100gsm/2300mm,,2,71.76,64.21259816891147,81.42216427123961,85.40808998418004,92.69526041362529,82.4288184322602,116.099,2026-08,82.0
TSL/01/100gsm/2450mm,,2,136.18,100.30450091528914,122.54807325052101,129.73885823047263,134.80197085488427,134.8444173978154,123.597,2026-08,126.0
THP/01/125gsm/2100mm,,1,70.26,71.73099138759305,82.05168136072008,74.92252583045895,69.83235604811074,74.69190088221494,80.034,2026-08,80.0
THP/01/125gsm/2300mm,,1,31.334,31.7011921633731,32.78252448275412,31.112597509942685,32.295999659470816,29.58583123012339,51.414,2026-08,38.0
THP/01/125gsm/2450mm,,1,139.9,96.2324888835699,108.69914208106366,109.51226971508204,130.34479930110663,109.98855935528933,107.374,2026-08,108.0
TSL/01/150gsm/2100mm,,2,11.819,15.133289688690107,9.262535336185687,10.491385145883445,12.123063468414843,10.071084236890691,4.05,2026-08,12.0
TSL/01/150gsm/2300mm,,2,16.093,17.803277565133744,16.485505304793875,16.895377840896373,16.921957341914766,17.42439365397589,15.597,2026-08,14.0
TSL/01/150gsm/2450mm,,2,27.656,15.511654585446331,26.247056842396546,26.772022263209735,24.831732526626517,27.204585492479048,27.986,2026-08,28.0
HP1/01/190gsm/2090mm,,1,15.168,40.93618669345844,24.8311353819999,26.46407656565526,26.89330931640812,26.03751458543624,29.156,2026-09,28.0
HP1/01/190gsm/2290mm,,1,39.792,69.55137136300803,48.02771018274763,54.91815476344356,39.9099046273269,53.22962514693952,54.01,2026-09,50.0
HP1/01/190gsm/2440mm,,1,100.014,111.44178926475746,80.2282845959872,77.27510168193224,85.85833627372547,72.57865689425286,68.956,2026-09,90.0
HP2/01/105gsm/2090mm,,2,55.503,59.26052459913584,74.71339551118689,82.74770742936832,85.16517051585757,79.37052000915585,93.86,2026-09,92.0
HP2/01/105gsm/2290mm,,2,107.833,149.21184682561272,111.42183044305845,116.27049374467792,114.11297749780256,110.40140164982857,138.613,2026-09,100.0
HP2/01/105gsm/2440mm,,2,287.248,269.39475428406223,247.5550950980566,220.77962102490213,260.5136012559808,209.828645753358,233.56,2026-09,240.0
HP2/01/125gsm/2090mm,,2,102.879,139.94114268688128,121.58856612401249,135.04475225736218,134.16776265860798,122.37259613553935,158.487,2026-09,146.0
HP2/01/125gsm/2290mm,,2,204.964,233.52944757108625,184.33079854439524,198.40079327799265,146.3563978554303,186.6537323173385,196.915,2026-09,186.0
HP2/01/125gsm/2440mm,,2,210.893,256.81672372738547,210.27494945186626,197.2346998908049,216.1843162360892,179.71701594824788,159.587,2026-09,180.0
HP2/01/155gsm/2090mm,,2,101.756,148.78372476827968,126.49819722681208,115.3993602856081,120.73637798002183,113.10449756131251,118.416,2026-09,140.0
HP2/01/155gsm/2290mm,,2,140.899,203.84463409520296,180.0935648499161,203.8279029137315,177.01425167854538,194.5295033299345,221.121,2026-09,166.0
HP2/01/155gsm/2440mm,,2,168.167,174.5336409573306,169.0862171568996,159.9746784945184,176.07742522510807,161.40089832289732,155.899,2026-09,172.0
K/01/110gsm/2100mm,,1,39.955,48.8095935038446,51.936128528789226,48.62444847936274,56.11006786470586,45.985968107428256,43.81,2026-09,68.0
K/01/110gsm/2300mm,,1,39.705,107.30252207757596,54.313478920442,60.04249457878857,56.74013381903537,59.25276195829096,51.3,2026-09,70.0
K/01/110gsm/2450mm,,1,111.76,130.9542713311564,99.73407890079659,88.86629926431254,99.2806091844878,83.37658099690259,73.87,2026-09,100.0
K/01/160gsm/2100mm,,1,87.37,92.62165672561964,101.25791938057394,98.56869502060124,88.62924479637626,96.08543967245458,100.82,2026-09,126.0
K/01/160gsm/2300mm,,1,94.495,131.1922378355032,101.85804785059084,117.210523556523,79.64312572481583,115.2640586580244,127.495,2026-09,120.0
K/01/160gsm/2450mm,,2,125.174,92.33663122345176,115.49003592875312,103.77063073203114,109.92562091501757,107.18867184859874,102.561,2026-09,110.0
K/01/225gsm/2300mm,,2,44.035,6.396205847834575,25.262759807978416,16.91805812722262,18.767253021631003,19.724260129471205,9.375,2026-09,
K/01/225gsm/2450mm,,1,0.8,5.146078959696806,1.8341300460643115,2.1499481414824277,2.705167635123354,2.020146216571973,0.0,2026-09,
KW2/01/115gsm/2100mm,,1,56.38,62.84953661666762,50.50694801243851,50.32436398543319,55.7047438917156,50.47301643126266,51.78,2026-09,60.0
KW2/01/115gsm/2300mm,,1,78.785,87.95967379466572,94.15193349707232,87.18915972339931,85.62687795405431,84.81153550767716,89.065,2026-09,90.0
KW2/01/115gsm/2450mm,,1,94.325,100.9659250352812,106.99713180356996,105.7187040860424,97.97397302487468,106.94429380742856,114.165,2026-09,100.0
KW2/01/160gsm/2100mm,,1,13.445,16.239291636504255,8.693120182113121,9.812132523586714,9.998500045492396,8.905846490723397,8.375,2026-09,
KW2/01/160gsm/2300mm,,2,8.42,17.331283294412067,26.09999616683042,23.58206697206999,26.89005582194334,23.50091939836156,24.05,2026-09,
KW2/01/160gsm/2450mm,,1,33.795,21.82889881133152,32.920092422461614,34.62739092190351,34.81741095728156,34.466589524213326,39.87,2026-09,35.0
TCH/40/160gsm/2100mm,,1,18.912,18.46327937857264,21.080778528843616,20.03655834939126,20.7637154635394,19.653253271635744,18.12,2026-09,
TCH/40/160gsm/2300mm,,1,25.884,21.76456434097061,20.028837011704066,18.68316235955392,20.38194960612465,18.21945018233973,9.44,2026-09,
TCH/40/160gsm/2450mm,,1,11.272,14.049899229765485,19.23528718162542,19.27532384892608,19.57444729825696,18.22040574806976,10.878,2026-09,
TSL/01/80gsm/2100mm,,1,76.618,79.55264983985076,80.31886914295784,77.42118563196499,84.49864043402853,76.13909817745524,78.661,2026-09,88.0
TSL/01/80gsm/2300mm,,1,51.41,108.74587080787052,78.35346476061045,85.09304342471403,81.58940084691197,78.45783363924774,83.688,2026-09,82.0
TSL/01/80gsm/2450mm,,1,180.188,163.88027400303557,151.96481804565778,149.84180882510614,150.87609809210377,147.4128604090948,146.188,2026-09,160.0
TSL/01/100gsm/2100mm,,1,88.19,85.43769704965983,104.0637606175945,107.21374486151448,109.07828032991112,104.59608962164324,126.522,2026-09,100.0
TSL/01/100gsm/2300mm,,2,67.018,89.23664767563048,78.19884656095675,85.82878550165506,73.26050844047369,84.9139267141389,97.147,2026-09,98.0
TSL/01/100gsm/2450mm,,2,142.196,161.59271190553744,141.22701137378021,142.1710306413402,141.87742782556938,135.2829532990853,125.664,2026-09,130.0
THP/01/125gsm/2100mm,,1,58.702,55.88148731614376,74.88311197273059,86.66691750838554,78.33244477280032,80.25391666463138,105.02,2026-09,76.0
THP/01/125gsm/2300mm,,1,53.998,25.31890694714965,32.63418902838571,34.31941721559423,30.13723755963461,32.75684728827078,43.42,2026-09,40.0
THP/01/125gsm/2450mm,,1,128.794,148.44395925584402,129.81517883664944,114.0454820167702,122.55428731329,115.3718132142986,124.248,2026-09,120.0
TSL/01/150gsm/2100mm,,2,6.932,8.134811724613213,10.63121822896273,11.054717576031818,12.713376008559585,9.735704206055221,10.79,2026-09,
TSL/01/150gsm/2300mm,,2,25.392,21.39713147743719,17.81582945088938,17.39384936049821,17.922624352726,18.14320875843046,16.386,2026-09,
TSL/01/150gsm/2450mm,,2,25.069000000000003,25.28204306325181,29.660831754314263,30.29220568065326,31.57048207844578,28.986522847371514,31.686,2026-09,28.0
