model,n,mae,wape,accuracy,bias_pct,group
base,352.0,15.137220141280938,0.7963304945833594,0.20366950541664064,10.610209384831615,1
naive,352.0,14.597241477272725,0.767923596053724,0.23207640394627604,20.971943492429006,1
e1,352.0,14.912400023969736,0.7845032823515389,0.21549671764846112,7.558909542000375,1
e2,352.0,18.292846196338385,0.9623399225820318,0.037660077417968174,-8.31053386727235,1
e3,352.0,15.199202944470265,0.7995912515690369,0.20040874843096312,4.548279313081961,1
e5,352.0,14.65238567322591,0.7708245913769699,0.2291754086230301,33.399009939557196,1
base,331.0,12.608566229543978,0.6978118485518455,0.3021881514481545,-8.547253278907869,2
naive,331.0,12.325283987915409,0.6821338006997789,0.3178661993002211,-9.898146485404993,2
e1,331.0,12.487379246522018,0.6911048438771329,0.3088951561228671,-8.78933899388508,2
e2,331.0,15.526784944612285,0.8593185225834145,0.14068147741658554,-12.61048175818423,2
e3,331.0,13.226971712226726,0.7320370463395446,0.2679629536604554,-2.415815592085116,2
e5,331.0,11.224990272418422,0.6212388521717018,0.3787611478282982,7.715897454406952,2
base,309.0,9.412505721040025,0.6865724207189419,0.31342757928105813,-13.326412944785258,3
naive,309.0,8.801637540453076,0.6420141215884297,0.35798587841157026,-12.033447830359647,3
e1,309.0,9.459465461972712,0.689997785224848,0.310002214775152,-13.281791126004533,3
e2,309.0,13.422227885652642,0.9790518873517966,0.0209481126482034,-28.660952966381487,3
e3,309.0,11.798551708609745,0.8606167632334503,0.13938323676654973,-21.037802339191174,3
e5,309.0,8.419901766556142,0.6141693306127832,0.3858306693872168,2.9831434820552354,3
base,644.0,8.380329238622302,0.5578619868729466,0.44213801312705336,10.047567083852611,4-5
naive,644.0,8.315434782608694,0.5535420909430891,0.44645790905691085,10.722062566916891,4-5
e1,644.0,8.420656782922334,0.5605465119492694,0.4394534880507306,9.847550434824438,4-5
e5,644.0,8.148884234716647,0.5424551494976824,0.45754485050231763,23.46080021975816,4-5
base,1979.0,7.560885698555567,0.40045642895039546,0.5995435710496045,-0.9697360459592399,6-11
naive,1979.0,8.257169782718544,0.43733457378628027,0.5626654262137197,-3.6711217811522636,6-11
e1,1979.0,7.5532641620798815,0.4000527602002183,0.5999472397997817,-1.7977211160763416,6-11
e5,1979.0,7.217720162527601,0.38228093330405066,0.6177190666959493,7.295460458846974,6-11
base,9341.0,7.027372663680333,0.27350709532866924,0.7264929046713308,0.5506014971681269,12-23
naive,9341.0,8.068664382828391,0.3140344285332851,0.6859655714667149,-1.4350451290310218,12-23
e1,9341.0,6.978358143488616,0.27159943798813135,0.7284005620118686,0.3059316661484576,12-23
e5,9341.0,6.838673330946076,0.2661628702737857,0.7338371297262143,4.159193837744096,12-23
base,11803.0,8.008441016411764,0.2708835397093905,0.7291164602906095,-1.8220120523034968,24+
naive,11803.0,9.04227789545031,0.3058528168386298,0.6941471831613701,-0.7056629282342912,24+
e1,11803.0,7.992444241326585,0.2703424527425104,0.7296575472574895,-2.067373063228089,24+
e5,11803.0,7.7968660945346,0.2637270702249585,0.7362729297750414,1.8183594470906246,24+
