mes,sku,strategy,series,real,planner,lgbm,xgb,rf,naive,mean3,mean6,mean12,perday6,seasonal_naive,mean6_x_planta,ses,damped_holt,arima,ml_mean,ml_median,ml_trimmed,ml_weighted,econ_mean,econ_median,econ_trimmed,econ_weighted,ml_econ_mean,ml_econ_median,ml_econ_trimmed,ml_econ_weighted
2026-06,HP1/01/190gsm/2090mm,VMI,1,27.004,30,26.692580124148567,25.845109939575195,25.347836381877187,24.648,31.184,24.76983333333333,26.152833333333334,24.76983333333333,19.714,24.36082764099852,25.63304459243365,25.593380220168896,30.770508676842407,25.96184214853365,25.845109939575195,25.96184214853365,25.962446179232202,25.759626113044344,25.181606776751114,25.26115413543376,25.98019760871368,25.80629135200342,25.593380220168896,25.494716806467057,25.975616315128537
2026-06,HP1/01/190gsm/2290mm,VMI,1,44.838,54,53.65536518212904,53.50557708740234,53.82553199281234,42.047,57.437000000000005,53.8305,61.12175000000001,53.8305,59.896,52.941637300564686,59.65113408946398,55.981510359520286,57.5706581923283,53.6621580874479,53.65536518212904,53.6621580874479,53.66234511686723,55.43076899418774,56.70925517976015,56.38355044021876,55.22505382659526,55.02262801570931,53.8305,55.47641965596181,54.82174955215366
2026-06,HP1/01/190gsm/2440mm,VMI,1,69.558,100,81.55999028270777,81.64156341552734,86.58426154105766,71.524,94.605,93.37016666666666,91.25275,93.37016666666666,83.146,91.82841508735646,92.06371447126963,99.95422790617236,90.94809870595708,83.26193841309758,81.64156341552734,83.26193841309758,83.26284362789981,90.20625395040888,91.94606477931305,92.1388852663194,90.44022953451625,88.60371959564473,91.25275,89.35612628383352,88.58788789372575
2026-06,HP2/01/105gsm/2090mm,VMI,2,85.267,90,78.88418410973948,79.69874940812588,82.59789965571206,82.467,84.098,63.89033333333333,74.05675,63.89033333333334,116.081,62.835360146116265,79.82996382566162,79.72274401007698,84.36785648799905,80.39361105785913,79.7159556925821,80.39361105785913,80.39350699505883,79.12393411365206,79.77614652352482,77.33319753708278,77.92360551949888,79.41693648539216,79.72274401007698,78.30726916789831,78.56103834133057
2026-06,HP2/01/105gsm/2290mm,VMI,2,96.18299999999999,106,90.88608620184097,95.6486090272665,97.28419995838676,104.609,87.01433333333334,82.2405,104.19258333333332,82.2405,122.85,80.88252426444284,90.9454086441371,91.49820172740938,101.83775551542553,94.6062983958314,95.66194458728613,94.6062983958314,94.60267583766631,94.83108068180817,91.2217687665503,92.93960243894384,93.77356776233505,94.77920784658276,91.49820172740938,93.44906355399166,93.98754419228233
2026-06,HP2/01/105gsm/2440mm,VMI,2,215.237,240,197.66588923175112,191.79496370255947,198.34528654970688,185.452,216.83,229.69600000000003,226.18416666666667,229.69600000000003,181.348,225.90320211386685,216.4944577907772,218.82835851829373,204.91055561854188,195.9353798280058,197.3317150520972,195.9353798280058,195.94153147324752,213.5342740708147,217.82917925914688,218.1756614103695,214.5274131526386,209.47299078401264,216.49438064477425,210.716130490951,209.73076392498533
2026-06,HP2/01/125gsm/2090mm,VMI,2,104.256,140,125.77309206380407,123.63062252104282,128.39000578827313,129.626,128.89733333333334,105.6425,127.12241666666665,105.6425,177.286,103.8981045787222,127.89640634797645,126.58111000961688,134.37208769813859,125.93124012437333,125.5136785637258,125.93124012437333,125.93395127771808,126.69644586344539,127.03531150768194,124.29429357091924,124.98156702205667,126.51985992365955,126.87560016183058,124.8399424220706,125.227358601017
2026-06,HP2/01/125gsm/2290mm,VMI,2,222.85,190,179.8756479977955,180.7338841408491,183.83621276879208,185.046,189.852,162.379,181.88349999999997,162.379,174.822,159.69775727939353,181.10462420135406,172.4813677139085,198.80554919163458,181.48191496914555,180.7338841408491,181.48191496914555,181.4818147245668,176.84507983862906,175.91509596504955,174.54241450305415,176.97801772596284,177.91511871490212,179.5365897082176,176.8555813250846,178.14035883883108
2026-06,HP2/01/125gsm/2440mm,VMI,2,177.235,240,205.31806593931736,205.02433770895004,212.21619595933637,196.632,216.37666666666667,238.05433333333332,236.29683333333332,238.05433333333332,236.163,234.12352055360918,238.2513887136596,243.3656674659494,238.2513789257148,207.5195332025346,205.1356387296766,207.5195332025346,207.52119191170348,231.55691223256,237.14318958398096,236.72651007812163,231.20166439752307,226.0098247640925,236.55952834390612,228.16609397169762,225.09020183583456
2026-06,HP2/01/155gsm/2090mm,VMI,2,113.503,130,126.05546766497663,127.97684732079506,125.67604318450354,143.492,128.81733333333332,100.8895,116.92024999999998,100.8895,139.07999999999998,99.22358730525114,143.63016634274828,144.15459457688746,126.67145668250711,126.56945272342509,125.76217888484729,126.56945272342509,126.56740855792233,124.37683882407272,127.67531412025623,125.70208994811425,124.29080332472256,124.88282664700019,126.62592867253944,125.96045042835398,124.87835020153325
2026-06,HP2/01/155gsm/2290mm,VMI,2,169.203,170,170.48978790715532,174.77296501398087,180.6286776490506,167.471,176.06433333333337,170.183,190.74833333333333,170.183,202.06400000000002,167.37289567665175,174.27176928519987,177.9156714830422,184.04508545251534,175.2971435233956,174.84965332835668,175.2971435233956,175.29474853855515,178.03190885640757,174.9568845700946,175.3455637857137,177.0457557454468,177.400809164174,175.1811444559931,175.32942369827433,176.5938553453778
2026-06,HP2/01/155gsm/2440mm,VMI,2,172.654,192,168.4819472609301,163.46739673614502,161.0647823264465,150.593,181.19033333333329,185.2843333333333,177.3135,185.2843333333333,158.19,182.22487201141104,160.35524100382185,196.66345924320598,148.74502700571193,164.33804210784055,163.43199037980781,164.33804210784055,164.34172244422783,172.5844099264151,178.38405300215354,174.49059257268306,173.0962125646445,170.6814019682825,169.38331883876876,171.10640908440223,170.83685145393872
2026-06,K/01/110gsm/2100mm,VMI,1,42.94,60,54.77629693101304,57.04364013671875,54.56399028291188,60.433,54.20166666666666,47.42333333333334,51.86291666666667,47.42333333333334,72.68,46.64026737476176,51.81523442638981,53.582125044194136,49.24723686084117,55.46130911688122,54.77629693101304,55.46130911688122,55.458943215540344,53.53091137061868,51.839075546528235,51.3554188330153,52.919380112899205,53.976387773602355,53.582125044194136,52.72404892763728,53.57479122575311
2026-06,K/01/110gsm/2300mm,VMI,1,67.04,56,58.89835993526657,63.195499420166016,62.80511923851458,63.575,52.751666666666665,50.66583333333333,67.57000000000001,50.66583333333333,72.935,49.82922640258207,56.6111706555527,56.74637963312208,61.74849746245412,61.632992864649054,62.80511923851458,61.632992864649054,61.629357017650136,58.30986074870443,56.67877514433739,57.016424625188144,57.73615268002439,59.07673739084549,58.89835993526657,58.55528070500845,58.74091187850116
2026-06,K/01/110gsm/2450mm,VMI,1,94.58,90,77.47141906684065,78.34652709960938,84.22608588723277,72.456,88.53866666666666,108.5135,107.1535,108.5135,81.655,106.72169790759564,80.36507823031178,83.03286713578744,77.73269996143405,80.0146773512276,78.34652709960938,80.0146773512276,80.01510972156434,91.46825099017956,85.78576690122705,91.24446832339358,91.51698363885583,88.82511861195987,83.03286713578744,87.5302358765153,88.54857699591906
2026-06,K/01/160gsm/2100mm,VMI,1,96.874,90,108.06434720759304,109.92938232421876,110.46425241289737,122.66,109.38166666666666,83.13749999999999,92.90816666666667,83.13749999999999,102.185,81.76471277576275,84.10931050356399,94.3919670718153,84.1093072120961,109.48599398156973,109.92938232421876,109.48599398156973,109.48455457337924,93.77851308965714,88.50873858511534,90.14020857569035,93.69970989659542,97.40331637240621,94.3919670718153,96.46851640584674,97.77346675858374
2026-06,K/01/160gsm/2300mm,VMI,1,132.532,104,108.81758944062057,108.76016235351562,108.728594946493,103.755,110.25266666666666,101.80183333333332,120.4725,101.80183333333332,118.504,100.1208559620637,105.29171489741368,106.00949236919456,103.41651067447282,108.7687822468764,108.76016235351562,108.7687822468764,108.7688235968568,107.14264072364782,104.52335744870683,105.08786965684682,106.68842428246681,107.51790415208517,106.00949236919456,106.31484052019003,107.22533428419378
2026-06,K/01/160gsm/2450mm,VMI,2,112.886,116,104.96123573936568,102.51147556304932,109.00937958288044,92.229,116.40466666666669,120.69466666666666,115.67508333333335,120.69466666666666,107.12916666666666,118.7017260991301,115.61787702332064,118.5670799925797,110.75603618122331,105.4940302950985,104.90820144823903,105.4940302950985,105.49733811503461,113.64699692962537,117.12108166295653,116.61777266048674,113.81333591987313,111.7655430908884,115.61787702332064,113.06069882325012,111.66714102119498
2026-06,K/01/225gsm/2100mm,NO VMI,1,4.745,6,5.705633027977389,4.945658206939697,5.21993881338081,3.27,4.010666666666666,3.772833333333333,4.866833333333334,3.772833333333333,2.852,3.710535364316025,4.562025606496135,3.707475489503225,6.622132757688443,5.290410016099298,5.21993881338081,5.290410016099298,5.291093430732439,4.1147335884670495,3.772833333333333,3.9227282989414527,4.145291608673996,4.38604353330526,4.010666666666666,4.285422238589173,4.441000443994658
2026-06,K/01/225gsm/2300mm,NO VMI,2,43.245000000000005,30,21.566076122077572,20.267687380313873,20.382470302604492,22.555,27.13833333333333,26.551499999999997,14.763666666666664,26.551499999999997,3.6390000000000002,26.113074981394256,26.88621702257072,27.614016130809688,21.005105516681162,20.738744601665317,20.50594444872174,20.73874460166531,20.73984255552179,22.28174136514558,26.34413503041615,25.182899586774358,23.05140005170789,21.925665188957826,23.99,23.701514591738007,22.454832685681247
2026-06,K/01/225gsm/2450mm,NO VMI,1,0.0,6,7.111542638890818,6.694044589996338,5.845664819532818,12.435,5.053666666666666,3.3968333333333334,3.130416666666666,3.396833333333334,2.078,3.340743970496308,4.928896472696319,3.04404541162495,4.928891603769617,6.550417349473324,6.694044589996338,6.550417349473324,6.55059616326347,4.5733327458587185,3.3968333333333334,3.853769230049263,4.703087451086974,5.029583039000551,4.928891603769617,4.523999050721266,5.179892984997724
2026-06,KW2/01/115gsm/2100mm,VMI,1,42.715,50,50.81969988031226,51.301883697509766,49.28213005594714,51.765,48.07500000000001,42.91649999999999,50.248250000000006,42.91649999999999,48.2,42.207852002297656,50.65823084184375,52.537025504315245,48.720244801294776,50.46790454458972,50.81969988031226,50.46790454458972,50.467107676722165,47.82446031497514,48.46012240064739,48.136370940523086,47.87221280956731,48.43448590642466,49.28213005594714,48.9135488085453,48.541903958746495
2026-06,KW2/01/115gsm/2300mm,VMI,1,86.086,88,84.79864140824084,85.63007354736328,89.3050232191512,84.629,93.533,82.89066666666668,84.29116666666665,82.89066666666668,69.48,81.52195521625612,84.90405077346557,92.5178305822658,80.76141539502537,86.57791272491845,85.63007354736328,86.57791272491845,86.57794737816369,83.74197519670129,83.59091666666666,83.52125099828696,84.36173392516505,84.39642231859754,84.629,84.54013824049746,84.93369487547221
2026-06,KW2/01/115gsm/2450mm,VMI,1,81.08,122,106.7508005962128,106.17343139648438,102.58620820463769,102.175,128.02,121.78083333333332,117.23958333333331,121.78083333333332,113.11,119.76995770973429,104.45921120056306,131.8004089205176,98.6055873192497,105.17014673244495,106.17343139648438,105.17014673244495,105.16991892239173,115.87414151500646,118.5047705215338,116.35673648504957,116.01109069049082,113.4039888728769,113.11,112.62787323418137,113.21319823183116
2026-06,KW2/01/160gsm/2100mm,NO VMI,1,5.66,10,8.969298384374921,7.917808532714844,8.232274596662391,3.64,8.281666666666666,8.7525,10.767916666666666,8.7525,10.15,8.607976527678407,10.357241379373969,10.175716702182592,10.357236542832466,8.37312717125072,8.232274596662391,8.37312717125072,8.374059936046095,8.984275448540078,9.45125,9.465988295448911,8.918223114159128,8.843241230704072,8.7525,9.142129935599716,8.777785338161259
2026-06,KW2/01/160gsm/2300mm,NO VMI,2,30.31,16,20.191218832175284,20.242210254073143,18.17119034807856,20.34,17.03,18.460000000000004,19.15,18.46,21.015,18.15518385614892,18.813884021064407,22.006852142869427,17.034392568937793,19.534873144775663,19.843709092501754,19.534873144775663,19.534423313248556,19.04653125890206,18.636933188824383,18.896508372299618,18.993330812593435,19.159225540257502,18.81386637764876,19.063186293095782,19.132976107346078
2026-06,KW2/01/160gsm/2450mm,VMI,1,30.72,36,34.27210269319755,33.776100158691406,33.87790626956251,32.415,34.38333333333333,32.79666666666667,32.85833333333334,32.79666666666667,31.265,32.25511989177486,32.72934523034895,31.332742899794876,32.729339995587246,33.97536970715049,33.87790626956251,33.97536970715049,33.975800547421024,32.556154801750594,32.7293426129681,32.6203564085074,32.60340484980959,32.883665933765954,32.79666666666667,32.91494202362574,32.957593092075335
2026-06,TCH/40/160gsm/2100mm,NO VMI,1,15.71,18,18.01666752890877,18.030982971191406,17.087930837433372,11.106,15.072666666666665,19.52333333333333,23.454166666666666,19.523333333333333,30.572,19.20095916313907,15.789268119162717,16.146057341422164,15.944565172307188,17.71186044584452,18.01666752890877,17.71186044584452,17.71166298659612,18.633234979603113,17.67350825228062,17.687919410449634,18.11142646404008,18.420610087197282,18.01666752890877,17.695899755581266,18.008255400734978
2026-06,TCH/40/160gsm/2300mm,NO VMI,1,18.103,18,20.85602737079671,20.748937606811523,20.54555222953669,15.582,20.15533333333333,20.57633333333333,22.482000000000003,20.57633333333333,27.26,20.23657176338419,19.881714043923093,23.266383376060038,19.112613233134443,20.71683906904831,20.748937606811523,20.71683906904831,20.716887735482324,20.912928241650178,20.40645254835876,20.65138096788455,20.665583734343635,20.867676894126667,20.57633333333333,20.673200334939132,20.67882428443873
2026-06,TCH/40/160gsm/2450mm,NO VMI,1,21.542,26,21.53771010510065,22.4054012298584,20.819812084316087,23.608,18.99066666666667,19.475666666666665,19.93916666666667,19.47566666666667,20.09,19.154079580411928,18.633275914221127,20.518060484806533,18.63327069384187,21.58764113975838,21.53771010510065,21.58764113975838,21.586610431751627,19.851785333994812,19.47566666666667,19.520874374513102,19.855762167714847,20.252367443017175,19.93916666666667,20.00009210236687,20.30245994251468
2026-06,THP/01/125gsm/2100mm,VMI,1,80.034,92,84.78876402839055,87.29415893554688,83.95372124001477,95.386,85.128,70.099,68.59183333333334,70.09900000000002,74.728,68.94150775363937,88.8509247852571,85.16871973122113,79.97910780312081,85.34554806798405,84.78876402839055,85.34554806798405,85.34281559300882,78.69720934065718,77.3535539015604,77.53363792239033,79.11583708625119,80.23144135465569,83.95372124001477,80.13760797092158,80.72289733554635
2026-06,THP/01/125gsm/2300mm,VMI,1,51.414,30,23.877528424205224,23.227914810180664,22.85456984249573,22.219,23.703333333333337,23.213666666666665,24.016,23.213666666666665,29.948,22.83035678811965,24.24506003986413,18.054519805308672,33.53997791878372,23.320004358960542,23.227914810180664,23.320004358960542,23.32046890956552,24.498358121874283,23.4585,23.537013915775077,24.23624460328094,24.226430330432656,23.227914810180664,23.4646773968369,23.999900971607314
2026-06,THP/01/125gsm/2450mm,VMI,1,107.374,130,117.54985006363874,119.668701171875,120.41834766280289,120.458,108.88333333333333,122.87833333333332,123.46783333333332,122.87833333333332,109.65,120.84933551483309,121.19709957238322,128.1056984291467,121.19710046573188,119.21229963277221,119.668701171875,119.21229963277221,119.21069227709152,119.9565067315428,121.19710001905756,121.57636703660246,120.28467747216666,119.78476663182651,120.84933551483309,120.78834456865906,120.0075030908092
2026-06,TSL/01/80gsm/2100mm,VMI,1,89.553,98,76.5617868316593,76.52845764160156,75.7807640262247,78.038,76.07600000000001,67.363,78.02516666666668,67.363,85.45,66.25068527095121,76.7232402560545,74.7680632692165,76.90111838749523,76.2903361664952,76.52845764160156,76.29033616649518,76.29021661657134,74.69582738503841,76.39962012802725,74.97609809657216,74.35141115011209,75.06379094998998,76.52845764160156,75.41417745321317,74.85177857435829
2026-06,TSL/01/80gsm/2300mm,VMI,1,65.428,80,82.29290433758486,82.22415161132812,85.81811822998691,86.59,78.97866666666667,77.51733333333334,91.52658333333332,77.51733333333334,97.491,76.23734770883249,81.22532826950497,82.83619780249971,84.61771702111977,83.4450580596333,82.29290433758486,83.4450580596333,83.44582233384966,83.45375074686237,82.03076303600234,81.96087384885408,82.90663292325162,83.45174474211717,82.29290433758486,82.45560191911382,83.04578706802225
2026-06,TSL/01/80gsm/2450mm,VMI,1,164.896,140,140.28999829686117,137.6247100830078,136.49003333511965,129.1,144.63933333333333,163.23866666666666,161.47924999999998,163.23866666666666,113.547,160.54322891473134,143.72869936717683,145.53349918639003,137.5466683269224,138.1349139049962,137.6247100830078,138.1349139049962,138.13689805770431,146.2595012461887,145.08641625986166,148.91177985475898,147.21252049913267,144.3845964751443,143.72869936717683,145.31949120483807,144.87028147463582
2026-06,TSL/01/100gsm/2100mm,VMI,1,88.012,110,109.67580391897708,115.4013900756836,108.58169597261002,130.494,106.756,96.89366666666668,98.20383333333332,96.89366666666668,96.468,95.29373417279204,112.67312527319967,113.46848945953954,111.33979433118915,111.21962998909022,109.67580391897708,111.21962998909022,111.21354570299238,105.8484309903387,102.47991666666667,103.7933477118426,106.42438897624879,107.08793845158905,108.58169597261002,106.05400840246469,107.66037580273964
2026-06,TSL/01/100gsm/2300mm,VMI,2,116.099,76,66.23055035074567,67.45093141496181,66.53212921712762,64.134,67.90866666666666,66.33966666666667,67.3005,66.33966666666667,52.994,65.24424947394188,70.5957330760106,72.8590135234134,70.6844528634405,66.7378703276117,66.53212921712762,66.7378703276117,66.73667874236057,66.43999489368065,66.82008333333334,67.28806084375024,66.95421810150995,66.50873537843395,66.44742199866661,67.05856422298051,66.89807548653759
2026-06,TSL/01/100gsm/2450mm,VMI,2,123.597,150,149.8277508795478,147.10607515275478,149.9651100087225,142.048,147.16933333333336,167.53033333333337,161.2975,167.53033333333332,142.51,164.76403050642364,162.75011658976874,165.9723234736194,162.84483213966092,148.966312013675,149.4974474243305,148.966312013675,148.9691288734738,158.44168027094727,162.74999580058744,160.78386315242523,158.88467893001618,156.25505682696135,161.2975,156.79858046984134,156.32567116590187
2026-06,TSL/01/150gsm/2100mm,NO VMI,2,4.05,14,13.288977534704099,12.403589308261873,14.658170003694774,8.465,9.244000000000002,8.761333333333333,15.007333333333332,8.768745098039215,39.56,8.61666400279917,9.94316410760505,10.145082079500144,10.01891956555624,13.450245615553582,12.971477816775126,13.450245615553582,13.451422645532856,12.853024152016651,9.782582053802525,9.55454290921892,11.85079442780136,12.990844489755938,10.01891956555624,10.826781022226532,12.263884978832643
2026-06,TSL/01/150gsm/2300mm,NO VMI,2,15.597,14,17.712482531657646,17.705558747053146,17.187432837022207,14.053,16.655666666666665,15.245499999999998,17.694916666666668,15.245499999999998,22.312,14.993762485315182,15.444259485351312,14.129737957350146,17.226743771865827,17.53515803857767,17.459642743189075,17.535158038577666,17.53506180031704,16.30010870332158,15.32874129454013,15.67308595708872,16.05710511379557,16.58512008838068,16.31422310372895,16.276586040232324,16.43853656381761
2026-06,TSL/01/150gsm/2450mm,VMI,2,27.986,26,30.009252370474364,29.859716027975086,27.17660176141852,31.588,29.303,31.119833333333332,28.292,31.119833333333332,22.617,30.60597485045386,30.62159017370641,31.536421158774974,28.34967410209902,29.01519005328932,30.009252370474364,29.01519005328932,29.01478583795277,29.51533269517009,30.551817347146542,30.05802807138499,29.789421896186475,29.39991516242838,29.859716027975086,29.852691128899192,29.589503618725402
2026-06,TW2000/51/115gsm/2100mm,NO VMI,1,3.3000000000000003,6,2.534688813324278,1.987048864364624,2.2940728352881194,1.452,1.452,1.452,1.452,1.452,1.452,1.428024212303804,1.452,1.452,1.452,2.2719368376590072,2.2940728352881194,2.2719368376590072,2.2724508346167123,1.4496024212303804,1.452,1.452,1.4495634718049755,1.6393719019446789,1.452,1.5114498738182915,1.661934458630599
2026-06,TW2000/51/115gsm/2300mm,NO VMI,1,7.818,10,7.271603342869316,6.717121601104736,7.809005855266106,4.844,6.427333333333333,6.427333333333333,6.427333333333333,6.427333333333333,6.427333333333333,6.321203595418263,6.427333333333333,6.427333333333333,6.427333333333333,7.265910266413385,7.271603342869316,7.265910266413385,7.26658439887129,6.258387026208493,6.427333333333333,6.427333333333334,6.247188420036801,6.490892389332701,6.427333333333333,6.4595320297523795,6.5102744021223975
2026-06,TW2000/51/115gsm/2450mm,NO VMI,1,4.78,8,5.193174916283083,3.817715883255005,4.931051236307793,6.188000000000001,2.062666666666667,1.0313333333333334,1.1422500000000002,1.0313333333333334,1.0313333333333334,1.014303699005503,1.0313333333333334,1.0313333333333334,1.0313333333333334,4.647314011948628,4.931051236307793,4.647314011948627,4.648672323500072,1.6595220365672165,1.0313333333333334,1.0498194444444444,1.7031292002742016,2.3490124924244653,1.0313333333333334,1.901150050321792,2.4633157435204893
2026-07,HP1/01/190gsm/2090mm,VMI,1,29.156,30,28.10497460014955,27.86376190185547,29.41618568127006,27.004,25.276,27.874,26.76033333333333,29.13282580645161,42.188,30.8382231554333,26.641789929796893,25.652793140244093,28.201321359276665,28.46164072775836,28.10497460014955,28.46164072775836,28.462384236564212,28.956928672453593,27.439,27.602378404809755,28.46775555119903,28.842631454447005,27.874,27.888799179125954,28.46636868531459
2026-07,HP1/01/190gsm/2290mm,VMI,1,54.01,56,55.24690397319853,55.130897521972656,58.41159156541829,44.838,48.31666666666666,53.19883333333334,59.86691666666667,55.601361290322586,71.31,58.85619193305723,55.2929950050972,53.82263654944235,59.18108022998928,56.26313102019649,55.24690397319853,56.26313102019649,56.26468658264372,56.028468167457525,55.44717814770989,55.992183056873664,55.38367015943741,56.082621133474206,55.2929950050972,56.08249904464794,55.61114736083914
2026-07,HP1/01/190gsm/2440mm,VMI,1,68.956,96,81.42159821696679,81.75091552734375,83.68450463733463,69.558,89.17866666666667,89.3805,90.12041666666666,93.41703870967744,91.016,98.88554942757432,85.55111747316855,98.5318509927604,90.23509480412034,82.28567279388172,81.75091552734375,82.28567279388172,82.2865737865322,89.58742347406344,90.1777557353935,90.55795280785519,89.4528625346399,87.90240408632918,89.3805,88.259361609442,87.60253685861727
2026-07,HP2/01/105gsm/2090mm,VMI,2,93.86,88,85.30489424170628,85.98495352268219,84.97144046305358,85.267,85.21933333333335,71.72833333333332,71.48891666666665,74.96767741935483,107.809,79.3561867654674,82.24046893514826,81.78506683876623,84.91899489102337,85.42042940914735,85.4281580139965,85.42042940914735,85.41992320019372,82.47809781830935,82.10295391157857,81.22056580829334,81.71753573792,83.15709741619503,83.96378187017677,82.48030316641625,82.67348697360502
2026-07,HP2/01/105gsm/2290mm,VMI,2,138.613,100,95.90602880479342,101.3498266339302,104.38389680014767,96.18299999999999,92.18766666666664,84.87349999999999,101.97033333333333,88.70649677419355,131.65,93.89925855573898,92.26256188855626,90.61039279091408,101.52597047772824,100.54658407962377,101.3498266339302,100.54658407962377,100.54780172637871,97.3869180487131,93.13228368383834,94.15682578011325,96.1263546300092,98.11607174815404,94.76302405176634,96.00481600299075,97.26796605192526
2026-07,HP2/01/105gsm/2440mm,VMI,2,233.56,236,217.89036331663843,226.1803450584412,234.4728898510951,215.237,201.935,219.16516666666666,229.00825,229.06294838709672,258.051,242.4719924504699,214.7499480105333,214.40529014312278,208.58832289398043,226.1811994087249,226.1803450584412,226.1811994087249,226.18478969271283,223.26749185518702,217.24984335749582,219.54472590128856,221.87194170186737,223.93988590600344,219.25991886697847,221.08910869535103,222.98551298747194
2026-07,HP2/01/125gsm/2090mm,VMI,2,158.487,136,123.47360641053915,116.26130449771881,127.11210107820293,104.256,118.53066666666666,113.45983333333332,121.03658333333331,118.5838258064516,165.214,125.52556717771412,112.93804748933005,113.41306298772189,119.56701140368786,122.28233732882029,123.28553488655923,122.28233732882029,122.28775413795995,121.25245981982388,118.55724623655914,117.34346630573671,119.60682230372645,121.49012386036149,118.5838258064516,118.82660550250166,120.2990351328367
2026-07,HP2/01/125gsm/2290mm,VMI,2,196.915,189,201.72138961792587,215.55236411094666,203.14813761259012,222.85,198.85466666666665,178.153,185.88583333333335,186.19861935483868,204.462,197.0984419103792,191.4401154397187,176.9226871564417,213.72849439370907,206.80729711382088,203.21172320831656,206.80729711382088,206.80088244648576,195.55938582550874,193.43318341659824,193.71124769800585,195.29992299899828,198.15505766127308,198.85466666666665,197.7098393836413,198.26945455327734
2026-07,HP2/01/125gsm/2440mm,VMI,2,159.587,210,199.95249093928393,201.5232759714126,198.07039964620265,177.235,195.102,231.64033333333333,231.38616666666667,242.10150967741927,249.528,256.27381398910416,236.20027948645793,240.24715010834157,236.20027528005764,199.84872218563308,199.75676960553574,199.8487221856331,199.84702731241964,229.59145285413808,235.45949426226989,236.01337694974077,228.5579343738215,222.72774577679073,231.41850717258453,223.9584920283715,221.1448185498688
2026-07,HP2/01/155gsm/2090mm,VMI,2,118.416,140,124.2924944069416,119.4633593559265,129.55095691695345,113.503,126.17733333333332,112.70866666666667,114.78883333333332,117.79873548387097,134.906,124.6945186990749,105.86838518111622,110.15589854237246,95.47908019681581,124.43560355994052,124.2924944069416,124.43560355994052,124.44056469855366,115.60804514365837,114.13077177419353,114.05902320671115,114.9779477193523,117.64517400895426,115.63862397164642,117.15240386607496,117.42118211506475
2026-07,HP2/01/155gsm/2290mm,VMI,2,221.121,170,174.46451198615614,180.56494784355164,191.94112458093713,169.203,167.2843333333333,174.1701666666667,188.00991666666664,182.03591612903227,244.752,192.69205950655376,172.78752788325872,175.01854245512183,183.790456063918,182.3235281368816,180.63574583887123,182.3235281368816,182.32866336582637,184.97439187045512,178.5105934988929,178.65976616273807,182.68067834952868,184.3626540857843,180.76207210286458,179.88102015411928,182.58978857581405
2026-07,HP2/01/155gsm/2440mm,VMI,2,155.899,200,176.86990717139523,178.2696738243103,183.704765655485,172.654,172.07966666666667,186.622,178.51883333333336,195.05009032258067,203.96,206.4680663598075,167.03098057704054,195.63395196965692,161.7754472307803,179.61478221706352,178.14295173873612,179.61478221706352,179.61729592882045,183.9793036459866,182.1446475146832,182.71682685331473,183.22727218497192,182.97210639315819,179.74227217330645,181.68281197456432,182.29518139273964
2026-07,K/01/110gsm/2100mm,VMI,1,43.81,60,49.72645216898488,50.931976318359375,51.73220742589392,42.94,50.43833333333333,49.20583333333334,49.38458333333333,51.42803225806452,59.88,54.438561702030285,49.88981711077683,52.71534141984985,49.03699508511623,50.796878637746055,50.931976318359375,50.796878637746055,50.797208956642955,50.93574975758378,50.16407522205508,50.51032346478186,50.61280607911716,50.90370257608276,50.43833333333333,50.60584185576993,50.660418642748304
2026-07,K/01/110gsm/2300mm,VMI,1,51.3,64,66.85641467973404,70.21470642089844,71.33356598968409,67.04,58.05666666666667,52.43333333333334,67.07875,54.80129032258065,90.12,58.00928586197004,63.16647790407015,63.3838412598802,63.98626913917214,69.46822903010552,70.21470642089844,69.46822903010552,69.46862428294351,63.807591448767326,63.275159581975174,62.2737568052932,62.91350189738932,65.11389242907613,63.98626913917214,64.19915688137685,64.60602527815098
2026-07,K/01/110gsm/2450mm,VMI,1,73.87,120,93.10251057191395,100.95357513427734,102.92548897830684,94.58,82.67366666666668,104.31350000000002,108.23058333333331,109.02443225806454,111.66,115.40657928981462,89.3680629754604,91.17902072967492,87.58153005581343,98.99385822816605,100.95357513427734,98.99385822816605,98.99447791329462,99.4017375308828,99.44675000000001,99.44926654942219,98.75356126698995,99.30761153794816,100.95357513427734,99.29746377567014,98.81576560623827
2026-07,K/01/160gsm/2100mm,VMI,1,100.82,110,105.60907849890128,104.93692016601562,105.61261166249044,96.874,104.168,90.59816666666666,92.46558333333331,94.68969677419354,94.61,100.2327072232118,88.91824718765159,95.27366704947433,87.78608046979812,105.38620344246912,105.60907849890128,105.38620344246912,105.38654963213321,94.56161487043292,94.64984838709677,94.08518563727797,94.61954072487124,97.05959684859515,95.27366704947433,97.09430457921059,97.39956728189935
2026-07,K/01/160gsm/2300mm,VMI,1,127.495,116,132.12274944798006,129.96047973632812,128.345682965487,132.532,113.959,107.68833333333332,121.64149999999997,112.55167741935485,153.75,119.14030474887063,121.39936784951516,118.396921921889,122.2377220292272,130.14297071659837,129.96047973632812,130.14297071659837,130.14229339878847,122.32968273021902,120.26983629919289,119.462469424917,121.28893902086125,124.13274918861427,121.64149999999997,123.02263652214414,123.5748626697976
2026-07,K/01/160gsm/2450mm,VMI,2,102.561,122,115.69650696115104,116.08832132816315,116.59881060048626,112.886,111.80666666666666,120.15133333333333,115.91766666666669,125.57752258064517,121.9225,132.92866577298506,115.13375718318589,117.50293387231369,109.75160232299865,116.12787962993347,116.0596695323191,116.12787962993347,116.12810536583505,118.35786483987953,116.68321693615685,117.69810979957252,118.18266004055683,117.84325286835349,117.91792352519879,117.17469974302617,117.65217691308949
2026-07,K/01/225gsm/2100mm,NO VMI,1,7.314999999999999,4,5.741457275702179,5.153285980224609,5.913234413704969,4.745,3.633333333333333,4.1978333333333335,5.024583333333333,4.387412903225807,18.988,4.644246290544944,4.596436656719323,3.829868943540276,6.559561845327614,5.602659223210586,5.741457275702179,5.602659223210586,5.60304190189452,6.060627663935796,4.620341473632134,4.599252086192791,5.595603178023364,5.954942639153055,4.745,4.933721131865389,5.597523846065002
2026-07,K/01/225gsm/2300mm,NO VMI,2,9.375,20,32.181816322357484,32.09516105055809,26.06720183640867,43.245000000000005,33.98833333333334,30.578333333333333,17.978749999999998,31.959290322580642,1.9368333333333334,33.83014519102239,37.486244273394455,38.94332907992997,36.51559048842157,30.114726403108083,32.07482138523797,30.114726403108083,30.111880141654318,30.646184935534908,33.981104126253726,34.08361111170624,31.814782137040037,30.523540658821016,31.95202688172043,32.715165474712855,31.37509523680951
2026-07,K/01/225gsm/2450mm,NO VMI,1,0.0,4,2.672061928281176,2.9229555130004883,4.5780563463839465,0.0,4.651,3.0111666666666665,2.95725,3.1471548387096773,1.4,3.3313851483414263,3.739351129623021,2.546869493429006,4.764595033293459,3.391024595888537,2.9229555130004883,3.391024595888537,3.3917970554049237,2.954877231006326,3.079160752688172,3.1221962127949663,2.9981126412266557,3.055526622902221,3.0111666666666665,3.2118056738261562,3.099761403285863
2026-07,KW2/01/115gsm/2100mm,VMI,1,51.78,46,49.72645216898488,49.23967361450195,51.32241108059718,42.715,47.73833333333334,46.02316666666667,49.79116666666667,48.10163225806452,59.093,50.91743861614287,45.02994845471624,51.54501672235872,48.366995464061176,50.096178954694665,49.72645216898488,50.096178954694665,50.09718294418549,48.93216981820102,48.234313861062844,48.48978883415587,48.54572462248172,49.20078731123802,49.23967361450195,49.0252522076688,48.946308979159426
2026-07,KW2/01/115gsm/2300mm,VMI,1,89.065,84,86.53632197739577,87.07432556152344,93.17262144132792,86.086,88.78833333333334,85.7475,85.675,89.61996774193548,81.17,94.86620291384506,86.05344922423104,92.12094336357828,82.01556798037277,88.92775632674905,87.07432556152344,88.92775632674905,88.93061787252282,87.2142964557296,86.06972461211552,86.99504171658332,87.45947609520871,87.6097102721187,86.53632197739577,87.52242680022192,87.83932283308297
2026-07,KW2/01/115gsm/2450mm,VMI,1,114.165,98,97.09490456800268,95.70442199707033,105.33357845703456,81.08,99.435,116.65833333333332,114.57041666666665,121.92677419354838,129.405,129.06420737153823,83.25704606913138,100.02161187141392,81.56105338803617,99.37763500736918,97.09490456800268,99.37763500736918,99.38224253268231,105.6979442893668,107.29601426904028,105.97819702234894,104.57856411376855,104.23941137813657,100.02161187141392,103.77800968402236,103.2368811896897
2026-07,KW2/01/160gsm/2100mm,NO VMI,1,8.375,6,9.864906175170262,10.120736122131348,10.96696517448547,5.66,7.1866666666666665,8.846666666666666,10.393750000000002,9.246193548387096,20.28,9.787453571371168,10.20066668319982,9.584318785887495,10.200661699899982,10.317535823929026,10.120736122131348,10.317535823929026,10.317925693702634,10.13863776220789,9.685886178629332,9.644326825902038,9.761773208172558,10.179921930297382,9.864906175170262,9.805039250301537,9.905370997758112
2026-07,KW2/01/160gsm/2300mm,NO VMI,2,24.05,20,25.729902101631172,26.67265665531158,22.77405478379724,30.31,22.421666666666667,20.451666666666668,19.92458333333333,21.375290322580646,15.49,22.62657173592608,21.875575961753448,23.652219376131832,23.019263893566425,25.058871180246665,25.490677696944314,25.058871180246665,25.056990591395333,22.11468379566251,22.14861602027755,21.92452416867747,22.393956540498547,22.794111653643473,22.62657173592608,22.607123050755913,23.081548187122888
2026-07,KW2/01/160gsm/2450mm,VMI,1,39.87,30,35.02522400844668,35.53242111206055,35.878944767243496,30.72,33.123333333333335,34.879999999999995,32.812916666666666,36.45522580645161,36.78,38.58926683151014,32.66236656393973,31.263631260955385,32.66236190388336,35.47886329591691,35.53242111206055,35.47886329591691,35.47900692410242,33.99491023667402,32.968125,33.76603404571245,33.86446633810511,34.33736094265315,34.879999999999995,34.33697712911393,34.2813384467039
2026-07,TCH/40/160gsm/2100mm,NO VMI,1,18.12,16,20.48425703725045,21.06023979187012,21.054327891257827,15.71,16.146666666666665,19.576,22.215666666666667,20.46007741935484,26.768,21.6577834717214,15.745982556185671,15.969287233363945,16.39203281360195,20.8662749067928,21.054327891257827,20.8662749067928,20.86624918324349,19.064149682756117,17.984016406800976,18.366974600784797,18.728308959917705,19.48002473445689,20.46007741935484,19.200074702787465,19.28032211876032
2026-07,TCH/40/160gsm/2300mm,NO VMI,1,9.44,14,20.346061879194,22.44361114501953,21.01291896385822,18.103,18.905666666666665,20.61783333333333,21.71891666666667,21.548961290322577,19.556,22.810409173956536,19.1863118070902,20.290906744409263,18.63252477558119,21.267530662690582,21.01291896385822,21.267530662690586,21.266770805370157,20.137053045802638,19.923453372204634,20.017613306970336,20.130013559375847,20.39793249585371,20.346061879194,20.35373081683788,20.423522681545034
2026-07,TCH/40/160gsm/2450mm,NO VMI,1,10.878,20,22.044330488597968,23.23878669738769,21.650797476684808,21.542,20.018,21.549666666666667,20.060166666666667,22.52287741935484,17.94,23.84133707368405,18.730233292762865,20.76879313202704,18.73022823241138,22.311304887556826,22.044330488597968,22.311304887556826,22.310506618537964,20.570330248357354,20.41447989934685,20.444809959687205,20.65398421397655,20.972093626634155,21.542,20.987429460306764,21.08169596908495
2026-07,THP/01/125gsm/2100mm,VMI,1,105.02,82,81.42283584719978,83.14678955078125,82.43072014285033,80.034,86.44933333333334,74.69666666666666,69.034,78.07006451612902,81.096,82.6401835270748,83.3578863077135,82.13687523357753,72.51342320699251,82.33344851361046,82.43072014285033,82.33344851361045,82.33304136549383,79.00284327914873,80.565,79.77896499057466,79.09445180484026,79.77144448710145,81.42283584719978,80.63045949825327,79.93065107461688
2026-07,THP/01/125gsm/2300mm,VMI,1,43.42,22,33.309071718731865,36.01591873168945,33.15921724326661,51.414,30.276,28.348000000000003,25.80483333333333,29.62823225806452,21.95,31.362630049875275,29.66025370362249,22.65268947243861,50.57881438003696,34.16140256456264,33.309071718731865,34.16140256456264,34.1599443080187,32.16754531973711,29.644242980843508,29.179991557482598,32.50458605817763,32.627666222389166,30.276,30.840461893175945,32.93199723017452
2026-07,THP/01/125gsm/2450mm,VMI,1,124.248,106,122.78364656846811,118.34537506103516,132.63713228288586,107.374,112.33466666666668,120.47633333333332,123.27816666666666,125.9172,163.976,133.28822746221215,120.73632298818758,127.13695521795232,120.7363287892577,124.58871797079637,122.78364656846811,124.58871797079637,124.59565106173574,125.52542011242762,122.00724772796218,123.04688449923293,124.09425847961677,125.30925807974349,122.78364656846811,123.56082898975407,124.22371733915642
2026-07,TSL/01/80gsm/2100mm,VMI,1,78.661,90,88.23860218639732,92.47368621826172,89.65763429797855,89.553,82.323,74.4705,78.36708333333334,77.83368387096775,102.188,82.38996546949473,77.15090020336937,75.46430411215877,81.3717006086919,90.12330756754587,89.65763429797855,90.12330756754587,90.121807692025,82.11121375980159,79.86939197101262,79.90605558097617,81.44097217011569,83.96015848466566,82.323,82.98728555224811,83.68235169306044
2026-07,TSL/01/80gsm/2300mm,VMI,1,83.688,88,78.10199428857578,77.24140930175781,83.25254374508285,65.428,74.66133333333333,74.098,88.85466666666667,77.44436129032258,105.772,81.97785245645753,75.49808604993565,76.46315275488712,76.19061071235271,79.53198244513881,78.10199428857578,79.53198244513881,79.53485846041372,79.63880632639555,76.32688173361991,77.03923276621482,78.60145696225122,79.61415466149016,77.24140930175781,77.87014932585618,78.84245991633175
2026-07,TSL/01/80gsm/2450mm,VMI,1,146.188,166,159.28897320633558,162.4900360107422,158.5449753845948,164.896,139.332,153.98966666666666,165.75833333333333,160.9440387096774,171.79399999999998,170.3654912928699,153.00851473065956,156.34715933013544,147.61807380991226,160.1079948672242,159.28897320633558,160.1079948672242,160.10600241637857,158.40532778732543,158.6455990199064,159.1572854617454,157.84731779327055,158.79825095960976,159.28897320633558,159.474188596905,158.4305069863208
2026-07,TSL/01/100gsm/2100mm,VMI,1,126.522,100,103.72835892735608,99.49374389648438,109.08978542259447,88.012,105.34933333333332,98.39933333333332,97.49916666666668,102.84317419354838,119.71,108.8634784989309,100.41666097918775,101.19054196854586,93.45579272964817,104.10396274881164,103.72835892735608,104.10396274881164,104.10866783821939,101.57394817031944,100.8036014738668,100.94970174576923,100.95799004668721,102.15779768843305,101.19054196854586,101.97597686637631,101.77149062131666
2026-07,TSL/01/100gsm/2300mm,VMI,2,97.147,70,93.47708323314053,102.12383043766022,89.26340507844603,116.099,81.901,75.86483333333334,72.55925,79.2909870967742,54.47,83.93257731158386,72.11246799475656,74.9097514899541,72.19679004991846,94.9547729164156,93.23785882845367,94.95477291641558,94.94834895514578,78.33366572763204,75.38729241164373,76.10637037145041,79.31951057144488,82.16930584812056,79.2909870967742,80.33647453549227,83.35485466156487
2026-07,TSL/01/100gsm/2450mm,VMI,2,125.664,128,142.68537382704633,137.96773302555084,152.45987412056246,123.597,134.06433333333334,157.63649999999998,159.72141666666667,164.7555677419355,155.60399999999998,174.40014222721754,161.44497585186292,163.67495190171402,161.53499054749386,144.37099365771988,142.44614942235947,144.37099365771988,144.37803260103755,155.64338782702234,160.5831560715162,159.92111130453955,155.41495307452738,153.04206609564488,157.63649999999998,154.69267561813706,152.56523573070547
2026-07,TSL/01/150gsm/2100mm,NO VMI,2,10.79,8,10.814693091245685,9.960128515958786,9.505526537115442,4.05,9.702,8.6294,12.004066666666667,9.02199556451613,35.233399999999996,9.547081972357613,5.284114318837627,5.598955359534994,6.482541617684372,10.093449381439973,9.987649419132403,10.093449381439973,10.09326848734125,10.555355549959739,8.817429032258065,8.20594644859384,9.64239432076577,10.448761818762872,9.471764468446906,8.814035838730673,9.758809396461709
2026-07,TSL/01/150gsm/2300mm,NO VMI,2,16.386,16,18.750731376948146,18.91297820210457,18.25867959583672,15.597,15.393333333333333,16.332666666666665,17.135333333333335,17.070270967741937,18.866,18.069542203844932,15.665368574749174,14.551785521645696,18.095723093248388,18.64079639162981,18.552397835986273,18.64079639162981,18.640480613973384,16.677702369456345,16.59413518201417,16.578008871333125,16.568090861917334,17.13072406688099,17.243800002284775,17.15884272126739,17.10317898126893
2026-07,TSL/01/150gsm/2450mm,VMI,2,31.686,32,30.52085732561375,31.0609487593174,31.66297114718141,27.986,28.59566666666667,32.024833333333326,28.73941666666667,33.471116129032254,33.594,35.43047129399771,29.61152166147671,30.0771134926743,26.16121754360561,31.08159241070419,31.185735609305258,31.08159241070419,31.0818555161753,30.569135678745326,29.90316987741152,30.39422259966093,30.45476210627232,30.687394924581987,30.22385047929368,30.59743256874437,30.61667674275894
2026-07,TW2000/51/115gsm/2100mm,NO VMI,1,5.667999999999999,4,4.718114000770312,4.348698616027832,3.809575143852215,3.3000000000000003,2.3760000000000003,2.3760000000000003,2.3760000000000003,2.467384615384616,2.3760000000000003,2.6286725341647967,2.3760000000000003,2.3760000000000003,2.3760000000000003,4.29212925355012,4.348698616027832,4.29212925355012,4.291889089204322,2.502805714954942,2.3760000000000003,2.39123076923077,2.5099167962076394,2.9157265315538288,2.3760000000000003,2.6761813659335143,2.9700195360760726
2026-07,TW2000/51/115gsm/2300mm,NO VMI,1,2.936,6,8.472082921573648,9.310542106628418,9.391308548535008,7.818,8.018666666666666,6.775,6.775,7.035576923076923,6.775,7.495478290810815,6.775,6.775,6.775,9.057977858912357,9.310542106628418,9.057977858912357,9.057982663799052,7.10177218805544,6.775,6.9385092023146235,7.119758965907957,7.553204265945499,7.035576923076923,7.326644978014228,7.620205598766619
2026-07,TW2000/51/115gsm/2450mm,NO VMI,1,1.7,4,5.378622624867496,3.8110501766204834,3.895729983168079,4.78,3.656,1.828,1.5464444444444447,1.9105548387096776,1.828,2.0223962089449694,1.828,1.828,1.828,4.3618009282186865,3.895729983168079,4.3618009282186865,4.361903362381941,2.3055395492099087,1.828,1.8741585079424414,2.340429955180049,2.7800614059042426,1.9105548387096776,2.511970134160357,2.8623715458995513
2026-08,HP1/01/190gsm/2090mm,VMI,1,21.912,26,25.57050373588416,22.37424659729004,24.870729950954825,29.156,26.936,29.95566666666667,25.674333333333333,30.148929032258067,27.208,27.978444791984916,28.45498143929462,25.805414996247027,30.48094728853354,24.271826761376342,24.870729950954825,24.271826761376342,24.27235808988176,28.179871754831815,28.21671311563977,28.281515482991036,28.198814146399812,27.278015217880547,27.208,27.415482773712302,27.184299306224883
2026-08,HP1/01/190gsm/2290mm,VMI,1,36.656,50,48.892685396144536,46.495872497558594,54.11829339770049,54.01,46.965,54.24883333333333,58.42525,54.598825806451615,74.718,50.66814253662381,54.88923762272616,53.05696742582957,63.38749192168709,49.83561709713454,48.892685396144536,49.83561709713454,49.843636453007335,56.496774864665156,54.423829569892476,54.87151903139011,55.78848306129354,54.959584610619636,54.11829339770049,53.65647061320105,54.25245794860749
2026-08,HP1/01/190gsm/2440mm,VMI,1,83.33,88,68.55398812735616,60.78312683105469,77.81850892756387,68.956,70.01266666666668,84.6755,88.28208333333333,85.2217935483871,105.7,79.08649900354028,80.19715344490986,86.00727447153284,89.54867237730728,69.05187462865824,68.55398812735616,69.05187462865824,69.0676993948851,83.76876428456774,84.94864677419355,83.9117173002839,82.84836601165827,80.37255897935786,80.19715344490986,80.02860882177043,79.28772746407762
2026-08,HP2/01/105gsm/2090mm,VMI,2,71.138,90,81.07541315207618,73.74868181347847,82.59514436686774,93.86,87.19800000000001,81.46116666666668,70.3265,81.98672258064516,75.533,76.08432753760609,88.5488702541447,88.14124755028637,89.51058465164361,79.1397464441408,80.9166309293405,79.1397464441408,79.14510437581889,83.26504192409925,84.4479371416762,83.83605494021099,83.71320863443924,82.31305065949346,81.96720761668576,82.4771103520027,82.53290520174365
2026-08,HP2/01/105gsm/2290mm,VMI,2,111.015,96,113.81903473702596,105.28436690568924,109.78728709301186,138.613,113.13499999999999,97.66483333333335,102.55058333333334,98.29492903225805,125.349,91.21847221566563,106.64142708367919,94.37188312466466,119.99779785088558,109.63022957857568,109.78728709301186,109.63022957857568,109.62878144622029,108.78369259738199,104.60443834683038,106.28475211707162,108.36710972220388,108.97904728534975,106.64142708367919,107.37924718777768,108.69309953821595
2026-08,HP2/01/105gsm/2440mm,VMI,2,263.336,220,189.93784629616925,185.2041760087013,208.94822269631877,233.56,211.41633333333334,216.39466666666664,226.9673333333333,217.7907612903226,188.98,202.11155044499014,220.42553088169456,218.1191017325996,214.58387948099957,194.69674833372977,189.75116456528735,194.69674833372977,194.72410310344705,215.034915716394,216.58704431614933,216.22153576669032,215.9554775456713,210.34149247424068,214.69847558659058,210.87338559315123,210.46973056699545
2026-08,HP2/01/125gsm/2090mm,VMI,2,118.203,116,123.97502453298532,118.12514918111265,126.95624930418695,158.487,130.78966666666668,127.804,120.47600000000001,128.62854193548387,151.874,119.36830510181176,140.00854940171214,137.86036039663105,149.24967809991372,123.01880767276165,123.84051187866152,123.01880767276165,123.02542849549276,136.4546101602219,134.32501353164886,135.5758532748576,136.1519014643674,133.3540403554234,128.62854193548387,131.6404559533907,132.7602929924041
2026-08,HP2/01/125gsm/2290mm,VMI,2,167.764,190,175.69114547753549,167.64579073153436,191.04242303211223,196.915,201.60366666666664,189.41983333333337,185.25691666666663,190.6418967741936,195.868,176.91718927160082,193.17435806791497,177.67995896201597,203.69514429216878,178.126453080394,175.55590953646836,178.126453080394,178.15046987670016,191.11719640345606,191.11003647761402,191.61330382587133,190.97834195253208,188.11933255967253,190.6418967741936,188.39643823170633,187.66388576061996
2026-08,HP2/01/125gsm/2440mm,VMI,2,204.78,192,164.3135358623564,150.14198821783066,176.56210550797283,159.587,177.81799999999998,211.52349999999996,223.89108333333337,212.88816774193546,192.415,197.56190482459922,186.23920106536775,198.36931841705825,209.15020822947403,163.67254319605328,164.24478681446632,163.67254319605328,163.6952439117048,196.9443383611768,198.10144495416208,199.03193000084661,196.4961016925721,189.26623178460983,192.68666666666667,190.33079903141027,188.02104008226414
2026-08,HP2/01/155gsm/2090mm,VMI,2,137.042,120,108.87757994700515,99.10179805755615,109.06360418030924,118.416,125.137,119.83999999999997,113.41466666666666,120.61316129032257,140.73,111.92996841570779,118.39221408909746,119.67488521115743,119.94953630399507,105.68099406162352,108.0925081431538,105.68099406162352,105.68570215597671,120.80974319769469,119.07734671168518,119.37249073275377,120.18691883396593,117.31849339706288,118.81067641495946,116.82051660341435,116.44010508929398
2026-08,HP2/01/155gsm/2290mm,VMI,2,151.694,160,182.4027753150864,177.93394875526428,189.76319566787515,221.121,185.93166666666664,181.79966666666667,186.04066666666665,182.97256774193548,202.762,169.79999122151378,183.21090380752804,193.20068422297464,186.0672178764231,183.36663991274196,182.21844343958458,183.36663991274196,183.37843417066313,189.29063648703746,184.29079222903385,185.6045405892945,189.03907873016237,187.92356035450777,182.95025112473436,185.26835503301163,187.5764855346944
2026-08,HP2/01/155gsm/2440mm,VMI,2,167.12,166,155.06583567567984,141.1704306602478,159.58599105509012,155.899,159.71533333333332,179.63183333333333,174.51375000000002,180.79074838709678,145.762,167.77524558958356,147.5416192063472,169.81834175617914,140.8565586161282,151.9407524636726,155.06583567567984,151.9407524636726,151.95308471445247,162.23044302220015,162.11224525447716,161.26301755081417,162.59606711112286,159.85589904715533,156.19105937062722,158.62480391556312,159.84614111431503
2026-08,K/01/110gsm/2100mm,VMI,1,56.075,60,44.7998314005269,39.25752258300781,45.61348537060896,43.81,49.061,50.605,48.045416666666654,50.93148387096774,41.495,47.26482019089531,48.55614508853546,52.08779872934019,48.86838190024892,43.22361311804789,44.7998314005269,43.22361311804789,43.22722089796194,48.07250464466542,48.71226349439219,48.733460641057725,48.282775962190115,46.95352967698446,48.045416666666654,47.40267562416469,46.97652534734704
2026-08,K/01/110gsm/2300mm,VMI,1,43.225,68,55.58113370715928,47.79876708984375,57.96526292812519,51.3,60.63833333333334,54.29833333333334,63.84374999999999,54.64864516129033,86.105,50.71437529226949,55.996810416190456,56.34042571081833,54.30456277308818,53.78172124170941,55.58113370715928,53.78172124170941,53.78843270343258,58.819023602032345,55.322727788740394,56.03785178800899,57.86498844616707,57.656569211188575,55.58113370715928,55.674834151482045,56.81169095899946
2026-08,K/01/110gsm/2450mm,VMI,1,106.41,92,75.22693892461207,68.09208679199219,83.78423082543533,73.87,80.302,90.81016666666666,105.08141666666666,91.3960387096774,93.326,84.81624738672532,80.10388437251345,81.75422417499075,78.6681790676295,75.70108551401319,75.22693892461207,75.70108551401319,75.7156827251652,86.01281570448697,83.28523578085805,84.86376021842892,85.51851086417406,83.6331856605315,81.75422417499075,82.98465668091673,82.98566330913782
2026-08,K/01/160gsm/2100mm,VMI,1,96.028,98,97.62727719431544,84.43997192382812,94.57573564678464,100.82,106.78466666666668,99.19383333333332,92.98308333333334,99.8337935483871,100.005,92.646550667832,91.56153502905106,96.88131212922532,89.4557652074067,92.21432825497607,94.57573564678464,92.21432825497607,92.21630259736472,97.01655399152354,98.03757273127931,96.92392883535184,96.98204341831945,95.90834805232029,96.88131212922532,96.14534676469582,95.75067479539551
2026-08,K/01/160gsm/2300mm,VMI,1,81.831,106,117.26272161703244,104.1432876586914,116.82573919042144,127.495,121.26066666666668,113.57683333333334,119.45358333333336,114.3095870967742,127.48,106.08020166685674,125.28257381586478,123.76207215240518,119.43142996762744,112.74391615538177,116.82573919042144,112.74391615538177,112.74932458679629,119.81319480328618,120.35712500000002,120.58331883877861,119.6966227609334,118.18182280761592,119.43142996762744,119.01835635260652,117.90158494685113
2026-08,K/01/160gsm/2450mm,VMI,2,119.684,110,102.19971995867226,88.1167099326849,100.42496181992436,102.561,102.55866666666668,115.131,114.12545833333331,115.8737806451613,98.52,107.53178566145576,108.18198223449708,114.00243975642898,101.65547228520168,96.91379723709385,100.42496181992436,96.91379723709385,96.91787248502214,108.01415855827449,107.85688394797643,107.66220127539698,108.26335143887538,105.4525367149251,102.561,105.55390988487905,105.33191489612604
2026-08,K/01/225gsm/2100mm,NO VMI,1,2.565,6,6.136585917135418,4.800724506378174,4.58948016244643,7.314999999999999,5.11,4.995333333333334,4.051833333333334,5.027561290322581,1.7000000000000002,4.665616674114924,5.061271865078929,4.353700265428385,6.583930637763151,5.175596861986674,4.800724506378174,5.175596861986674,5.174156161087455,4.886424739937464,5.011447311827958,4.868913904713025,5.001736306765374,4.953156768102667,4.995333333333334,4.9711415571375746,5.0462860224460515
2026-08,K/01/225gsm/2300mm,NO VMI,2,28.95,40,17.24506284256047,14.190467678010465,15.206711393478566,9.375,25.058333333333337,27.26666666666667,18.45825,27.442580645161293,1.2,25.466932066101748,21.856126318722232,22.528384323249977,17.263346593633983,15.547413971349833,15.206711393478566,15.547413971349833,15.546106635302447,19.59156199468692,22.192255320986106,21.59252043917355,20.179851343962692,18.658297066224517,17.382,19.543589740974216,18.98258777986039
2026-08,K/01/225gsm/2450mm,NO VMI,1,1.825,4,2.343298570092452,1.453110694885254,2.7123634053581025,0.0,4.145,2.7775,2.840583333333333,2.7954193548387094,1.524,2.594171289007247,3.231276364731231,2.4874804718574417,4.610898302255117,2.169590890111936,2.343298570092452,2.169590890111936,2.1704862820193713,2.7006329116023076,2.7864596774193546,2.787738468961327,2.7269182765318085,2.578084752796838,2.7123634053581025,2.589565865468724,2.5831477853164793
2026-08,KW2/01/115gsm/2100mm,VMI,1,52.481,44,47.19394691552829,43.26507186889648,50.21259498488903,51.78,48.75333333333333,47.595,49.18175,47.90206451612903,68.867,44.45349504961293,49.58805627553532,51.62249633469232,48.55660621534725,46.890537923104596,47.19394691552829,46.890537923104596,46.89633161979489,50.829980172465014,48.96754166666666,49.26738444583953,50.258761458383184,49.92087811492031,48.75333333333333,48.95620539727273,49.3899792993082
2026-08,KW2/01/115gsm/2300mm,VMI,1,95.596,82,81.23895408945747,78.39675903320312,85.02319834448853,89.065,86.59333333333332,89.34333333333332,86.33291666666668,89.91974193548387,71.385,83.4462322943429,88.98113742014283,92.05320164229056,84.38220099691313,81.55297048904971,81.23895408945747,81.55297048904971,81.5592828787422,86.15020976225067,87.78723537673807,87.44965362506487,86.69524604998234,85.08930839151199,86.33291666666668,86.04514516429758,85.36821964733986
2026-08,KW2/01/115gsm/2450mm,VMI,1,97.369,92,99.47067687991864,97.25494384765624,104.58878202146948,114.165,99.14,114.59333333333336,113.30041666666664,115.33264516129032,90.67,107.02960764895428,110.05064730844212,126.45226548408937,108.11756708597171,100.43813424968145,99.47067687991864,100.43813424968145,100.44592848962496,109.88514826887479,111.67553198755438,111.20942867389469,110.54836536219592,107.7050681105994,108.11756708597171,107.8284478827507,107.9381051220132
2026-08,KW2/01/160gsm/2100mm,NO VMI,1,7.75,6,7.723271563467202,7.636218070983887,9.110208821754648,8.375,5.891666666666667,9.5825,9.401666666666667,9.64432258064516,22.045,8.950007696457947,10.141774330242782,9.396545534653722,10.14176921420952,8.15656615206858,7.723271563467202,8.15656615206858,8.15844398469946,10.357025268954246,9.492083333333333,9.519468615438836,9.944729670549846,9.8492270112114,9.396545534653722,9.147254675317207,9.483190483302625
2026-08,KW2/01/160gsm/2300mm,NO VMI,2,29.51,24,22.075636461136867,18.940830144099895,22.14235742089662,24.05,24.9,21.765,20.63791666666667,21.90541935483871,4.645,20.3284025581432,22.535702339431197,24.293271594663057,19.87025804992692,21.05294134204446,21.909966711029334,21.05294134204446,21.054460457499548,20.493097056366974,21.835209677419357,21.87040576087665,21.08303008966349,20.622291891523318,21.886184921591884,21.657669104229097,21.075648289029168
2026-08,KW2/01/160gsm/2450mm,VMI,1,28.075000000000003,32,33.88182060165284,31.00693130493164,31.78508031738589,39.87,34.335,35.5625,33.07041666666667,35.79193548387097,39.005,33.21519944746002,32.89487089567796,31.876555734779075,32.8948660660974,32.22461074132345,31.78508031738589,32.22461074132346,32.22314400704467,34.85163442945521,33.77509972373001,34.14498708227927,34.72251224650737,34.2453981937325,33.21519944746002,33.72479609957833,34.076727311314336
2026-08,TCH/40/160gsm/2100mm,NO VMI,1,21.98,16,17.34385850982127,16.038646697998047,19.41780633050076,18.12,14.978666666666667,18.521666666666665,21.495,18.64116129032258,32.106,17.299145235366055,16.963196610615555,17.12168033641716,17.694003375175903,17.600103846106695,17.34385850982127,17.600103846106695,17.603448124875026,19.29405201812306,17.90700168758795,17.899609483991394,18.815922216024102,18.903140901503896,17.694003375175903,17.902502039431774,18.502644048360317
2026-08,TCH/40/160gsm/2300mm,NO VMI,1,18.977,18,14.649961682421353,12.88598346710205,15.139733526832895,9.44,14.375,18.084166666666665,20.875916666666665,18.200838709677416,22.92,16.890522395063385,14.985163565230836,13.936110252568742,14.963690894724875,14.225226225452099,14.649961682421353,14.225226225452099,14.226680377983662,16.467140915059858,15.93784298014711,16.24989703856053,16.15875582491171,15.949775986688836,14.985163565230836,15.69168752146513,15.659547585972614
2026-08,TCH/40/160gsm/2450mm,NO VMI,1,18.725,20,16.731883405405387,13.801138877868652,16.988062289343883,10.878,18.676,18.885,19.471666666666668,19.006838709677417,17.36,17.63849677512218,18.47693554286533,18.47096031912052,18.476930308359897,15.840361524205974,16.731883405405387,15.840361524205974,15.842038595977776,17.734082832181198,18.476932925612616,18.43738715757799,17.707055619351046,17.297070222648454,18.47096031912052,17.967140960024132,17.225173886776926
2026-08,THP/01/125gsm/2100mm,VMI,1,70.26,80,84.51267861961978,79.34080505371094,82.30156040882953,105.02,93.48,84.26333333333332,71.02766666666666,84.80696774193547,77.412,78.70153737151418,96.17317775015434,94.00176019600602,88.14636067683738,82.05168136072008,82.30156040882953,82.05168136072008,82.05111135968443,87.30328037364474,86.47666420938643,87.23332655327107,87.94532808629258,86.09137290912365,84.51267861961978,85.50611148908739,86.42238468535353
2026-08,THP/01/125gsm/2300mm,VMI,1,31.334,38,32.72428644662541,30.33294105529785,35.2903459463391,43.42,39.01766666666667,31.75333333333334,27.594,31.9581935483871,35.212,29.657456584558105,32.20272456058605,25.404324606447226,29.2562980436032,32.78252448275412,32.72428644662541,32.78252448275412,32.787016654340285,32.54759973435817,31.855763440860223,31.67333434507796,32.546246565572694,32.60181313783415,31.9581935483871,32.04306439097002,32.60845656477019
2026-08,THP/01/125gsm/2450mm,VMI,1,139.9,108,112.28557909803315,99.7845687866211,114.02727835853672,124.248,117.36,114.28933333333332,119.96750000000002,115.02668387096772,103.198,106.74567314963537,120.84961177379392,127.0159020143266,120.84960798781316,108.69914208106366,112.28557909803315,108.69914208106366,108.70715566897775,116.95503121298702,118.66375000000001,118.05712282765137,117.51073355236784,115.049826028697,115.02668387096772,115.71125195245703,115.23607154653469
2026-08,TSL/01/80gsm/2100mm,VMI,1,80.28,84,75.3981948120967,67.64412689208984,76.77987924631782,78.661,82.084,79.73933333333333,76.40650000000001,80.25378064516129,95.914,74.47614370401867,77.199613050095,75.60639803419281,77.95122058526073,73.27406698350146,75.3981948120967,73.27406698350146,73.2794369939557,79.82919893520618,78.30611029263036,78.36857460230839,79.28896551949268,78.31647617712048,77.199613050095,77.55510218960642,77.73622794039996
2026-08,TSL/01/80gsm/2300mm,VMI,1,73.104,76,77.49803802704835,69.9170913696289,82.88421612368062,83.688,78.56866666666667,76.75333333333333,87.01433333333334,77.24851612903225,89.894,71.68723444426146,78.51965252266544,79.24376035555467,83.14801026526361,76.76644850678595,77.49803802704835,76.76644850678595,76.77704664605045,80.57655070501106,78.90621351111068,80.06943432319711,80.22893389038478,79.6972963515745,78.56866666666667,79.72802149147167,79.33703779233109
2026-08,TSL/01/80gsm/2450mm,VMI,1,141.85,138,138.98011493574384,129.52296447753906,146.731666445499,146.188,146.72799999999998,146.49433333333334,163.62449999999998,147.43945806451612,120.482,136.82498417122977,150.4664982935601,152.8783607227976,145.7079457547883,138.4115819529273,138.98011493574384,138.4115819529273,138.42617119046852,145.68340803402253,146.61116666666666,147.1707059076996,146.48915610272678,144.00529432300056,146.49433333333334,145.06233344429674,144.4058479663697
2026-08,TSL/01/100gsm/2100mm,VMI,1,98.138,102,106.67209066086716,99.3232879638672,102.54272906416824,126.522,115.00933333333334,105.85166666666667,98.06683333333332,106.53458064516128,116.194,98.86493413509707,111.14990911884172,112.1833499983846,107.18874694439454,102.84603589630088,102.54272906416824,102.84603589630088,102.84391718102158,109.75653541752126,109.16932803161814,109.65293111779702,109.76819379344867,108.16180475877809,106.67209066086716,107.38396604396497,107.97910427362021
2026-08,TSL/01/100gsm/2300mm,VMI,2,71.76,82,83.34341542123639,77.42715376149863,83.49592363098381,97.147,92.46,79.645,76.11566666666668,80.15883870967741,69.318,74.38803683635722,72.92000816330227,75.93301298745135,73.00033889012617,81.42216427123961,83.1830080912329,81.42216427123961,81.42506650520735,79.1085902253581,76.02433982705901,76.5267537814301,79.55986590455115,79.64249192825383,77.41301727294922,78.1375116264032,80.04179506968919
2026-08,TSL/01/100gsm/2450mm,VMI,2,136.18,126,123.61102061057221,112.72269361745565,131.31050552353517,125.664,130.43633333333332,142.23749999999998,157.2264166666667,143.15516129032258,112.6,132.84912285154573,160.29072221547798,161.9588186995591,160.3764768773948,122.54807325052101,123.45061328056873,122.54807325052101,122.56324665732448,142.67945519343002,142.69633064516128,144.3658677437916,143.61322225256245,138.03375166814328,132.84912285154573,138.5117178720487,138.17434497511573
2026-08,TSL/01/150gsm/2100mm,NO VMI,2,11.819,12,9.66152141132308,8.316899679601192,9.809184917632786,10.79,7.768333333333333,8.901666666666667,9.94191666666667,8.959096774193549,20.611,8.314112724025025,9.865900180605644,9.77378080676304,11.556841151235732,9.262535336185687,9.50488391564372,9.262535336185687,9.263344704312509,10.648264830348966,9.819840493684342,9.744350340743049,10.306740918321832,10.328481100926671,9.77378080676304,9.574107160277729,10.037148968721993
2026-08,TSL/01/150gsm/2300mm,NO VMI,2,16.093,14,17.764866816176703,14.121789135038851,17.569859963166074,16.386,15.345333333333334,16.231666666666666,16.92866666666667,16.336387096774192,23.938,15.160296539838932,16.190459435385552,15.199671839222734,18.51089873268324,16.485505304793875,17.569859963166074,16.485505304793875,16.48690952277534,17.022738031057134,16.1851318138319,16.222910705203056,16.767948975650487,16.8987612480733,16.179809139784947,16.435257237960144,16.695334207647882
2026-08,TSL/01/150gsm/2450mm,VMI,2,27.656,28,27.12321094875387,24.658340036869046,26.95961954156672,31.686,30.42,32.400166666666664,28.580416666666665,32.6092,21.748,30.26159572483035,30.531249204512243,31.41489956832711,28.974503647740207,26.247056842396546,26.95961954156672,26.247056842396546,26.247964974791106,29.862603147874324,30.55816380469902,30.57555524645721,30.153411569720433,29.02824630814868,30.134883420014127,29.557574075079554,29.14432513884362
2026-08,TW2000/51/115gsm/2100mm,NO VMI,1,4.068,4,5.426392382855432,3.65025782585144,4.909197452284778,5.667999999999999,3.473333333333333,3.473333333333333,3.473333333333333,3.429367088607594,3.473333333333333,3.2440761873934005,3.473333333333333,3.473333333333333,3.473333333333333,4.661949220330549,4.909197452284778,4.661949220330549,4.6620743918462235,3.6654776609334325,3.473333333333333,3.473333333333333,3.68169482758308,3.895432636178922,3.473333333333333,3.6525320679410616,3.935004581374444
2026-08,TW2000/51/115gsm/2300mm,NO VMI,1,7.184,6,5.12612857880435,4.363963603973389,5.782861340577191,2.936,5.199333333333334,6.0072,6.0072,5.961343511450382,6.0072,5.610695145751335,6.0072,6.0072,6.0072,5.0909845077849765,5.12612857880435,5.0909845077849765,5.092202716627796,5.5750571990535045,6.0072,5.93347310953362,5.545243967820018,5.4633481164530755,5.961343511450382,5.745462434435176,5.42818750114113
2026-08,TW2000/51/115gsm/2450mm,NO VMI,1,5.03,6,3.184335364443943,1.2834285497665403,1.9353712811895007,1.7,4.222666666666666,2.111333333333333,1.5618000000000003,2.124954838709677,2.111333333333333,1.971974910839712,2.111333333333333,2.111333333333333,2.111333333333333,2.1343783984666613,1.9353712811895007,2.1343783984666613,2.1335907039137205,2.213806308288272,2.111333333333333,2.088106929584396,2.2267151946374133,2.1954767906371315,2.111333333333333,2.03210752193395,2.2026537569279334
2026-09,K/01/110gsm/2100mm,VMI,1,39.955,68,52.71441319460926,53.62010192871094,49.47387046304748,56.075,47.60833333333333,50.905,49.26041666666666,50.58076433121019,42.405,50.56201367323406,50.187701858573824,52.38118963146672,49.09358855038199,51.936128528789226,52.71441319460926,51.936128528789226,51.942205183387614,49.90590080448668,50.37485776590394,50.098247513344454,50.17383611724536,50.374414894710334,50.56201367323406,50.5732175965767,50.635294818392346
2026-09,K/01/110gsm/2300mm,VMI,1,39.705,70,54.66527720623296,52.76869201660156,55.50646753849147,43.225,53.855,53.30333333333334,60.27041666666667,52.96382165605097,88.75,52.94418758135651,48.329820281605016,48.72156919479493,49.06780210003173,54.313478920442,54.66527720623296,54.313478920442,54.30935313354907,55.14309508138392,52.954004618703735,51.80928564426125,53.97233275415477,54.95164519808963,52.96382165605097,52.644016736321504,54.06027875451918
2026-09,K/01/110gsm/2450mm,VMI,1,111.76,100,96.86718943616886,104.443359375,97.89168789122088,106.41,91.62,90.07933333333334,106.17175,89.5055796178344,113.71,89.47239924714289,95.29683373198148,96.17458312464696,93.91224373240983,99.73407890079659,97.89168789122088,99.73407890079659,99.7442173016249,97.23527227873488,94.60453873219566,95.54245732039527,96.71353517092619,97.81191996074914,96.17458312464696,96.93966451386238,97.50439646023418
2026-09,K/01/160gsm/2100mm,VMI,1,87.37,126,102.09650711440555,101.20738983154295,100.46986119577332,96.028,97.90733333333333,103.6445,92.65166666666666,102.9843439490446,105.535,102.94616690218068,92.42986111964576,97.15660720651957,88.35937205076394,101.25791938057394,101.20738983154295,101.25791938057394,101.25890862311078,97.96428512281545,97.53197026992645,98.27901967629079,97.73188377445024,98.72435456691356,100.46986119577332,99.27198624438519,98.6522664800393
2026-09,K/01/160gsm/2300mm,VMI,1,94.495,120,100.13090416995328,94.31429290771484,111.1289464741044,81.831,113.95266666666669,112.10266666666666,115.64949999999996,111.38863694267516,150.82,111.34734436314704,101.97728693384305,117.20162655820576,90.68760584820436,101.85804785059084,100.13090416995328,101.85804785059084,101.83321743629973,110.69583339794087,111.74565180467091,111.06968359549977,109.3536077930171,108.65634442547548,111.34734436314704,107.99913834719679,107.39115005013217
2026-09,K/01/160gsm/2450mm,VMI,2,125.174,110,116.9561759316235,119.57625794410704,109.93767391052876,119.684,111.71033333333332,114.0575,115.55711111111111,113.33101910828027,106.063,113.28900647352704,112.89596535371038,114.2629221655596,109.8241771515038,115.49003592875312,117.17886356352906,115.49003592875312,115.50420701507242,113.06750346970254,113.09500323676352,113.0308040448085,113.30895505119983,113.62654942179113,113.28900647352704,113.30442703349877,113.88180951881897
2026-09,KW2/01/115gsm/2100mm,VMI,1,56.38,60,51.431869763858735,51.04531478881836,49.043659484638425,52.481,48.992,48.5335,47.81625,48.2243694267516,64.0,48.20649230154023,51.56721481430126,51.744899011749176,48.76315295837603,50.50694801243851,51.04531478881836,50.50694801243851,50.50980970402484,51.03288785127183,48.877576479188015,49.63752270186301,50.6718023599439,50.911517119233366,49.043659484638425,49.92733113872151,50.629530120496256
2026-09,KW2/01/115gsm/2300mm,VMI,1,78.785,90,93.72799126615182,97.00836181640624,91.71944740865892,95.596,90.249,91.891,88.3505,91.30570700636942,89.92,91.27185931533543,95.4511369297342,92.5675173208967,89.49229822173861,94.15193349707232,93.72799126615182,94.15193349707232,94.1598703377939,91.60950187940742,91.28878316085243,91.20084727376691,91.72861724586696,92.19621686809931,91.71944740865892,92.01151769412736,92.36305658064208
2026-09,KW2/01/115gsm/2450mm,VMI,1,94.325,100,105.80551127048086,106.029541015625,109.15634312460404,97.369,97.538,112.779,113.85866666666664,112.06066242038216,105.25,112.01912071611166,99.2694297530698,124.28219936726582,95.09716695081272,106.99713180356996,106.029541015625,106.99713180356996,106.99262838000826,106.95232458743085,108.63456035805584,106.48603548159394,106.94151211809165,106.9626647142322,106.029541015625,106.65640092225262,106.95485098738266
2026-09,KW2/01/160gsm/2450mm,VMI,1,33.795,35,32.38263675732048,33.13960647583008,33.23803403423428,28.075000000000003,32.888333333333335,33.63583333333333,32.15958333333334,33.421592356687896,26.43,33.40920272882078,32.74424956049482,31.61923680112471,33.9374055743818,32.920092422461614,33.13960647583008,32.920092422461614,32.92001611715207,31.832043702151005,32.81629144691408,32.70703301896581,31.975474759421978,32.083131868376526,32.888333333333335,32.77805282013108,32.221954318730596
2026-09,HP2/01/105gsm/2090mm,VMI,2,55.503,92,77.04952411797507,76.54419031739235,70.54647209819322,71.138,83.42166666666667,83.75983333333333,69.96024999999999,83.22633121019106,53.491,83.19547860264818,79.85222716768821,79.49402123329058,79.48154784362372,74.71339551118689,76.51798825820941,74.71339551118689,74.72202721522726,76.70203560574419,79.7592833365828,79.39217908215403,77.45938369565262,76.24311866084633,79.35328580571822,77.83258455849833,76.74506619812422
2026-09,HP2/01/105gsm/2290mm,VMI,2,107.833,100,111.81520524483255,111.44462656974791,111.00565951459491,111.015,115.27033333333333,101.14233333333334,101.35608333333333,100.49811464968154,132.986,100.46085926613883,108.38570371904474,95.43235182507807,117.00283774663036,111.42183044305845,111.44462656974791,111.42183044305845,111.42243307123627,108.35496172065737,104.87580591249977,106.21046874130722,107.60599961702643,109.06270065659608,110.85617475831486,107.93772610712566,108.60190395538694
2026-09,HP2/01/105gsm/2440mm,VMI,2,287.248,240,243.0415405896333,251.98706763982773,247.6366770647088,263.336,237.3776666666667,227.1038333333333,233.1636666666667,225.65731210191083,253.363,225.57365929169768,232.2238291740959,231.17941713256965,226.15303581267702,247.5550950980566,247.60584246120706,247.5550950980566,247.56216882886787,235.5131420179618,231.7661122855518,231.04979504519451,235.13313430595426,238.2920542672144,233.33221794907254,236.55156172948188,238.3765104977618
2026-09,HP2/01/155gsm/2090mm,VMI,2,101.756,140,127.4020950437046,127.724394261837,124.36810237489465,137.042,122.98699999999998,125.9021666666667,113.1073333333333,125.10024203821656,150.924,125.05386646674775,137.76646635454867,138.6662558227483,118.95703838958765,126.49819722681208,127.41801273277392,126.49819722681208,126.50308029789873,129.5506369071849,125.11721334417574,128.6982543581611,129.13477137698004,128.84622775017579,125.13475000000003,127.96490198104478,128.44802743284274
2026-09,HP2/01/155gsm/2290mm,VMI,2,140.899,166,175.58098668550687,176.31674376130104,188.3829641029405,151.694,180.6726666666667,178.3685,181.78500000000003,177.23239490445863,208.918,177.16669356397702,182.22863849213152,190.01738842667405,182.22861865027,180.0935648499161,176.3076696699757,180.0935648499161,180.07617505606115,181.03119007041775,181.13169331155686,180.05366921300495,180.08121696103225,180.8148150195328,180.9787048832272,180.2392335149776,180.07990126796577
2026-09,HP2/01/155gsm/2440mm,VMI,2,168.167,172,171.03247908298292,172.1426510810852,164.0835213066307,167.12,165.22433333333333,173.2073333333333,176.29358333333337,172.104101910828,183.246,172.04030166593478,166.16512320124536,171.63563352354413,163.7562915426903,169.0862171568996,172.1426510810852,169.08621715689958,169.09797174067623,171.07927018442425,172.0722017883814,170.65072081238898,170.6254541973789,170.61933487038013,170.0723366230562,170.12921959389251,170.2268552374726
2026-09,TSL/01/150gsm/2450mm,VMI,2,25.069000000000003,28,29.49694318911541,29.85391721129417,29.631634862533208,27.656,29.109333333333336,29.206166666666668,29.07275,29.020140127388537,25.582,29.009382149941125,29.421835577515772,31.128460221728723,27.77769455821429,29.660831754314263,29.536325669304883,29.660831754314263,29.66118444833641,28.698376263478846,28.95328195975956,28.800052594139604,28.806940353985148,28.920481376748555,29.081070819731437,29.034888718837866,29.029856699780414
2026-09,HP1/01/190gsm/2090mm,VMI,1,15.168,28,24.772446862899624,24.61728858947754,25.10367069362254,21.912,26.024,28.604,25.232999999999997,28.421808917197453,26.97,28.411272745490365,23.8503755533556,25.632151194949262,25.57617566473196,24.8311353819999,24.772446862899624,24.8311353819999,24.83041827818311,26.063478407572468,25.82807559747463,26.307766600861935,25.999272411565684,25.779091555517258,25.57617566473196,25.81555619457459,25.69425807912338
2026-09,HP1/01/190gsm/2290mm,VMI,1,39.792,50,48.87505781729412,45.71908187866211,49.48899085228667,36.656,45.168,51.3025,55.25341666666666,50.97573248407643,49.646,50.95683540852746,49.26172151520824,50.30333675634337,49.311185904883466,48.02771018274763,48.87505781729412,48.02771018274763,48.02198146967902,48.88347287357057,49.974668378171685,50.075802011506504,48.752216231552666,48.685989175688356,49.48899085228667,49.39310473525355,48.561660316954075
2026-09,HP1/01/190gsm/2440mm,VMI,1,100.014,90,78.80404244450615,82.42356872558594,79.45724261786954,83.33,73.948,84.2765,86.41791666666667,83.73970700636943,79.298,83.70866408667735,81.22959294630435,84.84252812126256,89.35433875241881,80.2282845959872,79.45724261786954,80.2282845959872,80.23289137228042,83.01452475796992,83.72418554652339,83.52116536010227,83.0453882969937,82.37154625905085,83.33,82.47842261156325,82.31146278183562
2026-09,HP2/01/125gsm/2090mm,VMI,2,102.879,146,122.19940153707196,122.55533963441847,120.010957200547,118.203,126.982,127.93966666666664,117.67008333333334,127.12476433121016,126.448,127.07763825457238,127.82228653659823,127.31033427109988,128.55676494368328,121.58856612401249,122.19940153707196,121.58856612401249,121.59227768899362,125.51345383371637,127.10120129289126,127.06790607258753,125.50549914755261,124.60771051609242,126.982,125.24145942306251,124.48433782656971
2026-09,HP2/01/125gsm/2440mm,VMI,2,210.893,180,204.32801583170297,209.3948821425438,217.10195038135203,204.78,180.534,198.45533333333333,224.92150000000004,197.1912866242038,233.896,197.11818637709897,197.44680677814637,202.4967399673137,223.3641445028007,210.27494945186626,209.39156105298622,210.27494945186626,210.26424329368643,206.0203997582897,200.6100395553668,203.77148797948828,204.8347944894377,207.00221891834582,204.35365002944286,205.93930847028096,206.25161773132942
2026-09,HP2/01/125gsm/2290mm,VMI,2,204.964,186,183.4627948930668,185.26190549135208,184.26769524876676,167.764,195.843,192.8475,182.91491666666664,191.61917197452232,206.094,191.5481373509283,187.45258338733848,174.8820132560331,191.8127301756688,184.33079854439524,184.2912189379199,184.33079854439524,184.3323937233126,188.2778052811158,190.9170450826054,189.19024661895898,187.60091744342967,187.3669575726418,185.92580090735407,187.5704305941044,186.74799101566552
2026-09,THP/01/125gsm/2100mm,VMI,1,58.702,76,76.87597506227905,76.52845764160156,71.24490321431112,70.26,85.10466666666667,85.11633333333333,70.43166666666666,84.57419108280254,45.884,84.54283881378151,81.84228310122218,82.55017142169264,68.24092302769323,74.88311197273059,76.52845764160156,74.88311197273059,74.89072440041667,75.85470741138587,82.19622726145741,79.0335251810276,76.89039689962095,75.63049307938851,76.87597506227905,77.65005411159525,76.36857920224674
2026-09,THP/01/125gsm/2300mm,VMI,1,53.998,40,33.25552027103414,33.39559555053711,31.251451263585885,31.334,42.056,32.87966666666667,27.27083333333333,32.670242038216564,23.282,32.65813094138844,32.03510715072232,25.82147907845832,37.04897822278734,32.63418902838571,33.25552027103414,32.63418902838571,32.63730279981372,31.705643743157303,32.34661904605538,31.474663355054556,31.98322185712839,31.91992342436385,32.65813094138844,31.861171912831608,32.1539053123163
2026-09,THP/01/125gsm/2450mm,VMI,1,128.794,120,131.24361564100684,133.60789489746094,124.59402597148052,139.9,123.84066666666668,116.362,123.02600000000002,115.6208407643312,123.798,115.5779792760016,121.44493921666891,127.58153012098528,121.44493259615916,129.81517883664944,131.24361564100684,129.81517883664944,129.82842393312436,122.85968886408128,122.23546960833447,121.65275641324915,122.95153270678176,124.46480193467393,123.798,123.70396780144081,124.74606833511639
2026-09,TSL/01/80gsm/2100mm,VMI,1,76.618,88,82.3849114490699,81.36717987060547,77.20451610919812,80.28,82.83133333333333,79.45366666666666,75.10366666666665,78.94759235668789,81.048,78.91832590882194,77.29587607980366,75.80683841171873,78.51261324330294,80.31886914295784,81.36717987060547,80.31886914295784,80.32480168169228,78.81979126670016,78.93295913275492,78.90134570921384,78.77146473105239,79.16573231506733,78.94759235668789,79.22530780389852,79.1768104619917
2026-09,TSL/01/80gsm/2300mm,VMI,1,51.41,82,78.54895074455011,76.9446792602539,79.56676427702733,73.104,74.07333333333332,76.526,85.61516666666667,76.03857324840764,110.556,76.0103851951264,76.64828272638417,77.27634436356071,79.08233839820642,78.35346476061045,78.54895074455011,78.35346476061045,78.34953183676893,80.49304239316854,76.58714136319207,76.93032065528091,79.45445342648922,79.99929370873207,76.9446792602539,77.40470202372408,79.16612239230422
2026-09,TSL/01/80gsm/2450mm,VMI,1,180.188,160,156.23400908744551,151.6312255859375,148.0292194635903,141.85,150.97799999999998,147.80866666666665,165.40516666666664,146.8672101910828,161.56,146.81276544587948,147.21607890465086,148.89025007147723,143.49144163759544,151.96481804565778,151.6312255859375,151.96481804565778,151.96962666180448,150.08795795840192,147.51237278565875,148.09549521329282,149.62131081642337,150.52107951699944,148.0292194635903,149.3852694907478,150.2341075457037
2026-09,TSL/01/100gsm/2100mm,VMI,1,88.19,100,103.70460648427618,102.59896850585938,105.88770686264792,98.138,104.224,105.49,96.56216666666666,104.81808917197452,77.538,104.77923234239194,105.67124730598712,106.97090876489872,101.38436505792448,104.0637606175945,103.70460648427618,104.0637606175945,104.05890689033744,100.55760093098435,104.50161617119596,103.13894776204849,101.33823765694567,101.36671470481747,104.224,103.42316765204595,102.04820059100128
2026-09,TSL/01/100gsm/2300mm,VMI,2,67.018,98,78.8628210160073,79.34439198672771,76.38932668013521,71.76,95.002,81.45533333333333,76.31916666666667,80.93650955414012,76.498,80.90650580017362,72.88374203821513,75.74339697282703,72.96043644798031,78.19884656095675,78.8628210160073,78.19884656095675,78.20316315227423,78.44650908133362,76.40858333333334,77.21454943152033,78.51962014604771,78.38935619201588,76.498,77.53360175674274,78.43704019364324
2026-09,TSL/01/100gsm/2450mm,VMI,2,142.196,130,140.0699398025166,142.19777791202068,141.41331640680343,136.18,128.48033333333333,137.82483333333334,159.19141666666667,136.94696815286625,156.654,136.8962009136864,159.53724409482112,160.8443395458252,159.61911788281074,141.22701137378021,141.42853910482776,141.22701137378021,141.22833184014763,147.21744539233433,147.23941666666667,147.84177213768018,146.8533686093771,145.83503754189877,141.36269993783355,145.6278053401567,145.38550637907056
