sku,strategy,series,real,planner,lgbm,xgb,rf,naive,mean3,mean6,mean12,perday6,seasonal_naive,mean6_x_planta,ses,damped_holt,arima,ml_mean,ml_median,ml_trimmed,ml_weighted,econ_mean,econ_median,econ_trimmed,econ_weighted,ml_econ_mean,ml_econ_median,ml_econ_trimmed,ml_econ_weighted
HP1/01/190gsm/2090mm,VMI,1,21.912,26,25.57050373588416,22.37424659729004,24.870729950954825,29.156,26.936,29.95566666666667,25.674333333333333,30.148929032258067,27.208,27.978444791984916,28.45498143929462,25.805414996247027,30.48094728853354,24.271826761376342,24.870729950954825,24.271826761376342,24.27235808988176,28.179871754831815,28.21671311563977,28.281515482991036,28.198814146399812,27.278015217880547,27.208,27.415482773712302,27.184299306224883
HP1/01/190gsm/2290mm,VMI,1,36.656,50,48.892685396144536,46.495872497558594,54.11829339770049,54.01,46.965,54.24883333333333,58.42525,54.598825806451615,74.718,50.66814253662381,54.88923762272616,53.05696742582957,63.38749192168709,49.83561709713454,48.892685396144536,49.83561709713454,49.843636453007335,56.496774864665156,54.423829569892476,54.87151903139011,55.78848306129354,54.959584610619636,54.11829339770049,53.65647061320105,54.25245794860749
HP1/01/190gsm/2440mm,VMI,1,83.33,88,68.55398812735616,60.78312683105469,77.81850892756387,68.956,70.01266666666668,84.6755,88.28208333333333,85.2217935483871,105.7,79.08649900354028,80.19715344490986,86.00727447153284,89.54867237730728,69.05187462865824,68.55398812735616,69.05187462865824,69.0676993948851,83.76876428456774,84.94864677419355,83.9117173002839,82.84836601165827,80.37255897935786,80.19715344490986,80.02860882177043,79.28772746407762
HP2/01/105gsm/2090mm,VMI,2,71.138,90,81.07541315207618,73.74868181347847,82.59514436686774,93.86,87.19800000000001,81.46116666666668,70.3265,81.98672258064516,75.533,76.08432753760609,88.5488702541447,88.14124755028637,89.51058465164361,79.1397464441408,80.9166309293405,79.1397464441408,79.14510437581889,83.26504192409925,84.4479371416762,83.83605494021099,83.71320863443924,82.31305065949346,81.96720761668576,82.4771103520027,82.53290520174365
HP2/01/105gsm/2290mm,VMI,2,111.015,96,113.81903473702596,105.28436690568924,109.78728709301186,138.613,113.13499999999999,97.66483333333335,102.55058333333334,98.29492903225805,125.349,91.21847221566563,106.64142708367919,94.37188312466466,119.99779785088558,109.63022957857568,109.78728709301186,109.63022957857568,109.62878144622029,108.78369259738199,104.60443834683038,106.28475211707162,108.36710972220388,108.97904728534975,106.64142708367919,107.37924718777768,108.69309953821595
HP2/01/105gsm/2440mm,VMI,2,263.336,220,189.93784629616925,185.2041760087013,208.94822269631877,233.56,211.41633333333334,216.39466666666664,226.9673333333333,217.7907612903226,188.98,202.11155044499014,220.42553088169456,218.1191017325996,214.58387948099957,194.69674833372977,189.75116456528735,194.69674833372977,194.72410310344705,215.034915716394,216.58704431614933,216.22153576669032,215.9554775456713,210.34149247424068,214.69847558659058,210.87338559315123,210.46973056699545
HP2/01/125gsm/2090mm,VMI,2,118.203,116,123.97502453298532,118.12514918111265,126.95624930418695,158.487,130.78966666666668,127.804,120.47600000000001,128.62854193548387,151.874,119.36830510181176,140.00854940171214,137.86036039663105,149.24967809991372,123.01880767276165,123.84051187866152,123.01880767276165,123.02542849549276,136.4546101602219,134.32501353164886,135.5758532748576,136.1519014643674,133.3540403554234,128.62854193548387,131.6404559533907,132.7602929924041
HP2/01/125gsm/2290mm,VMI,2,167.764,190,175.69114547753549,167.64579073153436,191.04242303211223,196.915,201.60366666666664,189.41983333333337,185.25691666666663,190.6418967741936,195.868,176.91718927160082,193.17435806791497,177.67995896201597,203.69514429216878,178.126453080394,175.55590953646836,178.126453080394,178.15046987670016,191.11719640345606,191.11003647761402,191.61330382587133,190.97834195253208,188.11933255967253,190.6418967741936,188.39643823170633,187.66388576061996
HP2/01/125gsm/2440mm,VMI,2,204.78,192,164.3135358623564,150.14198821783066,176.56210550797283,159.587,177.81799999999998,211.52349999999996,223.89108333333337,212.88816774193546,192.415,197.56190482459922,186.23920106536775,198.36931841705825,209.15020822947403,163.67254319605328,164.24478681446632,163.67254319605328,163.6952439117048,196.9443383611768,198.10144495416208,199.03193000084661,196.4961016925721,189.26623178460983,192.68666666666667,190.33079903141027,188.02104008226414
HP2/01/155gsm/2090mm,VMI,2,137.042,120,108.87757994700515,99.10179805755615,109.06360418030924,118.416,125.137,119.83999999999997,113.41466666666666,120.61316129032257,140.73,111.92996841570779,118.39221408909746,119.67488521115743,119.94953630399507,105.68099406162352,108.0925081431538,105.68099406162352,105.68570215597671,120.80974319769469,119.07734671168518,119.37249073275377,120.18691883396593,117.31849339706288,118.81067641495946,116.82051660341435,116.44010508929398
HP2/01/155gsm/2290mm,VMI,2,151.694,160,182.4027753150864,177.93394875526428,189.76319566787515,221.121,185.93166666666664,181.79966666666667,186.04066666666665,182.97256774193548,202.762,169.79999122151378,183.21090380752804,193.20068422297464,186.0672178764231,183.36663991274196,182.21844343958458,183.36663991274196,183.37843417066313,189.29063648703746,184.29079222903385,185.6045405892945,189.03907873016237,187.92356035450777,182.95025112473436,185.26835503301163,187.5764855346944
HP2/01/155gsm/2440mm,VMI,2,167.12,166,155.06583567567984,141.1704306602478,159.58599105509012,155.899,159.71533333333332,179.63183333333333,174.51375000000002,180.79074838709678,145.762,167.77524558958356,147.5416192063472,169.81834175617914,140.8565586161282,151.9407524636726,155.06583567567984,151.9407524636726,151.95308471445247,162.23044302220015,162.11224525447716,161.26301755081417,162.59606711112286,159.85589904715533,156.19105937062722,158.62480391556312,159.84614111431503
K/01/110gsm/2100mm,VMI,1,56.075,60,44.7998314005269,39.25752258300781,45.61348537060896,43.81,49.061,50.605,48.045416666666654,50.93148387096774,41.495,47.26482019089531,48.55614508853546,52.08779872934019,48.86838190024892,43.22361311804789,44.7998314005269,43.22361311804789,43.22722089796194,48.07250464466542,48.71226349439219,48.733460641057725,48.282775962190115,46.95352967698446,48.045416666666654,47.40267562416469,46.97652534734704
K/01/110gsm/2300mm,VMI,1,43.225,68,55.58113370715928,47.79876708984375,57.96526292812519,51.3,60.63833333333334,54.29833333333334,63.84374999999999,54.64864516129033,86.105,50.71437529226949,55.996810416190456,56.34042571081833,54.30456277308818,53.78172124170941,55.58113370715928,53.78172124170941,53.78843270343258,58.819023602032345,55.322727788740394,56.03785178800899,57.86498844616707,57.656569211188575,55.58113370715928,55.674834151482045,56.81169095899946
K/01/110gsm/2450mm,VMI,1,106.41,92,75.22693892461207,68.09208679199219,83.78423082543533,73.87,80.302,90.81016666666666,105.08141666666666,91.3960387096774,93.326,84.81624738672532,80.10388437251345,81.75422417499075,78.6681790676295,75.70108551401319,75.22693892461207,75.70108551401319,75.7156827251652,86.01281570448697,83.28523578085805,84.86376021842892,85.51851086417406,83.6331856605315,81.75422417499075,82.98465668091673,82.98566330913782
K/01/160gsm/2100mm,VMI,1,96.028,98,97.62727719431544,84.43997192382812,94.57573564678464,100.82,106.78466666666668,99.19383333333332,92.98308333333334,99.8337935483871,100.005,92.646550667832,91.56153502905106,96.88131212922532,89.4557652074067,92.21432825497607,94.57573564678464,92.21432825497607,92.21630259736472,97.01655399152354,98.03757273127931,96.92392883535184,96.98204341831945,95.90834805232029,96.88131212922532,96.14534676469582,95.75067479539551
K/01/160gsm/2300mm,VMI,1,81.831,106,117.26272161703244,104.1432876586914,116.82573919042144,127.495,121.26066666666668,113.57683333333334,119.45358333333336,114.3095870967742,127.48,106.08020166685674,125.28257381586478,123.76207215240518,119.43142996762744,112.74391615538177,116.82573919042144,112.74391615538177,112.74932458679629,119.81319480328618,120.35712500000002,120.58331883877861,119.6966227609334,118.18182280761592,119.43142996762744,119.01835635260652,117.90158494685113
K/01/160gsm/2450mm,VMI,2,119.684,110,102.19971995867226,88.1167099326849,100.42496181992436,102.561,102.55866666666668,115.131,114.12545833333331,115.8737806451613,98.52,107.53178566145576,108.18198223449708,114.00243975642898,101.65547228520168,96.91379723709385,100.42496181992436,96.91379723709385,96.91787248502214,108.01415855827449,107.85688394797643,107.66220127539698,108.26335143887538,105.4525367149251,102.561,105.55390988487905,105.33191489612604
K/01/225gsm/2100mm,NO VMI,1,2.565,6,6.136585917135418,4.800724506378174,4.58948016244643,7.314999999999999,5.11,4.995333333333334,4.051833333333334,5.027561290322581,1.7000000000000002,4.665616674114924,5.061271865078929,4.353700265428385,6.583930637763151,5.175596861986674,4.800724506378174,5.175596861986674,5.174156161087455,4.886424739937464,5.011447311827958,4.868913904713025,5.001736306765374,4.953156768102667,4.995333333333334,4.9711415571375746,5.0462860224460515
K/01/225gsm/2300mm,NO VMI,2,28.95,40,17.24506284256047,14.190467678010465,15.206711393478566,9.375,25.058333333333337,27.26666666666667,18.45825,27.442580645161293,1.2,25.466932066101748,21.856126318722232,22.528384323249977,17.263346593633983,15.547413971349833,15.206711393478566,15.547413971349833,15.546106635302447,19.59156199468692,22.192255320986106,21.59252043917355,20.179851343962692,18.658297066224517,17.382,19.543589740974216,18.98258777986039
K/01/225gsm/2450mm,NO VMI,1,1.825,4,2.343298570092452,1.453110694885254,2.7123634053581025,0.0,4.145,2.7775,2.840583333333333,2.7954193548387094,1.524,2.594171289007247,3.231276364731231,2.4874804718574417,4.610898302255117,2.169590890111936,2.343298570092452,2.169590890111936,2.1704862820193713,2.7006329116023076,2.7864596774193546,2.787738468961327,2.7269182765318085,2.578084752796838,2.7123634053581025,2.589565865468724,2.5831477853164793
KW2/01/115gsm/2100mm,VMI,1,52.481,44,47.19394691552829,43.26507186889648,50.21259498488903,51.78,48.75333333333333,47.595,49.18175,47.90206451612903,68.867,44.45349504961293,49.58805627553532,51.62249633469232,48.55660621534725,46.890537923104596,47.19394691552829,46.890537923104596,46.89633161979489,50.829980172465014,48.96754166666666,49.26738444583953,50.258761458383184,49.92087811492031,48.75333333333333,48.95620539727273,49.3899792993082
KW2/01/115gsm/2300mm,VMI,1,95.596,82,81.23895408945747,78.39675903320312,85.02319834448853,89.065,86.59333333333332,89.34333333333332,86.33291666666668,89.91974193548387,71.385,83.4462322943429,88.98113742014283,92.05320164229056,84.38220099691313,81.55297048904971,81.23895408945747,81.55297048904971,81.5592828787422,86.15020976225067,87.78723537673807,87.44965362506487,86.69524604998234,85.08930839151199,86.33291666666668,86.04514516429758,85.36821964733986
KW2/01/115gsm/2450mm,VMI,1,97.369,92,99.47067687991864,97.25494384765624,104.58878202146948,114.165,99.14,114.59333333333336,113.30041666666664,115.33264516129032,90.67,107.02960764895428,110.05064730844212,126.45226548408937,108.11756708597171,100.43813424968145,99.47067687991864,100.43813424968145,100.44592848962496,109.88514826887479,111.67553198755438,111.20942867389469,110.54836536219592,107.7050681105994,108.11756708597171,107.8284478827507,107.9381051220132
KW2/01/160gsm/2100mm,NO VMI,1,7.75,6,7.723271563467202,7.636218070983887,9.110208821754648,8.375,5.891666666666667,9.5825,9.401666666666667,9.64432258064516,22.045,8.950007696457947,10.141774330242782,9.396545534653722,10.14176921420952,8.15656615206858,7.723271563467202,8.15656615206858,8.15844398469946,10.357025268954246,9.492083333333333,9.519468615438836,9.944729670549846,9.8492270112114,9.396545534653722,9.147254675317207,9.483190483302625
KW2/01/160gsm/2300mm,NO VMI,2,29.51,24,22.075636461136867,18.940830144099895,22.14235742089662,24.05,24.9,21.765,20.63791666666667,21.90541935483871,4.645,20.3284025581432,22.535702339431197,24.293271594663057,19.87025804992692,21.05294134204446,21.909966711029334,21.05294134204446,21.054460457499548,20.493097056366974,21.835209677419357,21.87040576087665,21.08303008966349,20.622291891523318,21.886184921591884,21.657669104229097,21.075648289029168
KW2/01/160gsm/2450mm,VMI,1,28.075000000000003,32,33.88182060165284,31.00693130493164,31.78508031738589,39.87,34.335,35.5625,33.07041666666667,35.79193548387097,39.005,33.21519944746002,32.89487089567796,31.876555734779075,32.8948660660974,32.22461074132345,31.78508031738589,32.22461074132346,32.22314400704467,34.85163442945521,33.77509972373001,34.14498708227927,34.72251224650737,34.2453981937325,33.21519944746002,33.72479609957833,34.076727311314336
TCH/40/160gsm/2100mm,NO VMI,1,21.98,16,17.34385850982127,16.038646697998047,19.41780633050076,18.12,14.978666666666667,18.521666666666665,21.495,18.64116129032258,32.106,17.299145235366055,16.963196610615555,17.12168033641716,17.694003375175903,17.600103846106695,17.34385850982127,17.600103846106695,17.603448124875026,19.29405201812306,17.90700168758795,17.899609483991394,18.815922216024102,18.903140901503896,17.694003375175903,17.902502039431774,18.502644048360317
TCH/40/160gsm/2300mm,NO VMI,1,18.977,18,14.649961682421353,12.88598346710205,15.139733526832895,9.44,14.375,18.084166666666665,20.875916666666665,18.200838709677416,22.92,16.890522395063385,14.985163565230836,13.936110252568742,14.963690894724875,14.225226225452099,14.649961682421353,14.225226225452099,14.226680377983662,16.467140915059858,15.93784298014711,16.24989703856053,16.15875582491171,15.949775986688836,14.985163565230836,15.69168752146513,15.659547585972614
TCH/40/160gsm/2450mm,NO VMI,1,18.725,20,16.731883405405387,13.801138877868652,16.988062289343883,10.878,18.676,18.885,19.471666666666668,19.006838709677417,17.36,17.63849677512218,18.47693554286533,18.47096031912052,18.476930308359897,15.840361524205974,16.731883405405387,15.840361524205974,15.842038595977776,17.734082832181198,18.476932925612616,18.43738715757799,17.707055619351046,17.297070222648454,18.47096031912052,17.967140960024132,17.225173886776926
THP/01/125gsm/2100mm,VMI,1,70.26,80,84.51267861961978,79.34080505371094,82.30156040882953,105.02,93.48,84.26333333333332,71.02766666666666,84.80696774193547,77.412,78.70153737151418,96.17317775015434,94.00176019600602,88.14636067683738,82.05168136072008,82.30156040882953,82.05168136072008,82.05111135968443,87.30328037364474,86.47666420938643,87.23332655327107,87.94532808629258,86.09137290912365,84.51267861961978,85.50611148908739,86.42238468535353
THP/01/125gsm/2300mm,VMI,1,31.334,38,32.72428644662541,30.33294105529785,35.2903459463391,43.42,39.01766666666667,31.75333333333334,27.594,31.9581935483871,35.212,29.657456584558105,32.20272456058605,25.404324606447226,29.2562980436032,32.78252448275412,32.72428644662541,32.78252448275412,32.787016654340285,32.54759973435817,31.855763440860223,31.67333434507796,32.546246565572694,32.60181313783415,31.9581935483871,32.04306439097002,32.60845656477019
THP/01/125gsm/2450mm,VMI,1,139.9,108,112.28557909803315,99.7845687866211,114.02727835853672,124.248,117.36,114.28933333333332,119.96750000000002,115.02668387096772,103.198,106.74567314963537,120.84961177379392,127.0159020143266,120.84960798781316,108.69914208106366,112.28557909803315,108.69914208106366,108.70715566897775,116.95503121298702,118.66375000000001,118.05712282765137,117.51073355236784,115.049826028697,115.02668387096772,115.71125195245703,115.23607154653469
TSL/01/80gsm/2100mm,VMI,1,80.28,84,75.3981948120967,67.64412689208984,76.77987924631782,78.661,82.084,79.73933333333333,76.40650000000001,80.25378064516129,95.914,74.47614370401867,77.199613050095,75.60639803419281,77.95122058526073,73.27406698350146,75.3981948120967,73.27406698350146,73.2794369939557,79.82919893520618,78.30611029263036,78.36857460230839,79.28896551949268,78.31647617712048,77.199613050095,77.55510218960642,77.73622794039996
TSL/01/80gsm/2300mm,VMI,1,73.104,76,77.49803802704835,69.9170913696289,82.88421612368062,83.688,78.56866666666667,76.75333333333333,87.01433333333334,77.24851612903225,89.894,71.68723444426146,78.51965252266544,79.24376035555467,83.14801026526361,76.76644850678595,77.49803802704835,76.76644850678595,76.77704664605045,80.57655070501106,78.90621351111068,80.06943432319711,80.22893389038478,79.6972963515745,78.56866666666667,79.72802149147167,79.33703779233109
TSL/01/80gsm/2450mm,VMI,1,141.85,138,138.98011493574384,129.52296447753906,146.731666445499,146.188,146.72799999999998,146.49433333333334,163.62449999999998,147.43945806451612,120.482,136.82498417122977,150.4664982935601,152.8783607227976,145.7079457547883,138.4115819529273,138.98011493574384,138.4115819529273,138.42617119046852,145.68340803402253,146.61116666666666,147.1707059076996,146.48915610272678,144.00529432300056,146.49433333333334,145.06233344429674,144.4058479663697
TSL/01/100gsm/2100mm,VMI,1,98.138,102,106.67209066086716,99.3232879638672,102.54272906416824,126.522,115.00933333333334,105.85166666666667,98.06683333333332,106.53458064516128,116.194,98.86493413509707,111.14990911884172,112.1833499983846,107.18874694439454,102.84603589630088,102.54272906416824,102.84603589630088,102.84391718102158,109.75653541752126,109.16932803161814,109.65293111779702,109.76819379344867,108.16180475877809,106.67209066086716,107.38396604396497,107.97910427362021
TSL/01/100gsm/2300mm,VMI,2,71.76,82,83.34341542123639,77.42715376149863,83.49592363098381,97.147,92.46,79.645,76.11566666666668,80.15883870967741,69.318,74.38803683635722,72.92000816330227,75.93301298745135,73.00033889012617,81.42216427123961,83.1830080912329,81.42216427123961,81.42506650520735,79.1085902253581,76.02433982705901,76.5267537814301,79.55986590455115,79.64249192825383,77.41301727294922,78.1375116264032,80.04179506968919
TSL/01/100gsm/2450mm,VMI,2,136.18,126,123.61102061057221,112.72269361745565,131.31050552353517,125.664,130.43633333333332,142.23749999999998,157.2264166666667,143.15516129032258,112.6,132.84912285154573,160.29072221547798,161.9588186995591,160.3764768773948,122.54807325052101,123.45061328056873,122.54807325052101,122.56324665732448,142.67945519343002,142.69633064516128,144.3658677437916,143.61322225256245,138.03375166814328,132.84912285154573,138.5117178720487,138.17434497511573
TSL/01/150gsm/2100mm,NO VMI,2,11.819,12,9.66152141132308,8.316899679601192,9.809184917632786,10.79,7.768333333333333,8.901666666666667,9.94191666666667,8.959096774193549,20.611,8.314112724025025,9.865900180605644,9.77378080676304,11.556841151235732,9.262535336185687,9.50488391564372,9.262535336185687,9.263344704312509,10.648264830348966,9.819840493684342,9.744350340743049,10.306740918321832,10.328481100926671,9.77378080676304,9.574107160277729,10.037148968721993
TSL/01/150gsm/2300mm,NO VMI,2,16.093,14,17.764866816176703,14.121789135038851,17.569859963166074,16.386,15.345333333333334,16.231666666666666,16.92866666666667,16.336387096774192,23.938,15.160296539838932,16.190459435385552,15.199671839222734,18.51089873268324,16.485505304793875,17.569859963166074,16.485505304793875,16.48690952277534,17.022738031057134,16.1851318138319,16.222910705203056,16.767948975650487,16.8987612480733,16.179809139784947,16.435257237960144,16.695334207647882
TSL/01/150gsm/2450mm,VMI,2,27.656,28,27.12321094875387,24.658340036869046,26.95961954156672,31.686,30.42,32.400166666666664,28.580416666666665,32.6092,21.748,30.26159572483035,30.531249204512243,31.41489956832711,28.974503647740207,26.247056842396546,26.95961954156672,26.247056842396546,26.247964974791106,29.862603147874324,30.55816380469902,30.57555524645721,30.153411569720433,29.02824630814868,30.134883420014127,29.557574075079554,29.14432513884362
TW2000/51/115gsm/2100mm,NO VMI,1,4.068,4,5.426392382855432,3.65025782585144,4.909197452284778,5.667999999999999,3.473333333333333,3.473333333333333,3.473333333333333,3.429367088607594,3.473333333333333,3.2440761873934005,3.473333333333333,3.473333333333333,3.473333333333333,4.661949220330549,4.909197452284778,4.661949220330549,4.6620743918462235,3.6654776609334325,3.473333333333333,3.473333333333333,3.68169482758308,3.895432636178922,3.473333333333333,3.6525320679410616,3.935004581374444
TW2000/51/115gsm/2300mm,NO VMI,1,7.184,6,5.12612857880435,4.363963603973389,5.782861340577191,2.936,5.199333333333334,6.0072,6.0072,5.961343511450382,6.0072,5.610695145751335,6.0072,6.0072,6.0072,5.0909845077849765,5.12612857880435,5.0909845077849765,5.092202716627796,5.5750571990535045,6.0072,5.93347310953362,5.545243967820018,5.4633481164530755,5.961343511450382,5.745462434435176,5.42818750114113
TW2000/51/115gsm/2450mm,NO VMI,1,5.03,6,3.184335364443943,1.2834285497665403,1.9353712811895007,1.7,4.222666666666666,2.111333333333333,1.5618000000000003,2.124954838709677,2.111333333333333,1.971974910839712,2.111333333333333,2.111333333333333,2.111333333333333,2.1343783984666613,1.9353712811895007,2.1343783984666613,2.1335907039137205,2.213806308288272,2.111333333333333,2.088106929584396,2.2267151946374133,2.1954767906371315,2.111333333333333,2.03210752193395,2.2026537569279334
