sku,series,real,planner,lgbm,xgb,rf,naive,mean3,mean6,mean12,perday6,seasonal_naive,mean6_x_planta,ses,damped_holt,arima,ml_mean,ml_median,ml_trimmed,ml_weighted,econ_mean,econ_median,econ_trimmed,econ_weighted,ml_econ_mean,ml_econ_median,ml_econ_trimmed,ml_econ_weighted
K/01/1/110gsm/2100mm,1,39.955,68,52.71441319460926,53.62010192871094,49.47387046304748,56.075,47.60833333333333,50.905,49.26041666666666,50.58076433121019,42.405,50.56201367323406,50.187701858573824,52.38118963146672,49.09358855038199,51.936128528789226,52.71441319460926,51.936128528789226,51.942205183387614,49.90590080448668,50.37485776590394,50.098247513344454,50.17383611724536,50.374414894710334,50.56201367323406,50.5732175965767,50.635294818392346
K/01/1/110gsm/2300mm,1,39.705,70,54.66527720623296,52.76869201660156,55.50646753849147,43.225,53.855,53.30333333333334,60.27041666666667,52.96382165605097,88.75,52.94418758135651,48.329820281605016,48.72156919479493,49.06780210003173,54.313478920442,54.66527720623296,54.313478920442,54.30935313354907,55.14309508138392,52.954004618703735,51.80928564426125,53.97233275415477,54.95164519808963,52.96382165605097,52.644016736321504,54.06027875451918
K/01/1/110gsm/2450mm,1,111.76,100,96.86718943616886,104.443359375,97.89168789122088,106.41,91.62,90.07933333333334,106.17175,89.5055796178344,113.71,89.47239924714289,95.29683373198148,96.17458312464696,93.91224373240983,99.73407890079659,97.89168789122088,99.73407890079659,99.7442173016249,97.23527227873488,94.60453873219566,95.54245732039527,96.71353517092619,97.81191996074914,96.17458312464696,96.93966451386238,97.50439646023418
K/01/1/160gsm/2100mm,1,87.37,126,102.09650711440555,101.20738983154295,100.46986119577332,96.028,97.90733333333333,103.6445,92.65166666666666,102.9843439490446,105.535,102.94616690218068,92.42986111964576,97.15660720651957,88.35937205076394,101.25791938057394,101.20738983154295,101.25791938057394,101.25890862311078,97.96428512281545,97.53197026992645,98.27901967629079,97.73188377445024,98.72435456691356,100.46986119577332,99.27198624438519,98.6522664800393
K/01/1/160gsm/2300mm,1,94.495,120,100.13090416995328,94.31429290771484,111.1289464741044,81.831,113.95266666666669,112.10266666666666,115.64949999999996,111.38863694267516,150.82,111.34734436314704,101.97728693384305,117.20162655820576,90.68760584820436,101.85804785059084,100.13090416995328,101.85804785059084,101.83321743629973,110.69583339794087,111.74565180467091,111.06968359549977,109.3536077930171,108.65634442547548,111.34734436314704,107.99913834719679,107.39115005013217
K/01/1/160gsm/2450mm,2,125.174,110,116.9561759316235,119.57625794410704,109.93767391052876,119.684,111.71033333333332,114.0575,115.55711111111111,113.33101910828027,106.063,113.28900647352704,112.89596535371038,114.2629221655596,109.8241771515038,115.49003592875312,117.17886356352906,115.49003592875312,115.50420701507242,113.06750346970254,113.09500323676352,113.0308040448085,113.30895505119983,113.62654942179113,113.28900647352704,113.30442703349877,113.88180951881897
KW2/01/1/115gsm/2100mm,1,56.38,60,51.431869763858735,51.04531478881836,49.043659484638425,52.481,48.992,48.5335,47.81625,48.2243694267516,64.0,48.20649230154023,51.56721481430126,51.744899011749176,48.76315295837603,50.50694801243851,51.04531478881836,50.50694801243851,50.50980970402484,51.03288785127183,48.877576479188015,49.63752270186301,50.6718023599439,50.911517119233366,49.043659484638425,49.92733113872151,50.629530120496256
KW2/01/1/115gsm/2300mm,1,78.785,90,93.72799126615182,97.00836181640624,91.71944740865892,95.596,90.249,91.891,88.3505,91.30570700636942,89.92,91.27185931533543,95.4511369297342,92.5675173208967,89.49229822173861,94.15193349707232,93.72799126615182,94.15193349707232,94.1598703377939,91.60950187940742,91.28878316085243,91.20084727376691,91.72861724586696,92.19621686809931,91.71944740865892,92.01151769412736,92.36305658064208
KW2/01/1/115gsm/2450mm,1,94.325,100,105.80551127048086,106.029541015625,109.15634312460404,97.369,97.538,112.779,113.85866666666664,112.06066242038216,105.25,112.01912071611166,99.2694297530698,124.28219936726582,95.09716695081272,106.99713180356996,106.029541015625,106.99713180356996,106.99262838000826,106.95232458743085,108.63456035805584,106.48603548159394,106.94151211809165,106.9626647142322,106.029541015625,106.65640092225262,106.95485098738266
KW2/01/1/160gsm/2450mm,1,33.795,35,32.38263675732048,33.13960647583008,33.23803403423428,28.075000000000003,32.888333333333335,33.63583333333333,32.15958333333334,33.421592356687896,26.43,33.40920272882078,32.74424956049482,31.61923680112471,33.9374055743818,32.920092422461614,33.13960647583008,32.920092422461614,32.92001611715207,31.832043702151005,32.81629144691408,32.70703301896581,31.975474759421978,32.083131868376526,32.888333333333335,32.77805282013108,32.221954318730596
HP2/01/1/105gsm/2090mm,1,55.503,92,76.87597506227905,76.30963897705078,70.33812281703459,71.138,82.883,83.4905,69.82558333333333,82.95871337579617,53.491,82.92795997613491,79.48940897896682,79.49402123329058,79.11873446537665,74.50791228545481,76.30963897705078,74.50791228545481,74.51650076314816,76.48169213628985,79.49171510612871,79.17518744229483,77.23228292584027,76.02620447840484,79.11873446537665,77.6194290566815,76.52359528060342
HP2/01/1/105gsm/2290mm,1,107.833,100,111.58575452155831,111.13385009765624,110.62672403504062,111.015,114.69,100.85216666666668,101.211,100.20979617834396,132.986,100.17264767655988,108.23079068264964,95.40972744149484,116.84792964067556,111.11544288475172,111.13385009765624,111.11544288475172,111.11613700770651,108.16250582863907,104.72089534132482,106.03479225461005,107.40781886514802,108.84395284158813,110.62672403504062,107.72834246465726,108.37551034215286
HP2/01/1/105gsm/2440mm,1,287.248,240,242.5607904325508,251.37301635742188,246.9917911788012,263.336,235.5956666666667,226.21283333333332,232.7181666666667,224.7719872611465,253.363,224.68866264730417,231.90730743853388,230.56139090947948,225.83651921440972,246.97519932292462,246.9917911788012,246.97519932292462,246.98230602139773,234.89915341375408,231.2343491740067,230.4719807048483,234.4989022565043,237.68593323894723,232.7181666666667,235.9730535775404,237.7564661878888
HP2/01/1/155gsm/2090mm,1,101.756,140,126.75497779968453,126.81478881835938,123.70506744180526,137.042,119.91733333333332,124.36733333333336,112.33991666666664,123.5751847133758,150.924,123.5293744917721,137.04199971053004,136.9575731238803,118.23257689068082,125.75827801994971,126.75497779968453,125.75827801994971,125.76278151091489,128.39272922635723,123.97125902335458,127.5647997843708,127.9362068733574,127.78477894795552,124.36733333333336,126.96262586289711,127.36904809185906
HP2/01/1/155gsm/2290mm,1,140.899,166,175.31037699099335,175.99119567871094,188.06649011167573,151.694,180.6726666666667,178.06050000000002,181.0676666666667,176.9263566878981,208.918,176.86076879801382,180.97877196701765,190.01738842667405,180.97875697392328,179.78935426046,175.99119567871094,179.78935426046,179.77194654547156,180.617487618686,180.825711820295,179.78078649369544,179.65953702093796,180.42637992063388,180.6726666666667,179.9559081722859,179.68887046392842
HP2/01/1/155gsm/2440mm,1,168.167,172,169.03289782814474,168.9097442626953,160.68459869631334,167.12,157.46333333333334,167.74183333333332,170.5291666666667,166.67341401273885,183.246,166.6116269634289,162.8485317589805,164.18646173018774,160.4397051765523,166.20908026238448,168.9097442626953,166.20908026238445,166.22096734046255,166.68600729752217,166.64252048808387,165.86364463311156,166.1028967592614,166.5759472124904,166.67341401273885,165.9787898428692,166.13370746393156
TSL/01/1/150gsm/2450mm,1,25.069000000000003,28,29.330693370120084,29.64828491210937,29.23461723949568,27.656,29.109333333333336,28.876,28.907666666666668,28.69207643312102,25.582,28.68144007127604,29.2484264826398,31.090499821227336,27.60429040514952,29.404531840575046,29.330693370120084,29.404531840575046,29.40515793956756,28.544773321341374,28.78403821656051,28.653752750732846,28.651014248382005,28.743179133472218,28.907666666666668,28.8595837329614,28.847809235851372
HP1/01/1/190gsm/2090mm,1,15.168,28,24.772446862899624,24.61728858947754,25.10367069362254,21.912,26.024,28.604,25.232999999999997,28.421808917197453,26.97,28.411272745490365,23.8503755533556,25.632151194949262,25.57617566473196,24.8311353819999,24.772446862899624,24.8311353819999,24.83041827818311,26.063478407572468,25.82807559747463,26.307766600861935,25.999272411565684,25.779091555517258,25.57617566473196,25.81555619457459,25.69425807912338
HP1/01/1/190gsm/2290mm,1,39.792,50,48.87505781729412,45.71908187866211,49.48899085228667,36.656,45.168,51.3025,55.25341666666666,50.97573248407643,49.646,50.95683540852746,49.26172151520824,50.30333675634337,49.311185904883466,48.02771018274763,48.87505781729412,48.02771018274763,48.02198146967902,48.88347287357057,49.974668378171685,50.075802011506504,48.752216231552666,48.685989175688356,49.48899085228667,49.39310473525355,48.561660316954075
HP1/01/1/190gsm/2440mm,1,100.014,90,78.80404244450615,82.42356872558594,79.45724261786954,83.33,73.948,84.2765,86.41791666666667,83.73970700636943,79.298,83.70866408667735,81.22959294630435,84.84252812126256,89.35433875241881,80.2282845959872,79.45724261786954,80.2282845959872,80.23289137228042,83.01452475796992,83.72418554652339,83.52116536010227,83.0453882969937,82.37154625905085,83.33,82.47842261156325,82.31146278183562
HP2/01/1/125gsm/2090mm,1,102.879,146,122.11521781662064,122.41832733154295,119.9367839630819,118.203,126.982,127.93966666666664,117.54358333333334,127.12476433121016,126.448,127.07763825457238,127.33819957864276,127.31033427109988,128.07268302714738,121.4901097037485,122.11521781662064,121.4901097037485,121.49372575970563,125.40398694626724,127.10120129289126,127.0468227392542,125.39293206473876,124.50078450568601,126.982,125.19458506075229,124.37542802020694
HP2/01/1/125gsm/2440mm,1,210.893,180,204.16067218377407,209.201904296875,216.9122936252408,204.78,180.534,197.912,224.64983333333336,196.65141401273883,233.896,196.5785139003457,196.39837184235995,202.4967399673137,222.31571490831325,210.09162336862997,209.201904296875,210.09162336862997,210.08091016895415,205.6212587964405,200.20436998365685,203.45573046478526,204.42672710731222,206.65288139002266,204.16067218377407,205.66769476606683,205.90219510866365
HP2/01/1/125gsm/2290mm,1,204.964,186,183.37861117261548,185.12489318847656,184.20703521746856,167.764,195.843,192.8475,182.76941666666664,191.61917197452232,206.094,191.5481373509283,185.92580090735407,174.8820132560331,190.28595281428252,184.2368465261869,184.20703521746856,184.2368465261869,184.23832664897375,187.95789929697872,190.9170450826054,189.16599661895899,187.27040548218727,187.09919481141137,185.92580090735407,187.52294658803496,186.4791797211518
THP/01/1/125gsm/2100mm,1,58.702,76,76.87597506227905,76.52845764160156,71.24490321431112,70.26,85.10466666666667,85.11633333333333,70.43166666666666,84.57419108280254,45.884,84.54283881378151,81.84228310122218,82.55017142169264,68.24092302769323,74.88311197273059,76.52845764160156,74.88311197273059,74.89072440041667,75.85470741138587,82.19622726145741,79.0335251810276,76.89039689962095,75.63049307938851,76.87597506227905,77.65005411159525,76.36857920224674
THP/01/1/125gsm/2300mm,1,53.998,40,33.25552027103414,33.39559555053711,31.251451263585885,31.334,42.056,32.87966666666667,27.27083333333333,32.670242038216564,23.282,32.65813094138844,32.03510715072232,25.82147907845832,37.04897822278734,32.63418902838571,33.25552027103414,32.63418902838571,32.63730279981372,31.705643743157303,32.34661904605538,31.474663355054556,31.98322185712839,31.91992342436385,32.65813094138844,31.861171912831608,32.1539053123163
THP/01/1/125gsm/2450mm,1,128.794,120,131.24361564100684,133.60789489746094,124.59402597148052,139.9,123.84066666666668,116.362,123.02600000000002,115.6208407643312,123.798,115.5779792760016,121.44493921666891,127.58153012098528,121.44493259615916,129.81517883664944,131.24361564100684,129.81517883664944,129.82842393312436,122.85968886408128,122.23546960833447,121.65275641324915,122.95153270678176,124.46480193467393,123.798,123.70396780144081,124.74606833511639
TSL/01/1/80gsm/2100mm,1,76.618,88,82.3849114490699,81.36717987060547,77.20451610919812,80.28,82.83133333333333,79.45366666666666,75.10366666666665,78.94759235668789,81.048,78.91832590882194,77.29587607980366,75.80683841171873,78.51261324330294,80.31886914295784,81.36717987060547,80.31886914295784,80.32480168169228,78.81979126670016,78.93295913275492,78.90134570921384,78.77146473105239,79.16573231506733,78.94759235668789,79.22530780389852,79.1768104619917
TSL/01/1/80gsm/2300mm,1,51.41,82,78.54895074455011,76.9446792602539,79.56676427702733,73.104,74.07333333333332,76.526,85.61516666666667,76.03857324840764,110.556,76.0103851951264,76.64828272638417,77.27634436356071,79.08233839820642,78.35346476061045,78.54895074455011,78.35346476061045,78.34953183676893,80.49304239316854,76.58714136319207,76.93032065528091,79.45445342648922,79.99929370873207,76.9446792602539,77.40470202372408,79.16612239230422
TSL/01/1/80gsm/2450mm,1,180.188,160,156.23400908744551,151.6312255859375,148.0292194635903,141.85,150.97799999999998,147.80866666666665,165.40516666666664,146.8672101910828,161.56,146.81276544587948,147.21607890465086,148.89025007147723,143.49144163759544,151.96481804565778,151.6312255859375,151.96481804565778,151.96962666180448,150.08795795840192,147.51237278565875,148.09549521329282,149.62131081642337,150.52107951699944,148.0292194635903,149.3852694907478,150.2341075457037
TSL/01/1/100gsm/2100mm,1,88.19,100,103.70460648427618,102.59896850585938,105.88770686264792,98.138,104.224,105.49,96.56216666666666,104.81808917197452,77.538,104.77923234239194,105.67124730598712,106.97090876489872,101.38436505792448,104.0637606175945,103.70460648427618,104.0637606175945,104.05890689033744,100.55760093098435,104.50161617119596,103.13894776204849,101.33823765694567,101.36671470481747,104.224,103.42316765204595,102.04820059100128
TSL/01/1/100gsm/2300mm,1,67.018,98,78.79698184901311,79.26294708251953,76.33871021116533,71.76,95.002,81.45533333333333,76.31916666666667,80.93650955414012,76.498,80.90650580017362,72.88371759531458,75.74339697282703,72.8837138303754,78.13287971423266,78.79698184901311,78.13287971423266,78.13715034949493,78.43883437528307,76.40858333333334,77.21454943152033,78.51204458402516,78.36822945350221,76.498,77.52065952575778,78.41421534133704
TSL/01/1/100gsm/2450mm,1,142.196,130,140.00410063552238,142.1163330078125,141.36269993783355,136.18,128.48033333333333,137.82483333333334,159.19141666666667,136.94696815286625,156.654,136.8962009136864,159.53721807662455,160.8443395458252,159.5372137595283,141.16104452705613,141.36269993783355,141.16104452705613,141.16231903736832,147.20925237818642,147.23941666666667,147.84177213768018,146.8452814356511,145.81351210484868,141.36269993783355,145.61486293413884,145.36230342094308
